--- rotated 2026年 7月 9日 星期四 23時48分23秒 CST ---

✅ Serenity 看板已启动
   手机访问: https://resend-zone-cross.ngrok-free.dev/monitor

✅ Serenity 看板已启动
   手机访问: https://resend-zone-cross.ngrok-free.dev/monitor

✅ Serenity 看板已启动
   手机访问: https://resend-zone-cross.ngrok-free.dev/monitor

✅ Serenity 看板已启动
   手机访问: https://resend-zone-cross.ngrok-free.dev/monitor

✅ Serenity 看板已启动
   手机访问: https://resend-zone-cross.ngrok-free.dev/monitor

✅ Serenity 看板已启动
   手机访问: https://resend-zone-cross.ngrok-free.dev/monitor

✅ Serenity 看板已启动
   手机访问: https://resend-zone-cross.ngrok-free.dev/monitor

✅ Serenity 看板已启动
   手机访问: https://resend-zone-cross.ngrok-free.dev/monitor

✅ Serenity 看板已启动
   手机访问: https://resend-zone-cross.ngrok-free.dev/monitor

✅ Serenity 看板已启动
   手机访问: https://resend-zone-cross.ngrok-free.dev/monitor

✅ Serenity 看板已启动
   手机访问: https://resend-zone-cross.ngrok-free.dev/monitor

✅ Serenity 看板已启动
   手机访问: https://resend-zone-cross.ngrok-free.dev/monitor

✅ Serenity 看板已启动
   手机访问: https://resend-zone-cross.ngrok-free.dev/monitor

✅ Serenity 看板已启动
   手机访问: https://resend-zone-cross.ngrok-free.dev/monitor

✅ Serenity 看板已启动
   手机访问: https://resend-zone-cross.ngrok-free.dev/monitor

✅ Serenity 看板已启动
   手机访问: https://resend-zone-cross.ngrok-free.dev/monitor

✅ Serenity 看板已启动
   手机访问: https://resend-zone-cross.ngrok-free.dev/monitor

✅ Serenity 看板已启动
   手机访问: https://resend-zone-cross.ngrok-free.dev/monitor

✅ Serenity 看板已启动
   手机访问: https://resend-zone-cross.ngrok-free.dev/monitor

✅ Serenity 看板已启动
   手机访问: https://resend-zone-cross.ngrok-free.dev/monitor

✅ Serenity 看板已启动
   手机访问: https://resend-zone-cross.ngrok-free.dev/monitor

✅ Serenity 看板已启动
   手机访问: https://resend-zone-cross.ngrok-free.dev/monitor

✅ Serenity 看板已启动
   手机访问: https://resend-zone-cross.ngrok-free.dev/monitor

✅ Serenity 看板已启动
   手机访问: https://resend-zone-cross.ngrok-free.dev/monitor

✅ Serenity 看板已启动
   手机访问: https://resend-zone-cross.ngrok-free.dev/monitor

✅ Serenity 看板已启动
   手机访问: https://resend-zone-cross.ngrok-free.dev/monitor

✅ Serenity 看板已启动
   手机访问: https://resend-zone-cross.ngrok-free.dev/monitor

✅ Serenity 看板已启动
   手机访问: https://resend-zone-cross.ngrok-free.dev/monitor

✅ Serenity 看板已启动
   手机访问: https://resend-zone-cross.ngrok-free.dev/monitor

✅ Serenity 看板已启动
   手机访问: https://resend-zone-cross.ngrok-free.dev/monitor

✅ Serenity 看板已启动
   手机访问: https://resend-zone-cross.ngrok-free.dev/monitor

✅ Serenity 看板已启动
   手机访问: https://resend-zone-cross.ngrok-free.dev/monitor

✅ Serenity 看板已启动
   手机访问: https://resend-zone-cross.ngrok-free.dev/monitor

✅ Serenity 看板已启动
   手机访问: https://resend-zone-cross.ngrok-free.dev/monitor

✅ Serenity 看板已启动
   手机访问: https://married-blah-preventing-berry.trycloudflare.com/monitor

✅ Serenity 看板已启动
   手机访问: https://married-blah-preventing-berry.trycloudflare.com/monitor

✅ Serenity 看板已启动
   手机访问: https://married-blah-preventing-berry.trycloudflare.com/monitor

✅ Serenity 看板已启动
   手机访问: https://married-blah-preventing-berry.trycloudflare.com/monitor

✅ Serenity 看板已启动
   手机访问: https://married-blah-preventing-berry.trycloudflare.com/monitor

✅ Serenity 看板已启动
   手机访问: https://married-blah-preventing-berry.trycloudflare.com/monitor

✅ Serenity 看板已启动
   手机访问: https://married-blah-preventing-berry.trycloudflare.com/monitor

✅ Serenity 看板已启动
   手机访问: https://resend-zone-cross.ngrok-free.dev/monitor

✅ Serenity 看板已启动
   手机访问: https://resend-zone-cross.ngrok-free.dev/monitor

✅ Serenity 看板已启动
   手机访问: https://resend-zone-cross.ngrok-free.dev/monitor

✅ Serenity 看板已启动
   手机访问: https://resend-zone-cross.ngrok-free.dev/monitor

✅ Serenity 看板已启动
   手机访问: https://resend-zone-cross.ngrok-free.dev/monitor

✅ Serenity 看板已启动
   手机访问: https://resend-zone-cross.ngrok-free.dev/monitor

✅ Serenity 看板已启动
   手机访问: https://resend-zone-cross.ngrok-free.dev/monitor

✅ Serenity 看板已启动
   手机访问: https://resend-zone-cross.ngrok-free.dev/monitor

✅ Serenity 看板已启动
   手机访问: https://resend-zone-cross.ngrok-free.dev/monitor

✅ Serenity 看板已启动
   手机访问: https://resend-zone-cross.ngrok-free.dev/monitor

✅ Serenity 看板已启动
   手机访问: https://resend-zone-cross.ngrok-free.dev/monitor

✅ Serenity 看板已启动
   手机访问: https://resend-zone-cross.ngrok-free.dev/monitor

✅ Serenity 看板已启动
   手机访问: https://resend-zone-cross.ngrok-free.dev/monitor

✅ Serenity 看板已启动
   手机访问: https://resend-zone-cross.ngrok-free.dev/monitor

✅ Serenity 看板已启动
   手机访问: https://resend-zone-cross.ngrok-free.dev/monitor

✅ Serenity 看板已启动
   手机访问: https://resend-zone-cross.ngrok-free.dev/monitor

✅ Serenity 看板已启动
   手机访问: https://resend-zone-cross.ngrok-free.dev/monitor

✅ Serenity 看板已启动
   手机访问: https://resend-zone-cross.ngrok-free.dev/monitor

✅ Serenity 看板已启动
   手机访问: https://resend-zone-cross.ngrok-free.dev/monitor

✅ Serenity 看板已启动
   手机访问: https://resend-zone-cross.ngrok-free.dev/monitor

✅ Serenity 看板已启动
   手机访问: https://resend-zone-cross.ngrok-free.dev/monitor

✅ Serenity 看板已启动
   手机访问: https://resend-zone-cross.ngrok-free.dev/monitor

✅ Serenity 看板已启动
   手机访问: https://resend-zone-cross.ngrok-free.dev/monitor

✅ Serenity 看板已启动
   手机访问: https://resend-zone-cross.ngrok-free.dev/monitor

✅ Serenity 看板已启动
   手机访问: https://resend-zone-cross.ngrok-free.dev/monitor

✅ Serenity 看板已启动
   手机访问: https://resend-zone-cross.ngrok-free.dev/monitor

✅ Serenity 看板已启动
   手机访问: https://resend-zone-cross.ngrok-free.dev/monitor

✅ Serenity 看板已启动
   手机访问: https://resend-zone-cross.ngrok-free.dev/monitor

✅ Serenity 看板已启动
   手机访问: https://resend-zone-cross.ngrok-free.dev/monitor

✅ Serenity 看板已启动
   手机访问: https://resend-zone-cross.ngrok-free.dev/monitor

✅ Serenity 看板已启动
   手机访问: https://resend-zone-cross.ngrok-free.dev/monitor

✅ Serenity 看板已启动
   手机访问: https://resend-zone-cross.ngrok-free.dev/monitor

✅ Serenity 看板已启动
   手机访问: https://resend-zone-cross.ngrok-free.dev/monitor

✅ Serenity 看板已启动
   手机访问: https://resend-zone-cross.ngrok-free.dev/monitor

✅ Serenity 看板已启动
   手机访问: https://resend-zone-cross.ngrok-free.dev/monitor

✅ Serenity 看板已启动
   手机访问: https://resend-zone-cross.ngrok-free.dev/monitor

✅ Serenity 看板已启动
   手机访问: https://resend-zone-cross.ngrok-free.dev/monitor

✅ Serenity 看板已启动
   手机访问: https://resend-zone-cross.ngrok-free.dev/monitor

✅ Serenity 看板已启动
   手机访问: https://resend-zone-cross.ngrok-free.dev/monitor

✅ Serenity 看板已启动
   手机访问: https://resend-zone-cross.ngrok-free.dev/monitor

✅ Serenity 看板已启动
   手机访问: https://resend-zone-cross.ngrok-free.dev/monitor

✅ Serenity 看板已启动
   手机访问: https://resend-zone-cross.ngrok-free.dev/monitor

✅ Serenity 看板已启动
   手机访问: https://resend-zone-cross.ngrok-free.dev/monitor

✅ Serenity 看板已启动
   手机访问: https://resend-zone-cross.ngrok-free.dev/monitor

✅ Serenity 看板已启动
   手机访问: https://resend-zone-cross.ngrok-free.dev/monitor

✅ Serenity 看板已启动
   手机访问: https://resend-zone-cross.ngrok-free.dev/monitor

✅ Serenity 看板已启动
   手机访问: https://resend-zone-cross.ngrok-free.dev/monitor

✅ Serenity 看板已启动
   手机访问: https://resend-zone-cross.ngrok-free.dev/monitor

✅ Serenity 看板已启动
   手机访问: https://resend-zone-cross.ngrok-free.dev/monitor

✅ Serenity 看板已启动
   手机访问: https://resend-zone-cross.ngrok-free.dev/monitor

✅ Serenity 看板已启动
   手机访问: https://resend-zone-cross.ngrok-free.dev/monitor

✅ Serenity 看板已启动
   手机访问: https://resend-zone-cross.ngrok-free.dev/monitor

✅ Serenity 看板已启动
   手机访问: https://resend-zone-cross.ngrok-free.dev/monitor

✅ Serenity 看板已启动
   手机访问: https://resend-zone-cross.ngrok-free.dev/monitor

✅ Serenity 看板已启动
   手机访问: https://resend-zone-cross.ngrok-free.dev/monitor

✅ Serenity 看板已启动
   手机访问: https://resend-zone-cross.ngrok-free.dev/monitor

✅ Serenity 看板已启动
   手机访问: https://resend-zone-cross.ngrok-free.dev/monitor

✅ Serenity 看板已启动
   手机访问: https://resend-zone-cross.ngrok-free.dev/monitor

✅ Serenity 看板已启动
   手机访问: https://resend-zone-cross.ngrok-free.dev/monitor

✅ Serenity 看板已启动
   手机访问: https://resend-zone-cross.ngrok-free.dev/monitor

✅ Serenity 看板已启动
   手机访问: https://resend-zone-cross.ngrok-free.dev/monitor

✅ Serenity 看板已启动
   手机访问: https://resend-zone-cross.ngrok-free.dev/monitor

✅ Serenity 看板已启动
   手机访问: https://resend-zone-cross.ngrok-free.dev/monitor

✅ Serenity 看板已启动
   手机访问: https://resend-zone-cross.ngrok-free.dev/monitor

✅ Serenity 看板已启动
   手机访问: https://resend-zone-cross.ngrok-free.dev/monitor

✅ Serenity 看板已启动
   手机访问: https://resend-zone-cross.ngrok-free.dev/monitor

✅ Serenity 看板已启动
   手机访问: https://resend-zone-cross.ngrok-free.dev/monitor

✅ Serenity 看板已启动
   手机访问: https://resend-zone-cross.ngrok-free.dev/monitor

✅ Serenity 看板已启动
   手机访问: https://resend-zone-cross.ngrok-free.dev/monitor

✅ Serenity 看板已启动
   手机访问: https://resend-zone-cross.ngrok-free.dev/monitor

✅ Serenity 看板已启动
   手机访问: https://resend-zone-cross.ngrok-free.dev/monitor

✅ Serenity 看板已启动
   手机访问: https://resend-zone-cross.ngrok-free.dev/monitor

✅ Serenity 看板已启动
   手机访问: https://resend-zone-cross.ngrok-free.dev/monitor

✅ Serenity 看板已启动
   手机访问: https://resend-zone-cross.ngrok-free.dev/monitor

✅ Serenity 看板已启动
   手机访问: https://resend-zone-cross.ngrok-free.dev/monitor

✅ Serenity 看板已启动
   手机访问: https://resend-zone-cross.ngrok-free.dev/monitor

✅ Serenity 看板已启动
   手机访问: https://resend-zone-cross.ngrok-free.dev/monitor

✅ Serenity 看板已启动
   手机访问: https://resend-zone-cross.ngrok-free.dev/monitor

✅ Serenity 看板已启动
   手机访问: https://resend-zone-cross.ngrok-free.dev/monitor

✅ Serenity 看板已启动
   手机访问: https://resend-zone-cross.ngrok-free.dev/monitor

✅ Serenity 看板已启动
   手机访问: https://resend-zone-cross.ngrok-free.dev/monitor

✅ Serenity 看板已启动
   手机访问: https://resend-zone-cross.ngrok-free.dev/monitor

✅ Serenity 看板已启动
   手机访问: https://resend-zone-cross.ngrok-free.dev/monitor

✅ Serenity 看板已启动
   手机访问: https://resend-zone-cross.ngrok-free.dev/monitor

✅ Serenity 看板已启动
   手机访问: https://resend-zone-cross.ngrok-free.dev/monitor

✅ Serenity 看板已启动
   手机访问: https://resend-zone-cross.ngrok-free.dev/monitor

✅ Serenity 看板已启动
   手机访问: https://resend-zone-cross.ngrok-free.dev/monitor

✅ Serenity 看板已启动
   手机访问: https://resend-zone-cross.ngrok-free.dev/monitor

✅ Serenity 看板已启动
   手机访问: https://resend-zone-cross.ngrok-free.dev/monitor

✅ Serenity 看板已启动
   手机访问: https://resend-zone-cross.ngrok-free.dev/monitor

✅ Serenity 看板已启动
   手机访问: https://resend-zone-cross.ngrok-free.dev/monitor

✅ Serenity 看板已启动
   手机访问: https://resend-zone-cross.ngrok-free.dev/monitor

✅ Serenity 看板已启动
   手机访问: https://resend-zone-cross.ngrok-free.dev/monitor

✅ Serenity 看板已启动
   手机访问: https://resend-zone-cross.ngrok-free.dev/monitor

✅ Serenity 看板已启动
   手机访问: https://resend-zone-cross.ngrok-free.dev/monitor

✅ Serenity 看板已启动
   手机访问: https://resend-zone-cross.ngrok-free.dev/monitor

✅ Serenity 看板已启动
   手机访问: https://resend-zone-cross.ngrok-free.dev/monitor

✅ Serenity 看板已启动
   手机访问: https://resend-zone-cross.ngrok-free.dev/monitor

✅ Serenity 看板已启动
   手机访问: https://resend-zone-cross.ngrok-free.dev/monitor

✅ Serenity 看板已启动
   手机访问: https://resend-zone-cross.ngrok-free.dev/monitor

✅ Serenity 看板已启动
   手机访问: https://resend-zone-cross.ngrok-free.dev/monitor

✅ Serenity 看板已启动
   手机访问: https://resend-zone-cross.ngrok-free.dev/monitor

✅ Serenity 看板已启动
   手机访问: https://resend-zone-cross.ngrok-free.dev/monitor

✅ Serenity 看板已启动
   手机访问: https://resend-zone-cross.ngrok-free.dev/monitor

✅ Serenity 看板已启动
   手机访问: https://resend-zone-cross.ngrok-free.dev/monitor

✅ Serenity 看板已启动
   手机访问: https://resend-zone-cross.ngrok-free.dev/monitor

✅ Serenity 看板已启动
   手机访问: https://resend-zone-cross.ngrok-free.dev/monitor

✅ Serenity 看板已启动
   手机访问: https://resend-zone-cross.ngrok-free.dev/monitor

✅ Serenity 看板已启动
   手机访问: https://resend-zone-cross.ngrok-free.dev/monitor

✅ Serenity 看板已启动
   手机访问: https://resend-zone-cross.ngrok-free.dev/monitor

✅ Serenity 看板已启动
   手机访问: https://resend-zone-cross.ngrok-free.dev/monitor

✅ Serenity 看板已启动
   手机访问: https://resend-zone-cross.ngrok-free.dev/monitor

✅ Serenity 看板已启动
   手机访问: https://resend-zone-cross.ngrok-free.dev/monitor

✅ Serenity 看板已启动
   手机访问: https://resend-zone-cross.ngrok-free.dev/monitor

✅ Serenity 看板已启动
   手机访问: https://resend-zone-cross.ngrok-free.dev/monitor

✅ Serenity 看板已启动
   手机访问: https://resend-zone-cross.ngrok-free.dev/monitor

✅ Serenity 看板已启动
   手机访问: https://resend-zone-cross.ngrok-free.dev/monitor

✅ Serenity 看板已启动
   手机访问: https://resend-zone-cross.ngrok-free.dev/monitor

✅ Serenity 看板已启动
   手机访问: https://resend-zone-cross.ngrok-free.dev/monitor

✅ Serenity 看板已启动
   手机访问: https://resend-zone-cross.ngrok-free.dev/monitor

✅ Serenity 看板已启动
   手机访问: https://resend-zone-cross.ngrok-free.dev/monitor

✅ Serenity 看板已启动
   手机访问: https://resend-zone-cross.ngrok-free.dev/monitor

✅ Serenity 看板已启动
   手机访问: https://resend-zone-cross.ngrok-free.dev/monitor

✅ Serenity 看板已启动
   手机访问: https://resend-zone-cross.ngrok-free.dev/monitor

✅ Serenity 看板已启动
   手机访问: https://resend-zone-cross.ngrok-free.dev/monitor

✅ Serenity 看板已启动
   手机访问: https://resend-zone-cross.ngrok-free.dev/monitor

✅ Serenity 看板已启动
   手机访问: https://resend-zone-cross.ngrok-free.dev/monitor

✅ Serenity 看板已启动
   手机访问: https://resend-zone-cross.ngrok-free.dev/monitor

✅ Serenity 看板已启动
   手机访问: https://resend-zone-cross.ngrok-free.dev/monitor

✅ Serenity 看板已启动
   手机访问: https://resend-zone-cross.ngrok-free.dev/monitor

✅ Serenity 看板已启动
   手机访问: https://resend-zone-cross.ngrok-free.dev/monitor

✅ Serenity 看板已启动
   手机访问: https://resend-zone-cross.ngrok-free.dev/monitor

✅ Serenity 看板已启动
   手机访问: https://resend-zone-cross.ngrok-free.dev/monitor

✅ Serenity 看板已启动
   手机访问: https://resend-zone-cross.ngrok-free.dev/monitor

✅ Serenity 看板已启动
   手机访问: https://resend-zone-cross.ngrok-free.dev/monitor

✅ Serenity 看板已启动
   手机访问: https://resend-zone-cross.ngrok-free.dev/monitor

✅ Serenity 看板已启动
   手机访问: https://resend-zone-cross.ngrok-free.dev/monitor

✅ Serenity 看板已启动
   手机访问: https://resend-zone-cross.ngrok-free.dev/monitor

✅ Serenity 看板已启动
   手机访问: https://resend-zone-cross.ngrok-free.dev/monitor

✅ Serenity 看板已启动
   手机访问: https://resend-zone-cross.ngrok-free.dev/monitor

✅ Serenity 看板已启动
   手机访问: https://resend-zone-cross.ngrok-free.dev/monitor

✅ Serenity 看板已启动
   手机访问: https://resend-zone-cross.ngrok-free.dev/monitor

✅ Serenity 看板已启动
   手机访问: https://resend-zone-cross.ngrok-free.dev/monitor

✅ Serenity 看板已启动
   手机访问: https://resend-zone-cross.ngrok-free.dev/monitor

✅ Serenity 看板已启动
   手机访问: https://resend-zone-cross.ngrok-free.dev/monitor

✅ Serenity 看板已启动
   手机访问: https://resend-zone-cross.ngrok-free.dev/monitor

✅ Serenity 看板已启动
   手机访问: https://resend-zone-cross.ngrok-free.dev/monitor

✅ Serenity 看板已启动
   手机访问: https://resend-zone-cross.ngrok-free.dev/monitor

✅ Serenity 看板已启动
   手机访问: https://resend-zone-cross.ngrok-free.dev/monitor

✅ Serenity 看板已启动
   手机访问: https://resend-zone-cross.ngrok-free.dev/monitor

✅ Serenity 看板已启动
   手机访问: https://resend-zone-cross.ngrok-free.dev/monitor

✅ Serenity 看板已启动
   手机访问: https://resend-zone-cross.ngrok-free.dev/monitor

✅ Serenity 看板已启动
   手机访问: https://resend-zone-cross.ngrok-free.dev/monitor

✅ Serenity 看板已启动
   手机访问: https://resend-zone-cross.ngrok-free.dev/monitor

✅ Serenity 看板已启动
   手机访问: https://resend-zone-cross.ngrok-free.dev/monitor

✅ Serenity 看板已启动
   手机访问: https://resend-zone-cross.ngrok-free.dev/monitor

✅ Serenity 看板已启动
   手机访问: https://resend-zone-cross.ngrok-free.dev/monitor

✅ Serenity 看板已启动
   手机访问: https://resend-zone-cross.ngrok-free.dev/monitor

✅ Serenity 看板已启动
   手机访问: https://resend-zone-cross.ngrok-free.dev/monitor

✅ Serenity 看板已启动
   手机访问: https://resend-zone-cross.ngrok-free.dev/monitor

✅ Serenity 看板已启动
   手机访问: https://resend-zone-cross.ngrok-free.dev/monitor

✅ Serenity 看板已启动
   手机访问: https://resend-zone-cross.ngrok-free.dev/monitor

✅ Serenity 看板已启动
   手机访问: https://resend-zone-cross.ngrok-free.dev/monitor

✅ Serenity 看板已启动
   手机访问: https://resend-zone-cross.ngrok-free.dev/monitor

✅ Serenity 看板已启动
   手机访问: https://resend-zone-cross.ngrok-free.dev/monitor

✅ Serenity 看板已启动
   手机访问: https://resend-zone-cross.ngrok-free.dev/monitor

✅ Serenity 看板已启动
   手机访问: https://resend-zone-cross.ngrok-free.dev/monitor

✅ Serenity 看板已启动
   手机访问: https://resend-zone-cross.ngrok-free.dev/monitor

✅ Serenity 看板已启动
   手机访问: https://resend-zone-cross.ngrok-free.dev/monitor

✅ Serenity 看板已启动
   手机访问: https://resend-zone-cross.ngrok-free.dev/monitor

✅ Serenity 看板已启动
   手机访问: https://resend-zone-cross.ngrok-free.dev/monitor

✅ Serenity 看板已启动
   手机访问: https://resend-zone-cross.ngrok-free.dev/monitor

✅ Serenity 看板已启动
   手机访问: https://resend-zone-cross.ngrok-free.dev/monitor

✅ Serenity 看板已启动
   手机访问: https://resend-zone-cross.ngrok-free.dev/monitor

✅ Serenity 看板已启动
   手机访问: https://resend-zone-cross.ngrok-free.dev/monitor

✅ Serenity 看板已启动
   手机访问: https://resend-zone-cross.ngrok-free.dev/monitor

✅ Serenity 看板已启动
   手机访问: https://resend-zone-cross.ngrok-free.dev/monitor

✅ Serenity 看板已启动
   手机访问: https://resend-zone-cross.ngrok-free.dev/monitor

✅ Serenity 看板已启动
   手机访问: https://resend-zone-cross.ngrok-free.dev/monitor

✅ Serenity 看板已启动
   手机访问: https://resend-zone-cross.ngrok-free.dev/monitor

✅ Serenity 看板已启动
   手机访问: https://resend-zone-cross.ngrok-free.dev/monitor

✅ Serenity 看板已启动
   手机访问: https://resend-zone-cross.ngrok-free.dev/monitor

✅ Serenity 看板已启动
   手机访问: https://resend-zone-cross.ngrok-free.dev/monitor

✅ Serenity 看板已启动
   手机访问: https://resend-zone-cross.ngrok-free.dev/monitor

✅ Serenity 看板已启动
   手机访问: https://resend-zone-cross.ngrok-free.dev/monitor

✅ Serenity 看板已启动
   手机访问: https://resend-zone-cross.ngrok-free.dev/monitor

✅ Serenity 看板已启动
   手机访问: https://resend-zone-cross.ngrok-free.dev/monitor

✅ Serenity 看板已启动
   手机访问: https://resend-zone-cross.ngrok-free.dev/monitor

✅ Serenity 看板已启动
   手机访问: https://resend-zone-cross.ngrok-free.dev/monitor

✅ Serenity 看板已启动
   手机访问: https://resend-zone-cross.ngrok-free.dev/monitor

✅ Serenity 看板已启动
   手机访问: https://resend-zone-cross.ngrok-free.dev/monitor

✅ Serenity 看板已启动
   手机访问: https://resend-zone-cross.ngrok-free.dev/monitor

✅ Serenity 看板已启动
   手机访问: https://resend-zone-cross.ngrok-free.dev/monitor

✅ Serenity 看板已启动
   手机访问: https://resend-zone-cross.ngrok-free.dev/monitor

✅ Serenity 看板已启动
   手机访问: https://resend-zone-cross.ngrok-free.dev/monitor

✅ Serenity 看板已启动
   手机访问: https://resend-zone-cross.ngrok-free.dev/monitor

✅ Serenity 看板已启动
   手机访问: https://resend-zone-cross.ngrok-free.dev/monitor

✅ Serenity 看板已启动
   手机访问: https://resend-zone-cross.ngrok-free.dev/monitor

✅ Serenity 看板已启动
   手机访问: https://resend-zone-cross.ngrok-free.dev/monitor

✅ Serenity 看板已启动
   手机访问: https://resend-zone-cross.ngrok-free.dev/monitor

✅ Serenity 看板已启动
   手机访问: https://resend-zone-cross.ngrok-free.dev/monitor

✅ Serenity 看板已启动
   手机访问: https://resend-zone-cross.ngrok-free.dev/monitor

✅ Serenity 看板已启动
   手机访问: https://resend-zone-cross.ngrok-free.dev/monitor

✅ Serenity 看板已启动
   手机访问: https://resend-zone-cross.ngrok-free.dev/monitor

✅ Serenity 看板已启动
   手机访问: https://resend-zone-cross.ngrok-free.dev/monitor

✅ Serenity 看板已启动
   手机访问: https://resend-zone-cross.ngrok-free.dev/monitor

✅ Serenity 看板已启动
   手机访问: https://resend-zone-cross.ngrok-free.dev/monitor

✅ Serenity 看板已启动
   手机访问: https://resend-zone-cross.ngrok-free.dev/monitor

✅ Serenity 看板已启动
   手机访问: https://resend-zone-cross.ngrok-free.dev/monitor

✅ Serenity 看板已启动
   手机访问: https://resend-zone-cross.ngrok-free.dev/monitor

✅ Serenity 看板已启动
   手机访问: https://resend-zone-cross.ngrok-free.dev/monitor

✅ Serenity 看板已启动
   手机访问: https://resend-zone-cross.ngrok-free.dev/monitor

✅ Serenity 看板已启动
   手机访问: https://resend-zone-cross.ngrok-free.dev/monitor

✅ Serenity 看板已启动
   手机访问: https://resend-zone-cross.ngrok-free.dev/monitor

✅ Serenity 看板已启动
   手机访问: https://resend-zone-cross.ngrok-free.dev/monitor

✅ Serenity 看板已启动
   手机访问: https://resend-zone-cross.ngrok-free.dev/monitor

✅ Serenity 看板已启动
   手机访问: https://resend-zone-cross.ngrok-free.dev/monitor

✅ Serenity 看板已启动
   手机访问: https://resend-zone-cross.ngrok-free.dev/monitor

✅ Serenity 看板已启动
   手机访问: https://resend-zone-cross.ngrok-free.dev/monitor

✅ Serenity 看板已启动
   手机访问: https://resend-zone-cross.ngrok-free.dev/monitor

✅ Serenity 看板已启动
   手机访问: https://resend-zone-cross.ngrok-free.dev/monitor

✅ Serenity 看板已启动
   手机访问: https://resend-zone-cross.ngrok-free.dev/monitor

✅ Serenity 看板已启动
   手机访问: https://resend-zone-cross.ngrok-free.dev/monitor

✅ Serenity 看板已启动
   手机访问: https://resend-zone-cross.ngrok-free.dev/monitor

✅ Serenity 看板已启动
   手机访问: https://resend-zone-cross.ngrok-free.dev/monitor

✅ Serenity 看板已启动
   手机访问: https://resend-zone-cross.ngrok-free.dev/monitor

✅ Serenity 看板已启动
   手机访问: https://resend-zone-cross.ngrok-free.dev/monitor

✅ Serenity 看板已启动
   手机访问: https://resend-zone-cross.ngrok-free.dev/monitor

✅ Serenity 看板已启动
   手机访问: https://resend-zone-cross.ngrok-free.dev/monitor

✅ Serenity 看板已启动
   手机访问: https://resend-zone-cross.ngrok-free.dev/monitor

✅ Serenity 看板已启动
   手机访问: https://resend-zone-cross.ngrok-free.dev/monitor

✅ Serenity 看板已启动
   手机访问: https://resend-zone-cross.ngrok-free.dev/monitor

✅ Serenity 看板已启动
   手机访问: https://resend-zone-cross.ngrok-free.dev/monitor

✅ Serenity 看板已启动
   手机访问: https://resend-zone-cross.ngrok-free.dev/monitor

✅ Serenity 看板已启动
   手机访问: https://resend-zone-cross.ngrok-free.dev/monitor

✅ Serenity 看板已启动
   手机访问: https://resend-zone-cross.ngrok-free.dev/monitor

✅ Serenity 看板已启动
   手机访问: https://resend-zone-cross.ngrok-free.dev/monitor

✅ Serenity 看板已启动
   手机访问: https://resend-zone-cross.ngrok-free.dev/monitor

✅ Serenity 看板已启动
   手机访问: https://resend-zone-cross.ngrok-free.dev/monitor

✅ Serenity 看板已启动
   手机访问: https://resend-zone-cross.ngrok-free.dev/monitor

✅ Serenity 看板已启动
   手机访问: https://resend-zone-cross.ngrok-free.dev/monitor

✅ Serenity 看板已启动
   手机访问: https://resend-zone-cross.ngrok-free.dev/monitor

✅ Serenity 看板已启动
   手机访问: https://resend-zone-cross.ngrok-free.dev/monitor

✅ Serenity 看板已启动
   手机访问: https://resend-zone-cross.ngrok-free.dev/monitor

✅ Serenity 看板已启动
   手机访问: https://resend-zone-cross.ngrok-free.dev/monitor

✅ Serenity 看板已启动
   手机访问: https://resend-zone-cross.ngrok-free.dev/monitor

✅ Serenity 看板已启动
   手机访问: https://resend-zone-cross.ngrok-free.dev/monitor

✅ Serenity 看板已启动
   手机访问: https://resend-zone-cross.ngrok-free.dev/monitor

✅ Serenity 看板已启动
   手机访问: https://resend-zone-cross.ngrok-free.dev/monitor

✅ Serenity 看板已启动
   手机访问: https://resend-zone-cross.ngrok-free.dev/monitor

✅ Serenity 看板已启动
   手机访问: https://resend-zone-cross.ngrok-free.dev/monitor

✅ Serenity 看板已启动
   手机访问: https://resend-zone-cross.ngrok-free.dev/monitor

✅ Serenity 看板已启动
   手机访问: https://resend-zone-cross.ngrok-free.dev/monitor

✅ Serenity 看板已启动
   手机访问: https://resend-zone-cross.ngrok-free.dev/monitor

✅ Serenity 看板已启动
   手机访问: https://resend-zone-cross.ngrok-free.dev/monitor

✅ Serenity 看板已启动
   手机访问: https://resend-zone-cross.ngrok-free.dev/monitor

✅ Serenity 看板已启动
   手机访问: https://resend-zone-cross.ngrok-free.dev/monitor

✅ Serenity 看板已启动
   手机访问: https://resend-zone-cross.ngrok-free.dev/monitor

✅ Serenity 看板已启动
   手机访问: https://resend-zone-cross.ngrok-free.dev/monitor

✅ Serenity 看板已启动
   手机访问: https://resend-zone-cross.ngrok-free.dev/monitor

✅ Serenity 看板已启动
   手机访问: https://resend-zone-cross.ngrok-free.dev/monitor

✅ Serenity 看板已启动
   手机访问: https://resend-zone-cross.ngrok-free.dev/monitor

✅ Serenity 看板已启动
   手机访问: https://resend-zone-cross.ngrok-free.dev/monitor

✅ Serenity 看板已启动
   手机访问: https://resend-zone-cross.ngrok-free.dev/monitor

✅ Serenity 看板已启动
   手机访问: https://resend-zone-cross.ngrok-free.dev/monitor

✅ Serenity 看板已启动
   手机访问: https://resend-zone-cross.ngrok-free.dev/monitor

✅ Serenity 看板已启动
   手机访问: https://resend-zone-cross.ngrok-free.dev/monitor

✅ Serenity 看板已启动
   手机访问: https://resend-zone-cross.ngrok-free.dev/monitor

✅ Serenity 看板已启动
   手机访问: https://resend-zone-cross.ngrok-free.dev/monitor

✅ Serenity 看板已启动
   手机访问: https://resend-zone-cross.ngrok-free.dev/monitor

✅ Serenity 看板已启动
   手机访问: https://resend-zone-cross.ngrok-free.dev/monitor

✅ Serenity 看板已启动
   手机访问: https://resend-zone-cross.ngrok-free.dev/monitor

✅ Serenity 看板已启动
   手机访问: https://resend-zone-cross.ngrok-free.dev/monitor

✅ Serenity 看板已启动
   手机访问: https://resend-zone-cross.ngrok-free.dev/monitor

✅ Serenity 看板已启动
   手机访问: https://resend-zone-cross.ngrok-free.dev/monitor

✅ Serenity 看板已启动
   手机访问: https://resend-zone-cross.ngrok-free.dev/monitor

✅ Serenity 看板已启动
   手机访问: https://resend-zone-cross.ngrok-free.dev/monitor

✅ Serenity 看板已启动
   手机访问: https://resend-zone-cross.ngrok-free.dev/monitor

✅ Serenity 看板已启动
   手机访问: https://resend-zone-cross.ngrok-free.dev/monitor

✅ Serenity 看板已启动
   手机访问: https://resend-zone-cross.ngrok-free.dev/monitor

✅ Serenity 看板已启动
   手机访问: https://resend-zone-cross.ngrok-free.dev/monitor

✅ Serenity 看板已启动
   手机访问: https://resend-zone-cross.ngrok-free.dev/monitor

✅ Serenity 看板已启动
   手机访问: https://resend-zone-cross.ngrok-free.dev/monitor

✅ Serenity 看板已启动
   手机访问: https://resend-zone-cross.ngrok-free.dev/monitor

✅ Serenity 看板已启动
   手机访问: https://resend-zone-cross.ngrok-free.dev/monitor

✅ Serenity 看板已启动
   手机访问: https://resend-zone-cross.ngrok-free.dev/monitor

✅ Serenity 看板已启动
   手机访问: https://resend-zone-cross.ngrok-free.dev/monitor

✅ Serenity 看板已启动
   手机访问: https://resend-zone-cross.ngrok-free.dev/monitor

✅ Serenity 看板已启动
   手机访问: https://resend-zone-cross.ngrok-free.dev/monitor

✅ Serenity 看板已启动
   手机访问: https://resend-zone-cross.ngrok-free.dev/monitor

✅ Serenity 看板已启动
   手机访问: https://resend-zone-cross.ngrok-free.dev/monitor

✅ Serenity 看板已启动
   手机访问: https://resend-zone-cross.ngrok-free.dev/monitor

✅ Serenity 看板已启动
   手机访问: https://resend-zone-cross.ngrok-free.dev/monitor

✅ Serenity 看板已启动
   手机访问: https://resend-zone-cross.ngrok-free.dev/monitor

✅ Serenity 看板已启动
   手机访问: https://resend-zone-cross.ngrok-free.dev/monitor

✅ Serenity 看板已启动
   手机访问: https://resend-zone-cross.ngrok-free.dev/monitor

✅ Serenity 看板已启动
   手机访问: https://resend-zone-cross.ngrok-free.dev/monitor

✅ Serenity 看板已启动
   手机访问: https://resend-zone-cross.ngrok-free.dev/monitor

✅ Serenity 看板已启动
   手机访问: https://resend-zone-cross.ngrok-free.dev/monitor

✅ Serenity 看板已启动
   手机访问: https://resend-zone-cross.ngrok-free.dev/monitor

✅ Serenity 看板已启动
   手机访问: https://resend-zone-cross.ngrok-free.dev/monitor

✅ Serenity 看板已启动
   手机访问: https://resend-zone-cross.ngrok-free.dev/monitor

✅ Serenity 看板已启动
   手机访问: https://resend-zone-cross.ngrok-free.dev/monitor

✅ Serenity 看板已启动
   手机访问: https://resend-zone-cross.ngrok-free.dev/monitor

✅ Serenity 看板已启动
   手机访问: https://resend-zone-cross.ngrok-free.dev/monitor

✅ Serenity 看板已启动
   手机访问: https://resend-zone-cross.ngrok-free.dev/monitor

✅ Serenity 看板已启动
   手机访问: https://resend-zone-cross.ngrok-free.dev/monitor

✅ Serenity 看板已启动
   手机访问: https://resend-zone-cross.ngrok-free.dev/monitor

✅ Serenity 看板已启动
   手机访问: https://resend-zone-cross.ngrok-free.dev/monitor

✅ Serenity 看板已启动
   手机访问: https://resend-zone-cross.ngrok-free.dev/monitor

✅ Serenity 看板已启动
   手机访问: https://resend-zone-cross.ngrok-free.dev/monitor

✅ Serenity 看板已启动
   手机访问: https://resend-zone-cross.ngrok-free.dev/monitor

✅ Serenity 看板已启动
   手机访问: https://resend-zone-cross.ngrok-free.dev/monitor

✅ Serenity 看板已启动
   手机访问: https://resend-zone-cross.ngrok-free.dev/monitor

✅ Serenity 看板已启动
   手机访问: https://resend-zone-cross.ngrok-free.dev/monitor

✅ Serenity 看板已启动
   手机访问: https://resend-zone-cross.ngrok-free.dev/monitor

✅ Serenity 看板已启动
   手机访问: https://resend-zone-cross.ngrok-free.dev/monitor

✅ Serenity 看板已启动
   手机访问: https://resend-zone-cross.ngrok-free.dev/monitor

✅ Serenity 看板已启动
   手机访问: https://resend-zone-cross.ngrok-free.dev/monitor

✅ Serenity 看板已启动
   手机访问: https://resend-zone-cross.ngrok-free.dev/monitor

✅ Serenity 看板已启动
   手机访问: https://resend-zone-cross.ngrok-free.dev/monitor

✅ Serenity 看板已启动
   手机访问: https://resend-zone-cross.ngrok-free.dev/monitor

✅ Serenity 看板已启动
   手机访问: https://resend-zone-cross.ngrok-free.dev/monitor

✅ Serenity 看板已启动
   手机访问: https://resend-zone-cross.ngrok-free.dev/monitor

✅ Serenity 看板已启动
   手机访问: https://resend-zone-cross.ngrok-free.dev/monitor

✅ Serenity 看板已启动
   手机访问: https://resend-zone-cross.ngrok-free.dev/monitor

✅ Serenity 看板已启动
   手机访问: https://resend-zone-cross.ngrok-free.dev/monitor

✅ Serenity 看板已启动
   手机访问: https://resend-zone-cross.ngrok-free.dev/monitor

✅ Serenity 看板已启动
   手机访问: https://resend-zone-cross.ngrok-free.dev/monitor

✅ Serenity 看板已启动
   手机访问: https://resend-zone-cross.ngrok-free.dev/monitor

✅ Serenity 看板已启动
   手机访问: https://resend-zone-cross.ngrok-free.dev/monitor

✅ Serenity 看板已启动
   手机访问: https://resend-zone-cross.ngrok-free.dev/monitor

✅ Serenity 看板已启动
   手机访问: https://resend-zone-cross.ngrok-free.dev/monitor

✅ Serenity 看板已启动
   手机访问: https://resend-zone-cross.ngrok-free.dev/monitor

✅ Serenity 看板已启动
   手机访问: https://resend-zone-cross.ngrok-free.dev/monitor

✅ Serenity 看板已启动
   手机访问: https://resend-zone-cross.ngrok-free.dev/monitor

✅ Serenity 看板已启动
   手机访问: https://resend-zone-cross.ngrok-free.dev/monitor

✅ Serenity 看板已启动
   手机访问: https://resend-zone-cross.ngrok-free.dev/monitor

✅ Serenity 看板已启动
   手机访问: https://resend-zone-cross.ngrok-free.dev/monitor

✅ Serenity 看板已启动
   手机访问: https://resend-zone-cross.ngrok-free.dev/monitor

✅ Serenity 看板已启动
   手机访问: https://resend-zone-cross.ngrok-free.dev/monitor

✅ Serenity 看板已启动
   手机访问: https://resend-zone-cross.ngrok-free.dev/monitor

✅ Serenity 看板已启动
   手机访问: https://resend-zone-cross.ngrok-free.dev/monitor

✅ Serenity 看板已启动
   手机访问: https://resend-zone-cross.ngrok-free.dev/monitor

✅ Serenity 看板已启动
   手机访问: https://resend-zone-cross.ngrok-free.dev/monitor

✅ Serenity 看板已启动
   手机访问: https://resend-zone-cross.ngrok-free.dev/monitor

✅ Serenity 看板已启动
   手机访问: https://resend-zone-cross.ngrok-free.dev/monitor

✅ Serenity 看板已启动
   手机访问: https://resend-zone-cross.ngrok-free.dev/monitor

✅ Serenity 看板已启动
   手机访问: https://resend-zone-cross.ngrok-free.dev/monitor

✅ Serenity 看板已启动
   手机访问: https://resend-zone-cross.ngrok-free.dev/monitor

✅ Serenity 看板已启动
   手机访问: https://resend-zone-cross.ngrok-free.dev/monitor

✅ Serenity 看板已启动
   手机访问: https://resend-zone-cross.ngrok-free.dev/monitor

✅ Serenity 看板已启动
   手机访问: https://resend-zone-cross.ngrok-free.dev/monitor

✅ Serenity 看板已启动
   手机访问: https://resend-zone-cross.ngrok-free.dev/monitor

✅ Serenity 看板已启动
   手机访问: https://resend-zone-cross.ngrok-free.dev/monitor

✅ Serenity 看板已启动
   手机访问: https://resend-zone-cross.ngrok-free.dev/monitor

✅ Serenity 看板已启动
   手机访问: https://resend-zone-cross.ngrok-free.dev/monitor

✅ Serenity 看板已启动
   手机访问: https://resend-zone-cross.ngrok-free.dev/monitor

✅ Serenity 看板已启动
   手机访问: https://resend-zone-cross.ngrok-free.dev/monitor

✅ Serenity 看板已启动
   手机访问: https://resend-zone-cross.ngrok-free.dev/monitor

✅ Serenity 看板已启动
   手机访问: https://resend-zone-cross.ngrok-free.dev/monitor

✅ Serenity 看板已启动
   手机访问: https://resend-zone-cross.ngrok-free.dev/monitor

✅ Serenity 看板已启动
   手机访问: https://resend-zone-cross.ngrok-free.dev/monitor

✅ Serenity 看板已启动
   手机访问: https://resend-zone-cross.ngrok-free.dev/monitor

✅ Serenity 看板已启动
   手机访问: https://resend-zone-cross.ngrok-free.dev/monitor

✅ Serenity 看板已启动
   手机访问: https://resend-zone-cross.ngrok-free.dev/monitor

✅ Serenity 看板已启动
   手机访问: https://resend-zone-cross.ngrok-free.dev/monitor

✅ Serenity 看板已启动
   手机访问: https://resend-zone-cross.ngrok-free.dev/monitor

✅ Serenity 看板已启动
   手机访问: https://resend-zone-cross.ngrok-free.dev/monitor

✅ Serenity 看板已启动
   手机访问: https://resend-zone-cross.ngrok-free.dev/monitor

✅ Serenity 看板已启动
   手机访问: https://resend-zone-cross.ngrok-free.dev/monitor

✅ Serenity 看板已启动
   手机访问: https://resend-zone-cross.ngrok-free.dev/monitor

✅ Serenity 看板已启动
   手机访问: https://resend-zone-cross.ngrok-free.dev/monitor

✅ Serenity 看板已启动
   手机访问: https://resend-zone-cross.ngrok-free.dev/monitor

✅ Serenity 看板已启动
   手机访问: https://resend-zone-cross.ngrok-free.dev/monitor

✅ Serenity 看板已启动
   手机访问: https://resend-zone-cross.ngrok-free.dev/monitor

✅ Serenity 看板已启动
   手机访问: https://resend-zone-cross.ngrok-free.dev/monitor

✅ Serenity 看板已启动
   手机访问: https://resend-zone-cross.ngrok-free.dev/monitor

✅ Serenity 看板已启动
   手机访问: https://resend-zone-cross.ngrok-free.dev/monitor

✅ Serenity 看板已启动
   手机访问: https://resend-zone-cross.ngrok-free.dev/monitor

✅ Serenity 看板已启动
   手机访问: https://resend-zone-cross.ngrok-free.dev/monitor

✅ Serenity 看板已启动
   手机访问: https://resend-zone-cross.ngrok-free.dev/monitor

✅ Serenity 看板已启动
   手机访问: https://resend-zone-cross.ngrok-free.dev/monitor

✅ Serenity 看板已启动
   手机访问: https://resend-zone-cross.ngrok-free.dev/monitor

✅ Serenity 看板已启动
   手机访问: https://resend-zone-cross.ngrok-free.dev/monitor

✅ Serenity 看板已启动
   手机访问: https://resend-zone-cross.ngrok-free.dev/monitor

✅ Serenity 看板已启动
   手机访问: https://resend-zone-cross.ngrok-free.dev/monitor

✅ Serenity 看板已启动
   手机访问: https://resend-zone-cross.ngrok-free.dev/monitor

✅ Serenity 看板已启动
   手机访问: https://resend-zone-cross.ngrok-free.dev/monitor

✅ Serenity 看板已启动
   手机访问: https://resend-zone-cross.ngrok-free.dev/monitor

✅ Serenity 看板已启动
   手机访问: https://resend-zone-cross.ngrok-free.dev/monitor

✅ Serenity 看板已启动
   手机访问: https://resend-zone-cross.ngrok-free.dev/monitor

✅ Serenity 看板已启动
   手机访问: https://resend-zone-cross.ngrok-free.dev/monitor

✅ Serenity 看板已启动
   手机访问: https://resend-zone-cross.ngrok-free.dev/monitor

✅ Serenity 看板已启动
   手机访问: https://resend-zone-cross.ngrok-free.dev/monitor

✅ Serenity 看板已启动
   手机访问: https://resend-zone-cross.ngrok-free.dev/monitor

✅ Serenity 看板已启动
   手机访问: https://resend-zone-cross.ngrok-free.dev/monitor

✅ Serenity 看板已启动
   手机访问: https://resend-zone-cross.ngrok-free.dev/monitor

✅ Serenity 看板已启动
   手机访问: https://resend-zone-cross.ngrok-free.dev/monitor

✅ Serenity 看板已启动
   手机访问: https://resend-zone-cross.ngrok-free.dev/monitor

✅ Serenity 看板已启动
   手机访问: https://resend-zone-cross.ngrok-free.dev/monitor

✅ Serenity 看板已启动
   手机访问: https://resend-zone-cross.ngrok-free.dev/monitor

✅ Serenity 看板已启动
   手机访问: https://resend-zone-cross.ngrok-free.dev/monitor

✅ Serenity 看板已启动
   手机访问: https://resend-zone-cross.ngrok-free.dev/monitor

✅ Serenity 看板已启动
   手机访问: https://resend-zone-cross.ngrok-free.dev/monitor

✅ Serenity 看板已启动
   手机访问: https://resend-zone-cross.ngrok-free.dev/monitor

✅ Serenity 看板已启动
   手机访问: https://resend-zone-cross.ngrok-free.dev/monitor

✅ Serenity 看板已启动
   手机访问: https://resend-zone-cross.ngrok-free.dev/monitor

✅ Serenity 看板已启动
   手机访问: https://resend-zone-cross.ngrok-free.dev/monitor

✅ Serenity 看板已启动
   手机访问: https://resend-zone-cross.ngrok-free.dev/monitor

✅ Serenity 看板已启动
   手机访问: https://resend-zone-cross.ngrok-free.dev/monitor

✅ Serenity 看板已启动
   手机访问: https://resend-zone-cross.ngrok-free.dev/monitor

✅ Serenity 看板已启动
   手机访问: https://resend-zone-cross.ngrok-free.dev/monitor

✅ Serenity 看板已启动
   手机访问: https://resend-zone-cross.ngrok-free.dev/monitor

✅ Serenity 看板已启动
   手机访问: https://resend-zone-cross.ngrok-free.dev/monitor

✅ Serenity 看板已启动
   手机访问: https://resend-zone-cross.ngrok-free.dev/monitor

✅ Serenity 看板已启动
   手机访问: https://resend-zone-cross.ngrok-free.dev/monitor

✅ Serenity 看板已启动
   手机访问: https://resend-zone-cross.ngrok-free.dev/monitor

✅ Serenity 看板已启动
   手机访问: https://resend-zone-cross.ngrok-free.dev/monitor

✅ Serenity 看板已启动
   手机访问: https://resend-zone-cross.ngrok-free.dev/monitor

✅ Serenity 看板已启动
   手机访问: https://resend-zone-cross.ngrok-free.dev/monitor

✅ Serenity 看板已启动
   手机访问: https://resend-zone-cross.ngrok-free.dev/monitor

✅ Serenity 看板已启动
   手机访问: https://resend-zone-cross.ngrok-free.dev/monitor

✅ Serenity 看板已启动
   手机访问: https://resend-zone-cross.ngrok-free.dev/monitor

✅ Serenity 看板已启动
   手机访问: https://resend-zone-cross.ngrok-free.dev/monitor

✅ Serenity 看板已启动
   手机访问: https://resend-zone-cross.ngrok-free.dev/monitor

✅ Serenity 看板已启动
   手机访问: https://resend-zone-cross.ngrok-free.dev/monitor

✅ Serenity 看板已启动
   手机访问: https://resend-zone-cross.ngrok-free.dev/monitor

✅ Serenity 看板已启动
   手机访问: https://resend-zone-cross.ngrok-free.dev/monitor

✅ Serenity 看板已启动
   手机访问: https://resend-zone-cross.ngrok-free.dev/monitor

✅ Serenity 看板已启动
   手机访问: https://resend-zone-cross.ngrok-free.dev/monitor

✅ Serenity 看板已启动
   手机访问: https://resend-zone-cross.ngrok-free.dev/monitor

✅ Serenity 看板已启动
   手机访问: https://resend-zone-cross.ngrok-free.dev/monitor

✅ Serenity 看板已启动
   手机访问: https://resend-zone-cross.ngrok-free.dev/monitor

✅ Serenity 看板已启动
   手机访问: https://resend-zone-cross.ngrok-free.dev/monitor

✅ Serenity 看板已启动
   手机访问: https://resend-zone-cross.ngrok-free.dev/monitor

✅ Serenity 看板已启动
   手机访问: https://resend-zone-cross.ngrok-free.dev/monitor

✅ Serenity 看板已启动
   手机访问: https://resend-zone-cross.ngrok-free.dev/monitor

✅ Serenity 看板已启动
   手机访问: https://resend-zone-cross.ngrok-free.dev/monitor

✅ Serenity 看板已启动
   手机访问: https://resend-zone-cross.ngrok-free.dev/monitor

✅ Serenity 看板已启动
   手机访问: https://resend-zone-cross.ngrok-free.dev/monitor

✅ Serenity 看板已启动
   手机访问: https://resend-zone-cross.ngrok-free.dev/monitor

✅ Serenity 看板已启动
   手机访问: https://resend-zone-cross.ngrok-free.dev/monitor

✅ Serenity 看板已启动
   手机访问: https://resend-zone-cross.ngrok-free.dev/monitor

✅ Serenity 看板已启动
   手机访问: https://resend-zone-cross.ngrok-free.dev/monitor

✅ Serenity 看板已启动
   手机访问: https://resend-zone-cross.ngrok-free.dev/monitor

✅ Serenity 看板已启动
   手机访问: https://resend-zone-cross.ngrok-free.dev/monitor

✅ Serenity 看板已启动
   手机访问: https://resend-zone-cross.ngrok-free.dev/monitor

✅ Serenity 看板已启动
   手机访问: https://resend-zone-cross.ngrok-free.dev/monitor

✅ Serenity 看板已启动
   手机访问: https://resend-zone-cross.ngrok-free.dev/monitor

✅ Serenity 看板已启动
   手机访问: https://resend-zone-cross.ngrok-free.dev/monitor

✅ Serenity 看板已启动
   手机访问: https://resend-zone-cross.ngrok-free.dev/monitor

✅ Serenity 看板已启动
   手机访问: https://resend-zone-cross.ngrok-free.dev/monitor

✅ Serenity 看板已启动
   手机访问: https://resend-zone-cross.ngrok-free.dev/monitor

✅ Serenity 看板已启动
   手机访问: https://resend-zone-cross.ngrok-free.dev/monitor

✅ Serenity 看板已启动
   手机访问: https://resend-zone-cross.ngrok-free.dev/monitor

✅ Serenity 看板已启动
   手机访问: https://resend-zone-cross.ngrok-free.dev/monitor

✅ Serenity 看板已启动
   手机访问: https://resend-zone-cross.ngrok-free.dev/monitor

✅ Serenity 看板已启动
   手机访问: https://resend-zone-cross.ngrok-free.dev/monitor

✅ Serenity 看板已启动
   手机访问: https://resend-zone-cross.ngrok-free.dev/monitor

✅ Serenity 看板已启动
   手机访问: https://resend-zone-cross.ngrok-free.dev/monitor

✅ Serenity 看板已启动
   手机访问: https://resend-zone-cross.ngrok-free.dev/monitor

✅ Serenity 看板已启动
   手机访问: https://resend-zone-cross.ngrok-free.dev/monitor

✅ Serenity 看板已启动
   手机访问: https://resend-zone-cross.ngrok-free.dev/monitor

✅ Serenity 看板已启动
   手机访问: https://resend-zone-cross.ngrok-free.dev/monitor

✅ Serenity 看板已启动
   手机访问: https://resend-zone-cross.ngrok-free.dev/monitor

✅ Serenity 看板已启动
   手机访问: https://resend-zone-cross.ngrok-free.dev/monitor

✅ Serenity 看板已启动
   手机访问: https://resend-zone-cross.ngrok-free.dev/monitor

✅ Serenity 看板已启动
   手机访问: https://resend-zone-cross.ngrok-free.dev/monitor

✅ Serenity 看板已启动
   手机访问: https://resend-zone-cross.ngrok-free.dev/monitor

✅ Serenity 看板已启动
   手机访问: https://resend-zone-cross.ngrok-free.dev/monitor

✅ Serenity 看板已启动
   手机访问: https://resend-zone-cross.ngrok-free.dev/monitor

✅ Serenity 看板已启动
   手机访问: https://resend-zone-cross.ngrok-free.dev/monitor

✅ Serenity 看板已启动
   手机访问: https://resend-zone-cross.ngrok-free.dev/monitor

✅ Serenity 看板已启动
   手机访问: https://resend-zone-cross.ngrok-free.dev/monitor

✅ Serenity 看板已启动
   手机访问: https://resend-zone-cross.ngrok-free.dev/monitor

✅ Serenity 看板已启动
   手机访问: https://resend-zone-cross.ngrok-free.dev/monitor

✅ Serenity 看板已启动
   手机访问: https://resend-zone-cross.ngrok-free.dev/monitor

✅ Serenity 看板已启动
   手机访问: https://resend-zone-cross.ngrok-free.dev/monitor

✅ Serenity 看板已启动
   手机访问: https://resend-zone-cross.ngrok-free.dev/monitor

✅ Serenity 看板已启动
   手机访问: https://resend-zone-cross.ngrok-free.dev/monitor

✅ Serenity 看板已启动
   手机访问: https://resend-zone-cross.ngrok-free.dev/monitor

✅ Serenity 看板已启动
   手机访问: https://resend-zone-cross.ngrok-free.dev/monitor

✅ Serenity 看板已启动
   手机访问: https://resend-zone-cross.ngrok-free.dev/monitor

✅ Serenity 看板已启动
   手机访问: https://resend-zone-cross.ngrok-free.dev/monitor

✅ Serenity 看板已启动
   手机访问: https://resend-zone-cross.ngrok-free.dev/monitor

✅ Serenity 看板已启动
   手机访问: https://resend-zone-cross.ngrok-free.dev/monitor

✅ Serenity 看板已启动
   手机访问: https://resend-zone-cross.ngrok-free.dev/monitor

✅ Serenity 看板已启动
   手机访问: https://resend-zone-cross.ngrok-free.dev/monitor

✅ Serenity 看板已启动
   手机访问: https://resend-zone-cross.ngrok-free.dev/monitor

✅ Serenity 看板已启动
   手机访问: https://resend-zone-cross.ngrok-free.dev/monitor

✅ Serenity 看板已启动
   手机访问: https://resend-zone-cross.ngrok-free.dev/monitor

✅ Serenity 看板已启动
   手机访问: https://resend-zone-cross.ngrok-free.dev/monitor

✅ Serenity 看板已启动
   手机访问: https://resend-zone-cross.ngrok-free.dev/monitor

✅ Serenity 看板已启动
   手机访问: https://resend-zone-cross.ngrok-free.dev/monitor

✅ Serenity 看板已启动
   手机访问: https://resend-zone-cross.ngrok-free.dev/monitor

✅ Serenity 看板已启动
   手机访问: https://resend-zone-cross.ngrok-free.dev/monitor

✅ Serenity 看板已启动
   手机访问: https://resend-zone-cross.ngrok-free.dev/monitor

✅ Serenity 看板已启动
   手机访问: https://resend-zone-cross.ngrok-free.dev/monitor

✅ Serenity 看板已启动
   手机访问: https://resend-zone-cross.ngrok-free.dev/monitor

✅ Serenity 看板已启动
   手机访问: https://resend-zone-cross.ngrok-free.dev/monitor

✅ Serenity 看板已启动
   手机访问: https://resend-zone-cross.ngrok-free.dev/monitor

✅ Serenity 看板已启动
   手机访问: https://resend-zone-cross.ngrok-free.dev/monitor

✅ Serenity 看板已启动
   手机访问: https://resend-zone-cross.ngrok-free.dev/monitor

✅ Serenity 看板已启动
   手机访问: https://resend-zone-cross.ngrok-free.dev/monitor

✅ Serenity 看板已启动
   手机访问: https://resend-zone-cross.ngrok-free.dev/monitor

✅ Serenity 看板已启动
   手机访问: https://resend-zone-cross.ngrok-free.dev/monitor

✅ Serenity 看板已启动
   手机访问: https://resend-zone-cross.ngrok-free.dev/monitor

✅ Serenity 看板已启动
   手机访问: https://resend-zone-cross.ngrok-free.dev/monitor

✅ Serenity 看板已启动
   手机访问: https://resend-zone-cross.ngrok-free.dev/monitor

✅ Serenity 看板已启动
   手机访问: https://resend-zone-cross.ngrok-free.dev/monitor

✅ Serenity 看板已启动
   手机访问: https://resend-zone-cross.ngrok-free.dev/monitor

✅ Serenity 看板已启动
   手机访问: https://resend-zone-cross.ngrok-free.dev/monitor

✅ Serenity 看板已启动
   手机访问: https://resend-zone-cross.ngrok-free.dev/monitor

✅ Serenity 看板已启动
   手机访问: https://resend-zone-cross.ngrok-free.dev/monitor

✅ Serenity 看板已启动
   手机访问: https://resend-zone-cross.ngrok-free.dev/monitor

✅ Serenity 看板已启动
   手机访问: https://resend-zone-cross.ngrok-free.dev/monitor

✅ Serenity 看板已启动
   手机访问: https://resend-zone-cross.ngrok-free.dev/monitor

✅ Serenity 看板已启动
   手机访问: https://resend-zone-cross.ngrok-free.dev/monitor

✅ Serenity 看板已启动
   手机访问: https://resend-zone-cross.ngrok-free.dev/monitor

✅ Serenity 看板已启动
   手机访问: https://resend-zone-cross.ngrok-free.dev/monitor

✅ Serenity 看板已启动
   手机访问: https://resend-zone-cross.ngrok-free.dev/monitor

✅ Serenity 看板已启动
   手机访问: https://resend-zone-cross.ngrok-free.dev/monitor

✅ Serenity 看板已启动
   手机访问: https://resend-zone-cross.ngrok-free.dev/monitor

✅ Serenity 看板已启动
   手机访问: https://resend-zone-cross.ngrok-free.dev/monitor

✅ Serenity 看板已启动
   手机访问: https://resend-zone-cross.ngrok-free.dev/monitor

✅ Serenity 看板已启动
   手机访问: https://resend-zone-cross.ngrok-free.dev/monitor

✅ Serenity 看板已启动
   手机访问: https://resend-zone-cross.ngrok-free.dev/monitor

✅ Serenity 看板已启动
   手机访问: https://resend-zone-cross.ngrok-free.dev/monitor

✅ Serenity 看板已启动
   手机访问: https://resend-zone-cross.ngrok-free.dev/monitor

✅ Serenity 看板已启动
   手机访问: https://resend-zone-cross.ngrok-free.dev/monitor

✅ Serenity 看板已启动
   手机访问: https://resend-zone-cross.ngrok-free.dev/monitor

✅ Serenity 看板已启动
   手机访问: https://resend-zone-cross.ngrok-free.dev/monitor

✅ Serenity 看板已启动
   手机访问: https://resend-zone-cross.ngrok-free.dev/monitor

✅ Serenity 看板已启动
   手机访问: https://resend-zone-cross.ngrok-free.dev/monitor

✅ Serenity 看板已启动
   手机访问: https://resend-zone-cross.ngrok-free.dev/monitor

✅ Serenity 看板已启动
   手机访问: https://resend-zone-cross.ngrok-free.dev/monitor

✅ Serenity 看板已启动
   手机访问: https://resend-zone-cross.ngrok-free.dev/monitor

✅ Serenity 看板已启动
   手机访问: https://resend-zone-cross.ngrok-free.dev/monitor

✅ Serenity 看板已启动
   手机访问: https://resend-zone-cross.ngrok-free.dev/monitor

✅ Serenity 看板已启动
   手机访问: https://resend-zone-cross.ngrok-free.dev/monitor

✅ Serenity 看板已启动
   手机访问: https://resend-zone-cross.ngrok-free.dev/monitor

✅ Serenity 看板已启动
   手机访问: https://resend-zone-cross.ngrok-free.dev/monitor

✅ Serenity 看板已启动
   手机访问: https://resend-zone-cross.ngrok-free.dev/monitor

✅ Serenity 看板已启动
   手机访问: https://resend-zone-cross.ngrok-free.dev/monitor

✅ Serenity 看板已启动
   手机访问: https://resend-zone-cross.ngrok-free.dev/monitor

✅ Serenity 看板已启动
   手机访问: https://resend-zone-cross.ngrok-free.dev/monitor

✅ Serenity 看板已启动
   手机访问: https://resend-zone-cross.ngrok-free.dev/monitor

✅ Serenity 看板已启动
   手机访问: https://resend-zone-cross.ngrok-free.dev/monitor

✅ Serenity 看板已启动
   手机访问: https://resend-zone-cross.ngrok-free.dev/monitor

✅ Serenity 看板已启动
   手机访问: https://resend-zone-cross.ngrok-free.dev/monitor

✅ Serenity 看板已启动
   手机访问: https://resend-zone-cross.ngrok-free.dev/monitor

✅ Serenity 看板已启动
   手机访问: https://resend-zone-cross.ngrok-free.dev/monitor

✅ Serenity 看板已启动
   手机访问: https://resend-zone-cross.ngrok-free.dev/monitor

✅ Serenity 看板已启动
   手机访问: https://resend-zone-cross.ngrok-free.dev/monitor

✅ Serenity 看板已启动
   手机访问: https://resend-zone-cross.ngrok-free.dev/monitor

✅ Serenity 看板已启动
   手机访问: https://resend-zone-cross.ngrok-free.dev/monitor

✅ Serenity 看板已启动
   手机访问: https://resend-zone-cross.ngrok-free.dev/monitor

✅ Serenity 看板已启动
   手机访问: https://resend-zone-cross.ngrok-free.dev/monitor

✅ Serenity 看板已启动
   手机访问: https://resend-zone-cross.ngrok-free.dev/monitor

✅ Serenity 看板已启动
   手机访问: https://resend-zone-cross.ngrok-free.dev/monitor

✅ Serenity 看板已启动
   手机访问: https://resend-zone-cross.ngrok-free.dev/monitor

✅ Serenity 看板已启动
   手机访问: https://resend-zone-cross.ngrok-free.dev/monitor

✅ Serenity 看板已启动
   手机访问: https://resend-zone-cross.ngrok-free.dev/monitor

✅ Serenity 看板已启动
   手机访问: https://resend-zone-cross.ngrok-free.dev/monitor

✅ Serenity 看板已启动
   手机访问: https://resend-zone-cross.ngrok-free.dev/monitor

✅ Serenity 看板已启动
   手机访问: https://resend-zone-cross.ngrok-free.dev/monitor

✅ Serenity 看板已启动
   手机访问: https://resend-zone-cross.ngrok-free.dev/monitor

✅ Serenity 看板已启动
   手机访问: https://resend-zone-cross.ngrok-free.dev/monitor

✅ Serenity 看板已启动
   手机访问: https://resend-zone-cross.ngrok-free.dev/monitor

✅ Serenity 看板已启动
   手机访问: https://resend-zone-cross.ngrok-free.dev/monitor

✅ Serenity 看板已启动
   手机访问: https://resend-zone-cross.ngrok-free.dev/monitor

✅ Serenity 看板已启动
   手机访问: https://resend-zone-cross.ngrok-free.dev/monitor

✅ Serenity 看板已启动
   手机访问: https://resend-zone-cross.ngrok-free.dev/monitor

✅ Serenity 看板已启动
   手机访问: https://resend-zone-cross.ngrok-free.dev/monitor

✅ Serenity 看板已启动
   手机访问: https://resend-zone-cross.ngrok-free.dev/monitor

✅ Serenity 看板已启动
   手机访问: https://resend-zone-cross.ngrok-free.dev/monitor

✅ Serenity 看板已启动
   手机访问: https://resend-zone-cross.ngrok-free.dev/monitor

✅ Serenity 看板已启动
   手机访问: https://resend-zone-cross.ngrok-free.dev/monitor

✅ Serenity 看板已启动
   手机访问: https://resend-zone-cross.ngrok-free.dev/monitor

✅ Serenity 看板已启动
   手机访问: https://resend-zone-cross.ngrok-free.dev/monitor

✅ Serenity 看板已启动
   手机访问: https://resend-zone-cross.ngrok-free.dev/monitor

✅ Serenity 看板已启动
   手机访问: https://resend-zone-cross.ngrok-free.dev/monitor

✅ Serenity 看板已启动
   手机访问: https://resend-zone-cross.ngrok-free.dev/monitor

✅ Serenity 看板已启动
   手机访问: https://resend-zone-cross.ngrok-free.dev/monitor

✅ Serenity 看板已启动
   手机访问: https://resend-zone-cross.ngrok-free.dev/monitor

✅ Serenity 看板已启动
   手机访问: https://resend-zone-cross.ngrok-free.dev/monitor

✅ Serenity 看板已启动
   手机访问: https://resend-zone-cross.ngrok-free.dev/monitor

✅ Serenity 看板已启动
   手机访问: https://resend-zone-cross.ngrok-free.dev/monitor

✅ Serenity 看板已启动
   手机访问: https://resend-zone-cross.ngrok-free.dev/monitor

✅ Serenity 看板已启动
   手机访问: https://resend-zone-cross.ngrok-free.dev/monitor

✅ Serenity 看板已启动
   手机访问: https://resend-zone-cross.ngrok-free.dev/monitor

✅ Serenity 看板已启动
   手机访问: https://resend-zone-cross.ngrok-free.dev/monitor

✅ Serenity 看板已启动
   手机访问: https://resend-zone-cross.ngrok-free.dev/monitor

✅ Serenity 看板已启动
   手机访问: https://resend-zone-cross.ngrok-free.dev/monitor

✅ Serenity 看板已启动
   手机访问: https://resend-zone-cross.ngrok-free.dev/monitor

✅ Serenity 看板已启动
   手机访问: https://resend-zone-cross.ngrok-free.dev/monitor

✅ Serenity 看板已启动
   手机访问: https://resend-zone-cross.ngrok-free.dev/monitor

✅ Serenity 看板已启动
   手机访问: https://resend-zone-cross.ngrok-free.dev/monitor

✅ Serenity 看板已启动
   手机访问: https://resend-zone-cross.ngrok-free.dev/monitor

✅ Serenity 看板已启动
   手机访问: https://resend-zone-cross.ngrok-free.dev/monitor

✅ Serenity 看板已启动
   手机访问: https://resend-zone-cross.ngrok-free.dev/monitor

✅ Serenity 看板已启动
   手机访问: https://resend-zone-cross.ngrok-free.dev/monitor

✅ Serenity 看板已启动
   手机访问: https://resend-zone-cross.ngrok-free.dev/monitor

✅ Serenity 看板已启动
   手机访问: https://resend-zone-cross.ngrok-free.dev/monitor

✅ Serenity 看板已启动
   手机访问: https://resend-zone-cross.ngrok-free.dev/monitor

✅ Serenity 看板已启动
   手机访问: https://resend-zone-cross.ngrok-free.dev/monitor

✅ Serenity 看板已启动
   手机访问: https://resend-zone-cross.ngrok-free.dev/monitor

✅ Serenity 看板已启动
   手机访问: https://resend-zone-cross.ngrok-free.dev/monitor

✅ Serenity 看板已启动
   手机访问: https://resend-zone-cross.ngrok-free.dev/monitor

✅ Serenity 看板已启动
   手机访问: https://resend-zone-cross.ngrok-free.dev/monitor

✅ Serenity 看板已启动
   手机访问: https://resend-zone-cross.ngrok-free.dev/monitor

✅ Serenity 看板已启动
   手机访问: https://resend-zone-cross.ngrok-free.dev/monitor

✅ Serenity 看板已启动
   手机访问: https://resend-zone-cross.ngrok-free.dev/monitor

✅ Serenity 看板已启动
   手机访问: https://resend-zone-cross.ngrok-free.dev/monitor

✅ Serenity 看板已启动
   手机访问: https://resend-zone-cross.ngrok-free.dev/monitor

✅ Serenity 看板已启动
   手机访问: https://resend-zone-cross.ngrok-free.dev/monitor

✅ Serenity 看板已启动
   手机访问: https://resend-zone-cross.ngrok-free.dev/monitor

✅ Serenity 看板已启动
   手机访问: https://resend-zone-cross.ngrok-free.dev/monitor

✅ Serenity 看板已启动
   手机访问: https://resend-zone-cross.ngrok-free.dev/monitor

✅ Serenity 看板已启动
   手机访问: https://resend-zone-cross.ngrok-free.dev/monitor

✅ Serenity 看板已启动
   手机访问: https://resend-zone-cross.ngrok-free.dev/monitor

✅ Serenity 看板已启动
   手机访问: https://resend-zone-cross.ngrok-free.dev/monitor

✅ Serenity 看板已启动
   手机访问: https://resend-zone-cross.ngrok-free.dev/monitor

✅ Serenity 看板已启动
   手机访问: https://resend-zone-cross.ngrok-free.dev/monitor

✅ Serenity 看板已启动
   手机访问: https://resend-zone-cross.ngrok-free.dev/monitor

✅ Serenity 看板已启动
   手机访问: https://resend-zone-cross.ngrok-free.dev/monitor

✅ Serenity 看板已启动
   手机访问: https://resend-zone-cross.ngrok-free.dev/monitor

✅ Serenity 看板已启动
   手机访问: https://resend-zone-cross.ngrok-free.dev/monitor

✅ Serenity 看板已启动
   手机访问: https://resend-zone-cross.ngrok-free.dev/monitor

✅ Serenity 看板已启动
   手机访问: https://resend-zone-cross.ngrok-free.dev/monitor

✅ Serenity 看板已启动
   手机访问: https://resend-zone-cross.ngrok-free.dev/monitor

✅ Serenity 看板已启动
   手机访问: https://resend-zone-cross.ngrok-free.dev/monitor

✅ Serenity 看板已启动
   手机访问: https://resend-zone-cross.ngrok-free.dev/monitor

✅ Serenity 看板已启动
   手机访问: https://resend-zone-cross.ngrok-free.dev/monitor

✅ Serenity 看板已启动
   手机访问: https://resend-zone-cross.ngrok-free.dev/monitor

✅ Serenity 看板已启动
   手机访问: https://resend-zone-cross.ngrok-free.dev/monitor

✅ Serenity 看板已启动
   手机访问: https://resend-zone-cross.ngrok-free.dev/monitor

✅ Serenity 看板已启动
   手机访问: https://resend-zone-cross.ngrok-free.dev/monitor

✅ Serenity 看板已启动
   手机访问: https://resend-zone-cross.ngrok-free.dev/monitor

✅ Serenity 看板已启动
   手机访问: https://resend-zone-cross.ngrok-free.dev/monitor

✅ Serenity 看板已启动
   手机访问: https://resend-zone-cross.ngrok-free.dev/monitor

✅ Serenity 看板已启动
   手机访问: https://resend-zone-cross.ngrok-free.dev/monitor

✅ Serenity 看板已启动
   手机访问: https://resend-zone-cross.ngrok-free.dev/monitor

✅ Serenity 看板已启动
   手机访问: https://resend-zone-cross.ngrok-free.dev/monitor

✅ Serenity 看板已启动
   手机访问: https://resend-zone-cross.ngrok-free.dev/monitor

✅ Serenity 看板已启动
   手机访问: https://resend-zone-cross.ngrok-free.dev/monitor

✅ Serenity 看板已启动
   手机访问: https://resend-zone-cross.ngrok-free.dev/monitor

✅ Serenity 看板已启动
   手机访问: https://resend-zone-cross.ngrok-free.dev/monitor

✅ Serenity 看板已启动
   手机访问: https://resend-zone-cross.ngrok-free.dev/monitor

✅ Serenity 看板已启动
   手机访问: https://resend-zone-cross.ngrok-free.dev/monitor

✅ Serenity 看板已启动
   手机访问: https://resend-zone-cross.ngrok-free.dev/monitor

✅ Serenity 看板已启动
   手机访问: https://resend-zone-cross.ngrok-free.dev/monitor

✅ Serenity 看板已启动
   手机访问: https://resend-zone-cross.ngrok-free.dev/monitor

✅ Serenity 看板已启动
   手机访问: https://resend-zone-cross.ngrok-free.dev/monitor

✅ Serenity 看板已启动
   手机访问: https://resend-zone-cross.ngrok-free.dev/monitor

✅ Serenity 看板已启动
   手机访问: https://resend-zone-cross.ngrok-free.dev/monitor

✅ Serenity 看板已启动
   手机访问: https://resend-zone-cross.ngrok-free.dev/monitor

✅ Serenity 看板已启动
   手机访问: https://resend-zone-cross.ngrok-free.dev/monitor

✅ Serenity 看板已启动
   手机访问: https://resend-zone-cross.ngrok-free.dev/monitor

✅ Serenity 看板已启动
   手机访问: https://resend-zone-cross.ngrok-free.dev/monitor

✅ Serenity 看板已启动
   手机访问: https://resend-zone-cross.ngrok-free.dev/monitor

✅ Serenity 看板已启动
   手机访问: https://resend-zone-cross.ngrok-free.dev/monitor

✅ Serenity 看板已启动
   手机访问: https://resend-zone-cross.ngrok-free.dev/monitor

✅ Serenity 看板已启动
   手机访问: https://resend-zone-cross.ngrok-free.dev/monitor

✅ Serenity 看板已启动
   手机访问: https://resend-zone-cross.ngrok-free.dev/monitor

✅ Serenity 看板已启动
   手机访问: https://resend-zone-cross.ngrok-free.dev/monitor

✅ Serenity 看板已启动
   手机访问: https://resend-zone-cross.ngrok-free.dev/monitor

✅ Serenity 看板已启动
   手机访问: https://resend-zone-cross.ngrok-free.dev/monitor

✅ Serenity 看板已启动
   手机访问: https://resend-zone-cross.ngrok-free.dev/monitor

✅ Serenity 看板已启动
   手机访问: https://resend-zone-cross.ngrok-free.dev/monitor

✅ Serenity 看板已启动
   手机访问: https://resend-zone-cross.ngrok-free.dev/monitor

✅ Serenity 看板已启动
   手机访问: https://resend-zone-cross.ngrok-free.dev/monitor

✅ Serenity 看板已启动
   手机访问: https://resend-zone-cross.ngrok-free.dev/monitor

✅ Serenity 看板已启动
   手机访问: https://resend-zone-cross.ngrok-free.dev/monitor

✅ Serenity 看板已启动
   手机访问: https://resend-zone-cross.ngrok-free.dev/monitor

✅ Serenity 看板已启动
   手机访问: https://resend-zone-cross.ngrok-free.dev/monitor

✅ Serenity 看板已启动
   手机访问: https://resend-zone-cross.ngrok-free.dev/monitor

✅ Serenity 看板已启动
   手机访问: https://resend-zone-cross.ngrok-free.dev/monitor

✅ Serenity 看板已启动
   手机访问: https://resend-zone-cross.ngrok-free.dev/monitor

✅ Serenity 看板已启动
   手机访问: https://resend-zone-cross.ngrok-free.dev/monitor

✅ Serenity 看板已启动
   手机访问: https://resend-zone-cross.ngrok-free.dev/monitor

✅ Serenity 看板已启动
   手机访问: https://resend-zone-cross.ngrok-free.dev/monitor

✅ Serenity 看板已启动
   手机访问: https://resend-zone-cross.ngrok-free.dev/monitor

✅ Serenity 看板已启动
   手机访问: https://resend-zone-cross.ngrok-free.dev/monitor

✅ Serenity 看板已启动
   手机访问: https://resend-zone-cross.ngrok-free.dev/monitor

✅ Serenity 看板已启动
   手机访问: https://resend-zone-cross.ngrok-free.dev/monitor

✅ Serenity 看板已启动
   手机访问: https://resend-zone-cross.ngrok-free.dev/monitor

✅ Serenity 看板已启动
   手机访问: https://resend-zone-cross.ngrok-free.dev/monitor

✅ Serenity 看板已启动
   手机访问: https://resend-zone-cross.ngrok-free.dev/monitor

✅ Serenity 看板已启动
   手机访问: https://resend-zone-cross.ngrok-free.dev/monitor

✅ Serenity 看板已启动
   手机访问: https://resend-zone-cross.ngrok-free.dev/monitor

✅ Serenity 看板已启动
   手机访问: https://resend-zone-cross.ngrok-free.dev/monitor

✅ Serenity 看板已启动
   手机访问: https://resend-zone-cross.ngrok-free.dev/monitor

✅ Serenity 看板已启动
   手机访问: https://resend-zone-cross.ngrok-free.dev/monitor

✅ Serenity 看板已启动
   手机访问: https://resend-zone-cross.ngrok-free.dev/monitor

✅ Serenity 看板已启动
   手机访问: https://resend-zone-cross.ngrok-free.dev/monitor

✅ Serenity 看板已启动
   手机访问: https://resend-zone-cross.ngrok-free.dev/monitor

✅ Serenity 看板已启动
   手机访问: https://resend-zone-cross.ngrok-free.dev/monitor

✅ Serenity 看板已启动
   手机访问: https://resend-zone-cross.ngrok-free.dev/monitor

✅ Serenity 看板已启动
   手机访问: https://resend-zone-cross.ngrok-free.dev/monitor

✅ Serenity 看板已启动
   手机访问: https://resend-zone-cross.ngrok-free.dev/monitor

✅ Serenity 看板已启动
   手机访问: https://resend-zone-cross.ngrok-free.dev/monitor

✅ Serenity 看板已启动
   手机访问: https://resend-zone-cross.ngrok-free.dev/monitor

✅ Serenity 看板已启动
   手机访问: https://resend-zone-cross.ngrok-free.dev/monitor

✅ Serenity 看板已启动
   手机访问: https://resend-zone-cross.ngrok-free.dev/monitor

✅ Serenity 看板已启动
   手机访问: https://resend-zone-cross.ngrok-free.dev/monitor

✅ Serenity 看板已启动
   手机访问: https://resend-zone-cross.ngrok-free.dev/monitor

✅ Serenity 看板已启动
   手机访问: https://resend-zone-cross.ngrok-free.dev/monitor

✅ Serenity 看板已启动
   手机访问: https://resend-zone-cross.ngrok-free.dev/monitor

✅ Serenity 看板已启动
   手机访问: https://resend-zone-cross.ngrok-free.dev/monitor

✅ Serenity 看板已启动
   手机访问: https://resend-zone-cross.ngrok-free.dev/monitor

✅ Serenity 看板已启动
   手机访问: https://resend-zone-cross.ngrok-free.dev/monitor

✅ Serenity 看板已启动
   手机访问: https://resend-zone-cross.ngrok-free.dev/monitor

✅ Serenity 看板已启动
   手机访问: https://resend-zone-cross.ngrok-free.dev/monitor

✅ Serenity 看板已启动
   手机访问: https://resend-zone-cross.ngrok-free.dev/monitor

✅ Serenity 看板已启动
   手机访问: https://resend-zone-cross.ngrok-free.dev/monitor

✅ Serenity 看板已启动
   手机访问: https://resend-zone-cross.ngrok-free.dev/monitor

✅ Serenity 看板已启动
   手机访问: https://resend-zone-cross.ngrok-free.dev/monitor

✅ Serenity 看板已启动
   手机访问: https://resend-zone-cross.ngrok-free.dev/monitor

✅ Serenity 看板已启动
   手机访问: https://resend-zone-cross.ngrok-free.dev/monitor

✅ Serenity 看板已启动
   手机访问: https://resend-zone-cross.ngrok-free.dev/monitor

✅ Serenity 看板已启动
   手机访问: https://resend-zone-cross.ngrok-free.dev/monitor

✅ Serenity 看板已启动
   手机访问: https://resend-zone-cross.ngrok-free.dev/monitor

✅ Serenity 看板已启动
   手机访问: https://resend-zone-cross.ngrok-free.dev/monitor

✅ Serenity 看板已启动
   手机访问: https://resend-zone-cross.ngrok-free.dev/monitor

✅ Serenity 看板已启动
   手机访问: https://resend-zone-cross.ngrok-free.dev/monitor

✅ Serenity 看板已启动
   手机访问: https://resend-zone-cross.ngrok-free.dev/monitor

✅ Serenity 看板已启动
   手机访问: https://resend-zone-cross.ngrok-free.dev/monitor

✅ Serenity 看板已启动
   手机访问: https://resend-zone-cross.ngrok-free.dev/monitor

✅ Serenity 看板已启动
   手机访问: https://resend-zone-cross.ngrok-free.dev/monitor

✅ Serenity 看板已启动
   手机访问: https://resend-zone-cross.ngrok-free.dev/monitor

✅ Serenity 看板已启动
   手机访问: https://resend-zone-cross.ngrok-free.dev/monitor

✅ Serenity 看板已启动
   手机访问: https://resend-zone-cross.ngrok-free.dev/monitor

✅ Serenity 看板已启动
   手机访问: https://resend-zone-cross.ngrok-free.dev/monitor

✅ Serenity 看板已启动
   手机访问: https://resend-zone-cross.ngrok-free.dev/monitor

✅ Serenity 看板已启动
   手机访问: https://resend-zone-cross.ngrok-free.dev/monitor

✅ Serenity 看板已启动
   手机访问: https://resend-zone-cross.ngrok-free.dev/monitor

✅ Serenity 看板已启动
   手机访问: https://resend-zone-cross.ngrok-free.dev/monitor

✅ Serenity 看板已启动
   手机访问: https://resend-zone-cross.ngrok-free.dev/monitor

✅ Serenity 看板已启动
   手机访问: https://resend-zone-cross.ngrok-free.dev/monitor

✅ Serenity 看板已启动
   手机访问: https://resend-zone-cross.ngrok-free.dev/monitor

✅ Serenity 看板已启动
   手机访问: https://resend-zone-cross.ngrok-free.dev/monitor

✅ Serenity 看板已启动
   手机访问: https://resend-zone-cross.ngrok-free.dev/monitor

✅ Serenity 看板已启动
   手机访问: https://resend-zone-cross.ngrok-free.dev/monitor

✅ Serenity 看板已启动
   手机访问: https://resend-zone-cross.ngrok-free.dev/monitor

✅ Serenity 看板已启动
   手机访问: https://resend-zone-cross.ngrok-free.dev/monitor

✅ Serenity 看板已启动
   手机访问: https://resend-zone-cross.ngrok-free.dev/monitor

✅ Serenity 看板已启动
   手机访问: https://resend-zone-cross.ngrok-free.dev/monitor

✅ Serenity 看板已启动
   手机访问: https://resend-zone-cross.ngrok-free.dev/monitor

✅ Serenity 看板已启动
   手机访问: https://resend-zone-cross.ngrok-free.dev/monitor

✅ Serenity 看板已启动
   手机访问: https://resend-zone-cross.ngrok-free.dev/monitor

✅ Serenity 看板已启动
   手机访问: https://resend-zone-cross.ngrok-free.dev/monitor

✅ Serenity 看板已启动
   手机访问: https://resend-zone-cross.ngrok-free.dev/monitor

✅ Serenity 看板已启动
   手机访问: https://resend-zone-cross.ngrok-free.dev/monitor

✅ Serenity 看板已启动
   手机访问: https://resend-zone-cross.ngrok-free.dev/monitor

✅ Serenity 看板已启动
   手机访问: https://resend-zone-cross.ngrok-free.dev/monitor

✅ Serenity 看板已启动
   手机访问: https://resend-zone-cross.ngrok-free.dev/monitor

✅ Serenity 看板已启动
   手机访问: https://resend-zone-cross.ngrok-free.dev/monitor

✅ Serenity 看板已启动
   手机访问: https://resend-zone-cross.ngrok-free.dev/monitor

✅ Serenity 看板已启动
   手机访问: https://resend-zone-cross.ngrok-free.dev/monitor

✅ Serenity 看板已启动
   手机访问: https://resend-zone-cross.ngrok-free.dev/monitor

✅ Serenity 看板已启动
   手机访问: https://resend-zone-cross.ngrok-free.dev/monitor

✅ Serenity 看板已启动
   手机访问: https://resend-zone-cross.ngrok-free.dev/monitor

✅ Serenity 看板已启动
   手机访问: https://resend-zone-cross.ngrok-free.dev/monitor

✅ Serenity 看板已启动
   手机访问: https://resend-zone-cross.ngrok-free.dev/monitor

✅ Serenity 看板已启动
   手机访问: https://resend-zone-cross.ngrok-free.dev/monitor

✅ Serenity 看板已启动
   手机访问: https://resend-zone-cross.ngrok-free.dev/monitor

✅ Serenity 看板已启动
   手机访问: https://resend-zone-cross.ngrok-free.dev/monitor

✅ Serenity 看板已启动
   手机访问: https://resend-zone-cross.ngrok-free.dev/monitor

✅ Serenity 看板已启动
   手机访问: https://resend-zone-cross.ngrok-free.dev/monitor

✅ Serenity 看板已启动
   手机访问: https://resend-zone-cross.ngrok-free.dev/monitor

✅ Serenity 看板已启动
   手机访问: https://resend-zone-cross.ngrok-free.dev/monitor

✅ Serenity 看板已启动
   手机访问: https://resend-zone-cross.ngrok-free.dev/monitor

✅ Serenity 看板已启动
   手机访问: https://resend-zone-cross.ngrok-free.dev/monitor

✅ Serenity 看板已启动
   手机访问: https://resend-zone-cross.ngrok-free.dev/monitor

✅ Serenity 看板已启动
   手机访问: https://resend-zone-cross.ngrok-free.dev/monitor

✅ Serenity 看板已启动
   手机访问: https://resend-zone-cross.ngrok-free.dev/monitor

✅ Serenity 看板已启动
   手机访问: https://resend-zone-cross.ngrok-free.dev/monitor

✅ Serenity 看板已启动
   手机访问: https://resend-zone-cross.ngrok-free.dev/monitor

✅ Serenity 看板已启动
   手机访问: https://resend-zone-cross.ngrok-free.dev/monitor

✅ Serenity 看板已启动
   手机访问: https://resend-zone-cross.ngrok-free.dev/monitor

✅ Serenity 看板已启动
   手机访问: https://resend-zone-cross.ngrok-free.dev/monitor

✅ Serenity 看板已启动
   手机访问: https://resend-zone-cross.ngrok-free.dev/monitor

✅ Serenity 看板已启动
   手机访问: https://resend-zone-cross.ngrok-free.dev/monitor

✅ Serenity 看板已启动
   手机访问: https://resend-zone-cross.ngrok-free.dev/monitor

✅ Serenity 看板已启动
   手机访问: https://resend-zone-cross.ngrok-free.dev/monitor

✅ Serenity 看板已启动
   手机访问: https://resend-zone-cross.ngrok-free.dev/monitor

✅ Serenity 看板已启动
   手机访问: https://resend-zone-cross.ngrok-free.dev/monitor

✅ Serenity 看板已启动
   手机访问: https://resend-zone-cross.ngrok-free.dev/monitor

✅ Serenity 看板已启动
   手机访问: https://resend-zone-cross.ngrok-free.dev/monitor

✅ Serenity 看板已启动
   手机访问: https://resend-zone-cross.ngrok-free.dev/monitor

✅ Serenity 看板已启动
   手机访问: https://resend-zone-cross.ngrok-free.dev/monitor

✅ Serenity 看板已启动
   手机访问: https://resend-zone-cross.ngrok-free.dev/monitor

✅ Serenity 看板已启动
   手机访问: https://resend-zone-cross.ngrok-free.dev/monitor

✅ Serenity 看板已启动
   手机访问: https://resend-zone-cross.ngrok-free.dev/monitor

✅ Serenity 看板已启动
   手机访问: https://resend-zone-cross.ngrok-free.dev/monitor

✅ Serenity 看板已启动
   手机访问: https://resend-zone-cross.ngrok-free.dev/monitor

✅ Serenity 看板已启动
   手机访问: https://resend-zone-cross.ngrok-free.dev/monitor

✅ Serenity 看板已启动
   手机访问: https://resend-zone-cross.ngrok-free.dev/monitor

✅ Serenity 看板已启动
   手机访问: https://resend-zone-cross.ngrok-free.dev/monitor

✅ Serenity 看板已启动
   手机访问: https://resend-zone-cross.ngrok-free.dev/monitor

✅ Serenity 看板已启动
   手机访问: https://resend-zone-cross.ngrok-free.dev/monitor

✅ Serenity 看板已启动
   手机访问: https://resend-zone-cross.ngrok-free.dev/monitor

✅ Serenity 看板已启动
   手机访问: https://resend-zone-cross.ngrok-free.dev/monitor

✅ Serenity 看板已启动
   手机访问: https://resend-zone-cross.ngrok-free.dev/monitor

✅ Serenity 看板已启动
   手机访问: https://resend-zone-cross.ngrok-free.dev/monitor

✅ Serenity 看板已启动
   手机访问: https://resend-zone-cross.ngrok-free.dev/monitor

✅ Serenity 看板已启动
   手机访问: https://resend-zone-cross.ngrok-free.dev/monitor

✅ Serenity 看板已启动
   手机访问: https://resend-zone-cross.ngrok-free.dev/monitor

✅ Serenity 看板已启动
   手机访问: https://resend-zone-cross.ngrok-free.dev/monitor

✅ Serenity 看板已启动
   手机访问: https://resend-zone-cross.ngrok-free.dev/monitor

✅ Serenity 看板已启动
   手机访问: https://resend-zone-cross.ngrok-free.dev/monitor

✅ Serenity 看板已启动
   手机访问: https://resend-zone-cross.ngrok-free.dev/monitor

✅ Serenity 看板已启动
   手机访问: https://resend-zone-cross.ngrok-free.dev/monitor

✅ Serenity 看板已启动
   手机访问: https://resend-zone-cross.ngrok-free.dev/monitor

✅ Serenity 看板已启动
   手机访问: https://resend-zone-cross.ngrok-free.dev/monitor

✅ Serenity 看板已启动
   手机访问: https://resend-zone-cross.ngrok-free.dev/monitor

✅ Serenity 看板已启动
   手机访问: https://resend-zone-cross.ngrok-free.dev/monitor

✅ Serenity 看板已启动
   手机访问: https://resend-zone-cross.ngrok-free.dev/monitor

✅ Serenity 看板已启动
   手机访问: https://resend-zone-cross.ngrok-free.dev/monitor

✅ Serenity 看板已启动
   手机访问: https://resend-zone-cross.ngrok-free.dev/monitor

✅ Serenity 看板已启动
   手机访问: https://resend-zone-cross.ngrok-free.dev/monitor

✅ Serenity 看板已启动
   手机访问: https://resend-zone-cross.ngrok-free.dev/monitor

✅ Serenity 看板已启动
   手机访问: https://resend-zone-cross.ngrok-free.dev/monitor

✅ Serenity 看板已启动
   手机访问: https://resend-zone-cross.ngrok-free.dev/monitor

✅ Serenity 看板已启动
   手机访问: https://resend-zone-cross.ngrok-free.dev/monitor

✅ Serenity 看板已启动
   手机访问: https://resend-zone-cross.ngrok-free.dev/monitor

✅ Serenity 看板已启动
   手机访问: https://resend-zone-cross.ngrok-free.dev/monitor

✅ Serenity 看板已启动
   手机访问: https://resend-zone-cross.ngrok-free.dev/monitor

✅ Serenity 看板已启动
   手机访问: https://resend-zone-cross.ngrok-free.dev/monitor

✅ Serenity 看板已启动
   手机访问: https://resend-zone-cross.ngrok-free.dev/monitor

✅ Serenity 看板已启动
   手机访问: https://resend-zone-cross.ngrok-free.dev/monitor

✅ Serenity 看板已启动
   手机访问: https://resend-zone-cross.ngrok-free.dev/monitor

✅ Serenity 看板已启动
   手机访问: https://resend-zone-cross.ngrok-free.dev/monitor

✅ Serenity 看板已启动
   手机访问: https://resend-zone-cross.ngrok-free.dev/monitor

✅ Serenity 看板已启动
   手机访问: https://resend-zone-cross.ngrok-free.dev/monitor

✅ Serenity 看板已启动
   手机访问: https://resend-zone-cross.ngrok-free.dev/monitor

✅ Serenity 看板已启动
   手机访问: https://resend-zone-cross.ngrok-free.dev/monitor

✅ Serenity 看板已启动
   手机访问: https://resend-zone-cross.ngrok-free.dev/monitor

✅ Serenity 看板已启动
   手机访问: https://resend-zone-cross.ngrok-free.dev/monitor

✅ Serenity 看板已启动
   手机访问: https://resend-zone-cross.ngrok-free.dev/monitor

✅ Serenity 看板已启动
   手机访问: https://resend-zone-cross.ngrok-free.dev/monitor

✅ Serenity 看板已启动
   手机访问: https://resend-zone-cross.ngrok-free.dev/monitor

✅ Serenity 看板已启动
   手机访问: https://resend-zone-cross.ngrok-free.dev/monitor

✅ Serenity 看板已启动
   手机访问: https://resend-zone-cross.ngrok-free.dev/monitor

✅ Serenity 看板已启动
   手机访问: https://resend-zone-cross.ngrok-free.dev/monitor

✅ Serenity 看板已启动
   手机访问: https://resend-zone-cross.ngrok-free.dev/monitor

✅ Serenity 看板已启动
   手机访问: https://resend-zone-cross.ngrok-free.dev/monitor

✅ Serenity 看板已启动
   手机访问: https://resend-zone-cross.ngrok-free.dev/monitor

✅ Serenity 看板已启动
   手机访问: https://resend-zone-cross.ngrok-free.dev/monitor

✅ Serenity 看板已启动
   手机访问: https://resend-zone-cross.ngrok-free.dev/monitor

✅ Serenity 看板已启动
   手机访问: https://resend-zone-cross.ngrok-free.dev/monitor

✅ Serenity 看板已启动
   手机访问: https://resend-zone-cross.ngrok-free.dev/monitor

✅ Serenity 看板已启动
   手机访问: https://resend-zone-cross.ngrok-free.dev/monitor

✅ Serenity 看板已启动
   手机访问: https://resend-zone-cross.ngrok-free.dev/monitor

✅ Serenity 看板已启动
   手机访问: https://resend-zone-cross.ngrok-free.dev/monitor

✅ Serenity 看板已启动
   手机访问: https://resend-zone-cross.ngrok-free.dev/monitor

✅ Serenity 看板已启动
   手机访问: https://resend-zone-cross.ngrok-free.dev/monitor

✅ Serenity 看板已启动
   手机访问: https://resend-zone-cross.ngrok-free.dev/monitor

✅ Serenity 看板已启动
   手机访问: https://resend-zone-cross.ngrok-free.dev/monitor

✅ Serenity 看板已启动
   手机访问: https://resend-zone-cross.ngrok-free.dev/monitor

✅ Serenity 看板已启动
   手机访问: https://resend-zone-cross.ngrok-free.dev/monitor

✅ Serenity 看板已启动
   手机访问: https://resend-zone-cross.ngrok-free.dev/monitor

✅ Serenity 看板已启动
   手机访问: https://resend-zone-cross.ngrok-free.dev/monitor

✅ Serenity 看板已启动
   手机访问: https://resend-zone-cross.ngrok-free.dev/monitor

✅ Serenity 看板已启动
   手机访问: https://resend-zone-cross.ngrok-free.dev/monitor

✅ Serenity 看板已启动
   手机访问: https://resend-zone-cross.ngrok-free.dev/monitor

✅ Serenity 看板已启动
   手机访问: https://resend-zone-cross.ngrok-free.dev/monitor

✅ Serenity 看板已启动
   手机访问: https://resend-zone-cross.ngrok-free.dev/monitor

✅ Serenity 看板已启动
   手机访问: https://resend-zone-cross.ngrok-free.dev/monitor

✅ Serenity 看板已启动
   手机访问: https://resend-zone-cross.ngrok-free.dev/monitor

✅ Serenity 看板已启动
   手机访问: https://resend-zone-cross.ngrok-free.dev/monitor

✅ Serenity 看板已启动
   手机访问: https://resend-zone-cross.ngrok-free.dev/monitor

✅ Serenity 看板已启动
   手机访问: https://resend-zone-cross.ngrok-free.dev/monitor

✅ Serenity 看板已启动
   手机访问: https://resend-zone-cross.ngrok-free.dev/monitor

✅ Serenity 看板已启动
   手机访问: https://resend-zone-cross.ngrok-free.dev/monitor

✅ Serenity 看板已启动
   手机访问: https://resend-zone-cross.ngrok-free.dev/monitor

✅ Serenity 看板已启动
   手机访问: https://resend-zone-cross.ngrok-free.dev/monitor

✅ Serenity 看板已启动
   手机访问: https://resend-zone-cross.ngrok-free.dev/monitor

✅ Serenity 看板已启动
   手机访问: https://resend-zone-cross.ngrok-free.dev/monitor

✅ Serenity 看板已启动
   手机访问: https://resend-zone-cross.ngrok-free.dev/monitor

✅ Serenity 看板已启动
   手机访问: https://resend-zone-cross.ngrok-free.dev/monitor

✅ Serenity 看板已启动
   手机访问: https://resend-zone-cross.ngrok-free.dev/monitor

✅ Serenity 看板已启动
   手机访问: https://resend-zone-cross.ngrok-free.dev/monitor

✅ Serenity 看板已启动
   手机访问: https://resend-zone-cross.ngrok-free.dev/monitor

✅ Serenity 看板已启动
   手机访问: https://resend-zone-cross.ngrok-free.dev/monitor

✅ Serenity 看板已启动
   手机访问: https://resend-zone-cross.ngrok-free.dev/monitor

✅ Serenity 看板已启动
   手机访问: https://resend-zone-cross.ngrok-free.dev/monitor

✅ Serenity 看板已启动
   手机访问: https://resend-zone-cross.ngrok-free.dev/monitor

✅ Serenity 看板已启动
   手机访问: https://resend-zone-cross.ngrok-free.dev/monitor

✅ Serenity 看板已启动
   手机访问: https://resend-zone-cross.ngrok-free.dev/monitor

✅ Serenity 看板已启动
   手机访问: https://resend-zone-cross.ngrok-free.dev/monitor

✅ Serenity 看板已启动
   手机访问: https://resend-zone-cross.ngrok-free.dev/monitor

✅ Serenity 看板已启动
   手机访问: https://resend-zone-cross.ngrok-free.dev/monitor

✅ Serenity 看板已启动
   手机访问: https://resend-zone-cross.ngrok-free.dev/monitor

✅ Serenity 看板已启动
   手机访问: https://resend-zone-cross.ngrok-free.dev/monitor

✅ Serenity 看板已启动
   手机访问: https://resend-zone-cross.ngrok-free.dev/monitor

✅ Serenity 看板已启动
   手机访问: https://resend-zone-cross.ngrok-free.dev/monitor

✅ Serenity 看板已启动
   手机访问: https://resend-zone-cross.ngrok-free.dev/monitor

✅ Serenity 看板已启动
   手机访问: https://resend-zone-cross.ngrok-free.dev/monitor

✅ Serenity 看板已启动
   手机访问: https://resend-zone-cross.ngrok-free.dev/monitor

✅ Serenity 看板已启动
   手机访问: https://resend-zone-cross.ngrok-free.dev/monitor

✅ Serenity 看板已启动
   手机访问: https://resend-zone-cross.ngrok-free.dev/monitor

✅ Serenity 看板已启动
   手机访问: https://resend-zone-cross.ngrok-free.dev/monitor

✅ Serenity 看板已启动
   手机访问: https://resend-zone-cross.ngrok-free.dev/monitor

✅ Serenity 看板已启动
   手机访问: https://resend-zone-cross.ngrok-free.dev/monitor

✅ Serenity 看板已启动
   手机访问: https://resend-zone-cross.ngrok-free.dev/monitor

✅ Serenity 看板已启动
   手机访问: https://resend-zone-cross.ngrok-free.dev/monitor

✅ Serenity 看板已启动
   手机访问: https://resend-zone-cross.ngrok-free.dev/monitor

✅ Serenity 看板已启动
   手机访问: https://resend-zone-cross.ngrok-free.dev/monitor

✅ Serenity 看板已启动
   手机访问: https://resend-zone-cross.ngrok-free.dev/monitor

✅ Serenity 看板已启动
   手机访问: https://resend-zone-cross.ngrok-free.dev/monitor

✅ Serenity 看板已启动
   手机访问: https://resend-zone-cross.ngrok-free.dev/monitor

✅ Serenity 看板已启动
   手机访问: https://resend-zone-cross.ngrok-free.dev/monitor

✅ Serenity 看板已启动
   手机访问: https://resend-zone-cross.ngrok-free.dev/monitor

✅ Serenity 看板已启动
   手机访问: https://resend-zone-cross.ngrok-free.dev/monitor

✅ Serenity 看板已启动
   手机访问: https://resend-zone-cross.ngrok-free.dev/monitor

✅ Serenity 看板已启动
   手机访问: https://resend-zone-cross.ngrok-free.dev/monitor

✅ Serenity 看板已启动
   手机访问: https://resend-zone-cross.ngrok-free.dev/monitor

✅ Serenity 看板已启动
   手机访问: https://resend-zone-cross.ngrok-free.dev/monitor

✅ Serenity 看板已启动
   手机访问: https://resend-zone-cross.ngrok-free.dev/monitor

✅ Serenity 看板已启动
   手机访问: https://resend-zone-cross.ngrok-free.dev/monitor

✅ Serenity 看板已启动
   手机访问: https://resend-zone-cross.ngrok-free.dev/monitor

✅ Serenity 看板已启动
   手机访问: https://resend-zone-cross.ngrok-free.dev/monitor

✅ Serenity 看板已启动
   手机访问: https://resend-zone-cross.ngrok-free.dev/monitor

✅ Serenity 看板已启动
   手机访问: https://resend-zone-cross.ngrok-free.dev/monitor

✅ Serenity 看板已启动
   手机访问: https://resend-zone-cross.ngrok-free.dev/monitor

✅ Serenity 看板已启动
   手机访问: https://resend-zone-cross.ngrok-free.dev/monitor

✅ Serenity 看板已启动
   手机访问: https://resend-zone-cross.ngrok-free.dev/monitor

✅ Serenity 看板已启动
   手机访问: https://resend-zone-cross.ngrok-free.dev/monitor

✅ Serenity 看板已启动
   手机访问: https://resend-zone-cross.ngrok-free.dev/monitor

✅ Serenity 看板已启动
   手机访问: https://resend-zone-cross.ngrok-free.dev/monitor

✅ Serenity 看板已启动
   手机访问: https://resend-zone-cross.ngrok-free.dev/monitor

✅ Serenity 看板已启动
   手机访问: https://resend-zone-cross.ngrok-free.dev/monitor

✅ Serenity 看板已启动
   手机访问: https://resend-zone-cross.ngrok-free.dev/monitor

✅ Serenity 看板已启动
   手机访问: https://resend-zone-cross.ngrok-free.dev/monitor

✅ Serenity 看板已启动
   手机访问: https://resend-zone-cross.ngrok-free.dev/monitor

✅ Serenity 看板已启动
   手机访问: https://resend-zone-cross.ngrok-free.dev/monitor

✅ Serenity 看板已启动
   手机访问: https://resend-zone-cross.ngrok-free.dev/monitor

✅ Serenity 看板已启动
   手机访问: https://resend-zone-cross.ngrok-free.dev/monitor

✅ Serenity 看板已启动
   手机访问: https://resend-zone-cross.ngrok-free.dev/monitor

✅ Serenity 看板已启动
   手机访问: https://resend-zone-cross.ngrok-free.dev/monitor

✅ Serenity 看板已启动
   手机访问: https://resend-zone-cross.ngrok-free.dev/monitor

✅ Serenity 看板已启动
   手机访问: https://resend-zone-cross.ngrok-free.dev/monitor

✅ Serenity 看板已启动
   手机访问: https://resend-zone-cross.ngrok-free.dev/monitor

✅ Serenity 看板已启动
   手机访问: https://resend-zone-cross.ngrok-free.dev/monitor

✅ Serenity 看板已启动
   手机访问: https://resend-zone-cross.ngrok-free.dev/monitor

✅ Serenity 看板已启动
   手机访问: https://resend-zone-cross.ngrok-free.dev/monitor

✅ Serenity 看板已启动
   手机访问: https://resend-zone-cross.ngrok-free.dev/monitor

✅ Serenity 看板已启动
   手机访问: https://resend-zone-cross.ngrok-free.dev/monitor

✅ Serenity 看板已启动
   手机访问: https://resend-zone-cross.ngrok-free.dev/monitor

✅ Serenity 看板已启动
   手机访问: https://resend-zone-cross.ngrok-free.dev/monitor

✅ Serenity 看板已启动
   手机访问: https://resend-zone-cross.ngrok-free.dev/monitor

✅ Serenity 看板已启动
   手机访问: https://resend-zone-cross.ngrok-free.dev/monitor

✅ Serenity 看板已启动
   手机访问: https://resend-zone-cross.ngrok-free.dev/monitor

✅ Serenity 看板已启动
   手机访问: https://resend-zone-cross.ngrok-free.dev/monitor

✅ Serenity 看板已启动
   手机访问: https://resend-zone-cross.ngrok-free.dev/monitor

✅ Serenity 看板已启动
   手机访问: https://resend-zone-cross.ngrok-free.dev/monitor

✅ Serenity 看板已启动
   手机访问: https://resend-zone-cross.ngrok-free.dev/monitor

✅ Serenity 看板已启动
   手机访问: https://resend-zone-cross.ngrok-free.dev/monitor

✅ Serenity 看板已启动
   手机访问: https://resend-zone-cross.ngrok-free.dev/monitor

✅ Serenity 看板已启动
   手机访问: https://resend-zone-cross.ngrok-free.dev/monitor

✅ Serenity 看板已启动
   手机访问: https://resend-zone-cross.ngrok-free.dev/monitor

✅ Serenity 看板已启动
   手机访问: https://resend-zone-cross.ngrok-free.dev/monitor

✅ Serenity 看板已启动
   手机访问: https://resend-zone-cross.ngrok-free.dev/monitor

✅ Serenity 看板已启动
   手机访问: https://resend-zone-cross.ngrok-free.dev/monitor

✅ Serenity 看板已启动
   手机访问: https://resend-zone-cross.ngrok-free.dev/monitor

✅ Serenity 看板已启动
   手机访问: https://resend-zone-cross.ngrok-free.dev/monitor

✅ Serenity 看板已启动
   手机访问: https://resend-zone-cross.ngrok-free.dev/monitor

✅ Serenity 看板已启动
   手机访问: https://resend-zone-cross.ngrok-free.dev/monitor

✅ Serenity 看板已启动
   手机访问: https://resend-zone-cross.ngrok-free.dev/monitor

✅ Serenity 看板已启动
   手机访问: https://resend-zone-cross.ngrok-free.dev/monitor

✅ Serenity 看板已启动
   手机访问: https://resend-zone-cross.ngrok-free.dev/monitor

✅ Serenity 看板已启动
   手机访问: https://resend-zone-cross.ngrok-free.dev/monitor

✅ Serenity 看板已启动
   手机访问: https://resend-zone-cross.ngrok-free.dev/monitor

✅ Serenity 看板已启动
   手机访问: https://resend-zone-cross.ngrok-free.dev/monitor

✅ Serenity 看板已启动
   手机访问: https://resend-zone-cross.ngrok-free.dev/monitor

✅ Serenity 看板已启动
   手机访问: https://resend-zone-cross.ngrok-free.dev/monitor

✅ Serenity 看板已启动
   手机访问: https://resend-zone-cross.ngrok-free.dev/monitor

✅ Serenity 看板已启动
   手机访问: https://resend-zone-cross.ngrok-free.dev/monitor

✅ Serenity 看板已启动
   手机访问: https://resend-zone-cross.ngrok-free.dev/monitor

✅ Serenity 看板已启动
   手机访问: https://resend-zone-cross.ngrok-free.dev/monitor

✅ Serenity 看板已启动
   手机访问: https://resend-zone-cross.ngrok-free.dev/monitor

✅ Serenity 看板已启动
   手机访问: https://resend-zone-cross.ngrok-free.dev/monitor

✅ Serenity 看板已启动
   手机访问: https://resend-zone-cross.ngrok-free.dev/monitor

✅ Serenity 看板已启动
   手机访问: https://resend-zone-cross.ngrok-free.dev/monitor

✅ Serenity 看板已启动
   手机访问: https://resend-zone-cross.ngrok-free.dev/monitor

✅ Serenity 看板已启动
   手机访问: https://resend-zone-cross.ngrok-free.dev/monitor

✅ Serenity 看板已启动
   手机访问: https://resend-zone-cross.ngrok-free.dev/monitor

✅ Serenity 看板已启动
   手机访问: https://resend-zone-cross.ngrok-free.dev/monitor

✅ Serenity 看板已启动
   手机访问: https://resend-zone-cross.ngrok-free.dev/monitor

✅ Serenity 看板已启动
   手机访问: https://resend-zone-cross.ngrok-free.dev/monitor

✅ Serenity 看板已启动
   手机访问: https://resend-zone-cross.ngrok-free.dev/monitor

✅ Serenity 看板已启动
   手机访问: https://resend-zone-cross.ngrok-free.dev/monitor

✅ Serenity 看板已启动
   手机访问: https://resend-zone-cross.ngrok-free.dev/monitor

✅ Serenity 看板已启动
   手机访问: https://resend-zone-cross.ngrok-free.dev/monitor

✅ Serenity 看板已启动
   手机访问: https://resend-zone-cross.ngrok-free.dev/monitor

✅ Serenity 看板已启动
   手机访问: https://resend-zone-cross.ngrok-free.dev/monitor

✅ Serenity 看板已启动
   手机访问: https://resend-zone-cross.ngrok-free.dev/monitor

✅ Serenity 看板已启动
   手机访问: https://resend-zone-cross.ngrok-free.dev/monitor

✅ Serenity 看板已启动
   手机访问: https://resend-zone-cross.ngrok-free.dev/monitor

✅ Serenity 看板已启动
   手机访问: https://resend-zone-cross.ngrok-free.dev/monitor

✅ Serenity 看板已启动
   手机访问: https://resend-zone-cross.ngrok-free.dev/monitor

✅ Serenity 看板已启动
   手机访问: https://resend-zone-cross.ngrok-free.dev/monitor

✅ Serenity 看板已启动
   手机访问: https://resend-zone-cross.ngrok-free.dev/monitor

✅ Serenity 看板已启动
   手机访问: https://resend-zone-cross.ngrok-free.dev/monitor

✅ Serenity 看板已启动
   手机访问: https://resend-zone-cross.ngrok-free.dev/monitor

✅ Serenity 看板已启动
   手机访问: https://resend-zone-cross.ngrok-free.dev/monitor

✅ Serenity 看板已启动
   手机访问: https://resend-zone-cross.ngrok-free.dev/monitor

✅ Serenity 看板已启动
   手机访问: https://resend-zone-cross.ngrok-free.dev/monitor

✅ Serenity 看板已启动
   手机访问: https://resend-zone-cross.ngrok-free.dev/monitor

✅ Serenity 看板已启动
   手机访问: https://resend-zone-cross.ngrok-free.dev/monitor

✅ Serenity 看板已启动
   手机访问: https://resend-zone-cross.ngrok-free.dev/monitor

✅ Serenity 看板已启动
   手机访问: https://resend-zone-cross.ngrok-free.dev/monitor

✅ Serenity 看板已启动
   手机访问: https://resend-zone-cross.ngrok-free.dev/monitor

✅ Serenity 看板已启动
   手机访问: https://resend-zone-cross.ngrok-free.dev/monitor

✅ Serenity 看板已启动
   手机访问: https://resend-zone-cross.ngrok-free.dev/monitor

✅ Serenity 看板已启动
   手机访问: https://resend-zone-cross.ngrok-free.dev/monitor

✅ Serenity 看板已启动
   手机访问: https://resend-zone-cross.ngrok-free.dev/monitor

✅ Serenity 看板已启动
   手机访问: https://resend-zone-cross.ngrok-free.dev/monitor

✅ Serenity 看板已启动
   手机访问: https://resend-zone-cross.ngrok-free.dev/monitor

✅ Serenity 看板已启动
   手机访问: https://resend-zone-cross.ngrok-free.dev/monitor

✅ Serenity 看板已启动
   手机访问: https://resend-zone-cross.ngrok-free.dev/monitor

✅ Serenity 看板已启动
   手机访问: https://resend-zone-cross.ngrok-free.dev/monitor

✅ Serenity 看板已启动
   手机访问: https://resend-zone-cross.ngrok-free.dev/monitor

✅ Serenity 看板已启动
   手机访问: https://resend-zone-cross.ngrok-free.dev/monitor

✅ Serenity 看板已启动
   手机访问: https://resend-zone-cross.ngrok-free.dev/monitor

✅ Serenity 看板已启动
   手机访问: https://resend-zone-cross.ngrok-free.dev/monitor

✅ Serenity 看板已启动
   手机访问: https://resend-zone-cross.ngrok-free.dev/monitor

✅ Serenity 看板已启动
   手机访问: https://resend-zone-cross.ngrok-free.dev/monitor

✅ Serenity 看板已启动
   手机访问: https://resend-zone-cross.ngrok-free.dev/monitor

✅ Serenity 看板已启动
   手机访问: https://resend-zone-cross.ngrok-free.dev/monitor

✅ Serenity 看板已启动
   手机访问: https://resend-zone-cross.ngrok-free.dev/monitor

✅ Serenity 看板已启动
   手机访问: https://resend-zone-cross.ngrok-free.dev/monitor

✅ Serenity 看板已启动
   手机访问: https://resend-zone-cross.ngrok-free.dev/monitor

✅ Serenity 看板已启动
   手机访问: https://resend-zone-cross.ngrok-free.dev/monitor

✅ Serenity 看板已启动
   手机访问: https://resend-zone-cross.ngrok-free.dev/monitor

✅ Serenity 看板已启动
   手机访问: https://resend-zone-cross.ngrok-free.dev/monitor

✅ Serenity 看板已启动
   手机访问: https://resend-zone-cross.ngrok-free.dev/monitor

✅ Serenity 看板已启动
   手机访问: https://resend-zone-cross.ngrok-free.dev/monitor

✅ Serenity 看板已启动
   手机访问: https://resend-zone-cross.ngrok-free.dev/monitor

✅ Serenity 看板已启动
   手机访问: https://resend-zone-cross.ngrok-free.dev/monitor

✅ Serenity 看板已启动
   手机访问: https://resend-zone-cross.ngrok-free.dev/monitor

✅ Serenity 看板已启动
   手机访问: https://resend-zone-cross.ngrok-free.dev/monitor

✅ Serenity 看板已启动
   手机访问: https://resend-zone-cross.ngrok-free.dev/monitor

✅ Serenity 看板已启动
   手机访问: https://resend-zone-cross.ngrok-free.dev/monitor

✅ Serenity 看板已启动
   手机访问: https://resend-zone-cross.ngrok-free.dev/monitor

✅ Serenity 看板已启动
   手机访问: https://resend-zone-cross.ngrok-free.dev/monitor

✅ Serenity 看板已启动
   手机访问: https://resend-zone-cross.ngrok-free.dev/monitor

✅ Serenity 看板已启动
   手机访问: https://resend-zone-cross.ngrok-free.dev/monitor

✅ Serenity 看板已启动
   手机访问: https://resend-zone-cross.ngrok-free.dev/monitor

✅ Serenity 看板已启动
   手机访问: https://resend-zone-cross.ngrok-free.dev/monitor

✅ Serenity 看板已启动
   手机访问: https://resend-zone-cross.ngrok-free.dev/monitor

✅ Serenity 看板已启动
   手机访问: https://resend-zone-cross.ngrok-free.dev/monitor

✅ Serenity 看板已启动
   手机访问: https://resend-zone-cross.ngrok-free.dev/monitor

✅ Serenity 看板已启动
   手机访问: https://resend-zone-cross.ngrok-free.dev/monitor

✅ Serenity 看板已启动
   手机访问: https://resend-zone-cross.ngrok-free.dev/monitor

✅ Serenity 看板已启动
   手机访问: https://resend-zone-cross.ngrok-free.dev/monitor

✅ Serenity 看板已启动
   手机访问: https://resend-zone-cross.ngrok-free.dev/monitor

✅ Serenity 看板已启动
   手机访问: https://resend-zone-cross.ngrok-free.dev/monitor

✅ Serenity 看板已启动
   手机访问: https://resend-zone-cross.ngrok-free.dev/monitor

✅ Serenity 看板已启动
   手机访问: https://resend-zone-cross.ngrok-free.dev/monitor

✅ Serenity 看板已启动
   手机访问: https://resend-zone-cross.ngrok-free.dev/monitor

✅ Serenity 看板已启动
   手机访问: https://resend-zone-cross.ngrok-free.dev/monitor

✅ Serenity 看板已启动
   手机访问: https://resend-zone-cross.ngrok-free.dev/monitor

✅ Serenity 看板已启动
   手机访问: https://resend-zone-cross.ngrok-free.dev/monitor

✅ Serenity 看板已启动
   手机访问: https://resend-zone-cross.ngrok-free.dev/monitor

✅ Serenity 看板已启动
   手机访问: https://resend-zone-cross.ngrok-free.dev/monitor

✅ Serenity 看板已启动
   手机访问: https://resend-zone-cross.ngrok-free.dev/monitor

✅ Serenity 看板已启动
   手机访问: https://resend-zone-cross.ngrok-free.dev/monitor

✅ Serenity 看板已启动
   手机访问: https://resend-zone-cross.ngrok-free.dev/monitor

✅ Serenity 看板已启动
   手机访问: https://resend-zone-cross.ngrok-free.dev/monitor

✅ Serenity 看板已启动
   手机访问: https://resend-zone-cross.ngrok-free.dev/monitor

✅ Serenity 看板已启动
   手机访问: https://resend-zone-cross.ngrok-free.dev/monitor

✅ Serenity 看板已启动
   手机访问: https://resend-zone-cross.ngrok-free.dev/monitor

✅ Serenity 看板已启动
   手机访问: https://resend-zone-cross.ngrok-free.dev/monitor

✅ Serenity 看板已启动
   手机访问: https://resend-zone-cross.ngrok-free.dev/monitor

✅ Serenity 看板已启动
   手机访问: https://resend-zone-cross.ngrok-free.dev/monitor

✅ Serenity 看板已启动
   手机访问: https://resend-zone-cross.ngrok-free.dev/monitor

✅ Serenity 看板已启动
   手机访问: https://resend-zone-cross.ngrok-free.dev/monitor

✅ Serenity 看板已启动
   手机访问: https://resend-zone-cross.ngrok-free.dev/monitor

✅ Serenity 看板已启动
   手机访问: https://resend-zone-cross.ngrok-free.dev/monitor

✅ Serenity 看板已启动
   手机访问: https://resend-zone-cross.ngrok-free.dev/monitor

✅ Serenity 看板已启动
   手机访问: https://resend-zone-cross.ngrok-free.dev/monitor

✅ Serenity 看板已启动
   手机访问: https://resend-zone-cross.ngrok-free.dev/monitor

✅ Serenity 看板已启动
   手机访问: https://resend-zone-cross.ngrok-free.dev/monitor

✅ Serenity 看板已启动
   手机访问: https://resend-zone-cross.ngrok-free.dev/monitor

✅ Serenity 看板已启动
   手机访问: https://resend-zone-cross.ngrok-free.dev/monitor

✅ Serenity 看板已启动
   手机访问: https://resend-zone-cross.ngrok-free.dev/monitor

✅ Serenity 看板已启动
   手机访问: https://resend-zone-cross.ngrok-free.dev/monitor

✅ Serenity 看板已启动
   手机访问: https://resend-zone-cross.ngrok-free.dev/monitor

✅ Serenity 看板已启动
   手机访问: https://resend-zone-cross.ngrok-free.dev/monitor

✅ Serenity 看板已启动
   手机访问: https://resend-zone-cross.ngrok-free.dev/monitor

✅ Serenity 看板已启动
   手机访问: https://resend-zone-cross.ngrok-free.dev/monitor

✅ Serenity 看板已启动
   手机访问: https://resend-zone-cross.ngrok-free.dev/monitor

✅ Serenity 看板已启动
   手机访问: https://resend-zone-cross.ngrok-free.dev/monitor

✅ Serenity 看板已启动
   手机访问: https://resend-zone-cross.ngrok-free.dev/monitor

✅ Serenity 看板已启动
   手机访问: https://resend-zone-cross.ngrok-free.dev/monitor

✅ Serenity 看板已启动
   手机访问: https://resend-zone-cross.ngrok-free.dev/monitor

✅ Serenity 看板已启动
   手机访问: https://resend-zone-cross.ngrok-free.dev/monitor

✅ Serenity 看板已启动
   手机访问: https://resend-zone-cross.ngrok-free.dev/monitor

✅ Serenity 看板已启动
   手机访问: https://resend-zone-cross.ngrok-free.dev/monitor

✅ Serenity 看板已启动
   手机访问: https://resend-zone-cross.ngrok-free.dev/monitor

✅ Serenity 看板已启动
   手机访问: https://resend-zone-cross.ngrok-free.dev/monitor

✅ Serenity 看板已启动
   手机访问: https://resend-zone-cross.ngrok-free.dev/monitor

✅ Serenity 看板已启动
   手机访问: https://resend-zone-cross.ngrok-free.dev/monitor

✅ Serenity 看板已启动
   手机访问: https://resend-zone-cross.ngrok-free.dev/monitor

✅ Serenity 看板已启动
   手机访问: https://resend-zone-cross.ngrok-free.dev/monitor

✅ Serenity 看板已启动
   手机访问: https://resend-zone-cross.ngrok-free.dev/monitor

✅ Serenity 看板已启动
   手机访问: https://resend-zone-cross.ngrok-free.dev/monitor

✅ Serenity 看板已启动
   手机访问: https://resend-zone-cross.ngrok-free.dev/monitor

✅ Serenity 看板已启动
   手机访问: https://resend-zone-cross.ngrok-free.dev/monitor

✅ Serenity 看板已启动
   手机访问: https://resend-zone-cross.ngrok-free.dev/monitor

✅ Serenity 看板已启动
   手机访问: https://resend-zone-cross.ngrok-free.dev/monitor

✅ Serenity 看板已启动
   手机访问: https://resend-zone-cross.ngrok-free.dev/monitor

✅ Serenity 看板已启动
   手机访问: https://resend-zone-cross.ngrok-free.dev/monitor

✅ Serenity 看板已启动
   手机访问: https://resend-zone-cross.ngrok-free.dev/monitor

✅ Serenity 看板已启动
   手机访问: https://resend-zone-cross.ngrok-free.dev/monitor

✅ Serenity 看板已启动
   手机访问: https://resend-zone-cross.ngrok-free.dev/monitor

✅ Serenity 看板已启动
   手机访问: https://resend-zone-cross.ngrok-free.dev/monitor

✅ Serenity 看板已启动
   手机访问: https://resend-zone-cross.ngrok-free.dev/monitor

✅ Serenity 看板已启动
   手机访问: https://resend-zone-cross.ngrok-free.dev/monitor

✅ Serenity 看板已启动
   手机访问: https://resend-zone-cross.ngrok-free.dev/monitor

✅ Serenity 看板已启动
   手机访问: https://resend-zone-cross.ngrok-free.dev/monitor

✅ Serenity 看板已启动
   手机访问: https://resend-zone-cross.ngrok-free.dev/monitor

✅ Serenity 看板已启动
   手机访问: https://resend-zone-cross.ngrok-free.dev/monitor

✅ Serenity 看板已启动
   手机访问: https://resend-zone-cross.ngrok-free.dev/monitor

✅ Serenity 看板已启动
   手机访问: https://resend-zone-cross.ngrok-free.dev/monitor

✅ Serenity 看板已启动
   手机访问: https://resend-zone-cross.ngrok-free.dev/monitor

✅ Serenity 看板已启动
   手机访问: https://resend-zone-cross.ngrok-free.dev/monitor

✅ Serenity 看板已启动
   手机访问: https://resend-zone-cross.ngrok-free.dev/monitor

✅ Serenity 看板已启动
   手机访问: https://resend-zone-cross.ngrok-free.dev/monitor

✅ Serenity 看板已启动
   手机访问: https://resend-zone-cross.ngrok-free.dev/monitor

✅ Serenity 看板已启动
   手机访问: https://resend-zone-cross.ngrok-free.dev/monitor

✅ Serenity 看板已启动
   手机访问: https://resend-zone-cross.ngrok-free.dev/monitor

✅ Serenity 看板已启动
   手机访问: https://resend-zone-cross.ngrok-free.dev/monitor

✅ Serenity 看板已启动
   手机访问: https://resend-zone-cross.ngrok-free.dev/monitor

✅ Serenity 看板已启动
   手机访问: https://resend-zone-cross.ngrok-free.dev/monitor

✅ Serenity 看板已启动
   手机访问: https://resend-zone-cross.ngrok-free.dev/monitor

✅ Serenity 看板已启动
   手机访问: https://resend-zone-cross.ngrok-free.dev/monitor

✅ Serenity 看板已启动
   手机访问: https://resend-zone-cross.ngrok-free.dev/monitor

✅ Serenity 看板已启动
   手机访问: https://resend-zone-cross.ngrok-free.dev/monitor

✅ Serenity 看板已启动
   手机访问: https://resend-zone-cross.ngrok-free.dev/monitor

✅ Serenity 看板已启动
   手机访问: https://resend-zone-cross.ngrok-free.dev/monitor

✅ Serenity 看板已启动
   手机访问: https://resend-zone-cross.ngrok-free.dev/monitor

✅ Serenity 看板已启动
   手机访问: https://resend-zone-cross.ngrok-free.dev/monitor

✅ Serenity 看板已启动
   手机访问: https://resend-zone-cross.ngrok-free.dev/monitor

✅ Serenity 看板已启动
   手机访问: https://resend-zone-cross.ngrok-free.dev/monitor

✅ Serenity 看板已启动
   手机访问: https://resend-zone-cross.ngrok-free.dev/monitor

✅ Serenity 看板已启动
   手机访问: https://resend-zone-cross.ngrok-free.dev/monitor

✅ Serenity 看板已启动
   手机访问: https://resend-zone-cross.ngrok-free.dev/monitor

✅ Serenity 看板已启动
   手机访问: https://resend-zone-cross.ngrok-free.dev/monitor

✅ Serenity 看板已启动
   手机访问: https://resend-zone-cross.ngrok-free.dev/monitor

✅ Serenity 看板已启动
   手机访问: https://resend-zone-cross.ngrok-free.dev/monitor

✅ Serenity 看板已启动
   手机访问: https://resend-zone-cross.ngrok-free.dev/monitor

✅ Serenity 看板已启动
   手机访问: https://resend-zone-cross.ngrok-free.dev/monitor

✅ Serenity 看板已启动
   手机访问: https://resend-zone-cross.ngrok-free.dev/monitor

✅ Serenity 看板已启动
   手机访问: https://resend-zone-cross.ngrok-free.dev/monitor

✅ Serenity 看板已启动
   手机访问: https://resend-zone-cross.ngrok-free.dev/monitor

✅ Serenity 看板已启动
   手机访问: https://resend-zone-cross.ngrok-free.dev/monitor

✅ Serenity 看板已启动
   手机访问: https://resend-zone-cross.ngrok-free.dev/monitor

✅ Serenity 看板已启动
   手机访问: https://resend-zone-cross.ngrok-free.dev/monitor

✅ Serenity 看板已启动
   手机访问: https://resend-zone-cross.ngrok-free.dev/monitor

✅ Serenity 看板已启动
   手机访问: https://resend-zone-cross.ngrok-free.dev/monitor

✅ Serenity 看板已启动
   手机访问: https://resend-zone-cross.ngrok-free.dev/monitor

✅ Serenity 看板已启动
   手机访问: https://resend-zone-cross.ngrok-free.dev/monitor

✅ Serenity 看板已启动
   手机访问: https://resend-zone-cross.ngrok-free.dev/monitor

✅ Serenity 看板已启动
   手机访问: https://resend-zone-cross.ngrok-free.dev/monitor

✅ Serenity 看板已启动
   手机访问: https://resend-zone-cross.ngrok-free.dev/monitor

✅ Serenity 看板已启动
   手机访问: https://resend-zone-cross.ngrok-free.dev/monitor

✅ Serenity 看板已启动
   手机访问: https://resend-zone-cross.ngrok-free.dev/monitor

✅ Serenity 看板已启动
   手机访问: https://resend-zone-cross.ngrok-free.dev/monitor

✅ Serenity 看板已启动
   手机访问: https://resend-zone-cross.ngrok-free.dev/monitor

✅ Serenity 看板已启动
   手机访问: https://resend-zone-cross.ngrok-free.dev/monitor

✅ Serenity 看板已启动
   手机访问: https://resend-zone-cross.ngrok-free.dev/monitor

✅ Serenity 看板已启动
   手机访问: https://resend-zone-cross.ngrok-free.dev/monitor

✅ Serenity 看板已启动
   手机访问: https://resend-zone-cross.ngrok-free.dev/monitor

✅ Serenity 看板已启动
   手机访问: https://resend-zone-cross.ngrok-free.dev/monitor

✅ Serenity 看板已启动
   手机访问: https://resend-zone-cross.ngrok-free.dev/monitor

✅ Serenity 看板已启动
   手机访问: https://resend-zone-cross.ngrok-free.dev/monitor

✅ Serenity 看板已启动
   手机访问: https://resend-zone-cross.ngrok-free.dev/monitor

✅ Serenity 看板已启动
   手机访问: https://resend-zone-cross.ngrok-free.dev/monitor

✅ Serenity 看板已启动
   手机访问: https://resend-zone-cross.ngrok-free.dev/monitor

✅ Serenity 看板已启动
   手机访问: https://resend-zone-cross.ngrok-free.dev/monitor

✅ Serenity 看板已启动
   手机访问: https://resend-zone-cross.ngrok-free.dev/monitor

✅ Serenity 看板已启动
   手机访问: https://resend-zone-cross.ngrok-free.dev/monitor

✅ Serenity 看板已启动
   手机访问: https://resend-zone-cross.ngrok-free.dev/monitor

✅ Serenity 看板已启动
   手机访问: https://resend-zone-cross.ngrok-free.dev/monitor

✅ Serenity 看板已启动
   手机访问: https://resend-zone-cross.ngrok-free.dev/monitor

✅ Serenity 看板已启动
   手机访问: https://resend-zone-cross.ngrok-free.dev/monitor

✅ Serenity 看板已启动
   手机访问: https://resend-zone-cross.ngrok-free.dev/monitor

✅ Serenity 看板已启动
   手机访问: https://resend-zone-cross.ngrok-free.dev/monitor

✅ Serenity 看板已启动
   手机访问: https://resend-zone-cross.ngrok-free.dev/monitor

✅ Serenity 看板已启动
   手机访问: https://resend-zone-cross.ngrok-free.dev/monitor

✅ Serenity 看板已启动
   手机访问: https://resend-zone-cross.ngrok-free.dev/monitor

✅ Serenity 看板已启动
   手机访问: https://resend-zone-cross.ngrok-free.dev/monitor

✅ Serenity 看板已启动
   手机访问: https://resend-zone-cross.ngrok-free.dev/monitor

✅ Serenity 看板已启动
   手机访问: https://resend-zone-cross.ngrok-free.dev/monitor

✅ Serenity 看板已启动
   手机访问: https://resend-zone-cross.ngrok-free.dev/monitor

✅ Serenity 看板已启动
   手机访问: https://resend-zone-cross.ngrok-free.dev/monitor

✅ Serenity 看板已启动
   手机访问: https://resend-zone-cross.ngrok-free.dev/monitor

✅ Serenity 看板已启动
   手机访问: https://resend-zone-cross.ngrok-free.dev/monitor

✅ Serenity 看板已启动
   手机访问: https://resend-zone-cross.ngrok-free.dev/monitor

✅ Serenity 看板已启动
   手机访问: https://resend-zone-cross.ngrok-free.dev/monitor

✅ Serenity 看板已启动
   手机访问: https://resend-zone-cross.ngrok-free.dev/monitor

✅ Serenity 看板已启动
   手机访问: https://resend-zone-cross.ngrok-free.dev/monitor

✅ Serenity 看板已启动
   手机访问: https://resend-zone-cross.ngrok-free.dev/monitor

✅ Serenity 看板已启动
   手机访问: https://resend-zone-cross.ngrok-free.dev/monitor

✅ Serenity 看板已启动
   手机访问: https://resend-zone-cross.ngrok-free.dev/monitor

✅ Serenity 看板已启动
   手机访问: https://resend-zone-cross.ngrok-free.dev/monitor

✅ Serenity 看板已启动
   手机访问: https://resend-zone-cross.ngrok-free.dev/monitor

✅ Serenity 看板已启动
   手机访问: https://resend-zone-cross.ngrok-free.dev/monitor

✅ Serenity 看板已启动
   手机访问: https://resend-zone-cross.ngrok-free.dev/monitor

✅ Serenity 看板已启动
   手机访问: https://resend-zone-cross.ngrok-free.dev/monitor

✅ Serenity 看板已启动
   手机访问: https://resend-zone-cross.ngrok-free.dev/monitor

✅ Serenity 看板已启动
   手机访问: https://resend-zone-cross.ngrok-free.dev/monitor

✅ Serenity 看板已启动
   手机访问: https://resend-zone-cross.ngrok-free.dev/monitor

✅ Serenity 看板已启动
   手机访问: https://resend-zone-cross.ngrok-free.dev/monitor

✅ Serenity 看板已启动
   手机访问: https://resend-zone-cross.ngrok-free.dev/monitor

✅ Serenity 看板已启动
   手机访问: https://resend-zone-cross.ngrok-free.dev/monitor

✅ Serenity 看板已启动
   手机访问: https://resend-zone-cross.ngrok-free.dev/monitor

✅ Serenity 看板已启动
   手机访问: https://resend-zone-cross.ngrok-free.dev/monitor

✅ Serenity 看板已启动
   手机访问: https://resend-zone-cross.ngrok-free.dev/monitor

✅ Serenity 看板已启动
   手机访问: https://resend-zone-cross.ngrok-free.dev/monitor

✅ Serenity 看板已启动
   手机访问: https://resend-zone-cross.ngrok-free.dev/monitor

✅ Serenity 看板已启动
   手机访问: https://resend-zone-cross.ngrok-free.dev/monitor

✅ Serenity 看板已启动
   手机访问: https://resend-zone-cross.ngrok-free.dev/monitor

✅ Serenity 看板已启动
   手机访问: https://resend-zone-cross.ngrok-free.dev/monitor

✅ Serenity 看板已启动
   手机访问: https://resend-zone-cross.ngrok-free.dev/monitor

✅ Serenity 看板已启动
   手机访问: https://resend-zone-cross.ngrok-free.dev/monitor

✅ Serenity 看板已启动
   手机访问: https://resend-zone-cross.ngrok-free.dev/monitor

✅ Serenity 看板已启动
   手机访问: https://resend-zone-cross.ngrok-free.dev/monitor

✅ Serenity 看板已启动
   手机访问: https://resend-zone-cross.ngrok-free.dev/monitor

✅ Serenity 看板已启动
   手机访问: https://resend-zone-cross.ngrok-free.dev/monitor

✅ Serenity 看板已启动
   手机访问: https://resend-zone-cross.ngrok-free.dev/monitor

✅ Serenity 看板已启动
   手机访问: https://resend-zone-cross.ngrok-free.dev/monitor

✅ Serenity 看板已启动
   手机访问: https://resend-zone-cross.ngrok-free.dev/monitor

✅ Serenity 看板已启动
   手机访问: https://resend-zone-cross.ngrok-free.dev/monitor

✅ Serenity 看板已启动
   手机访问: https://resend-zone-cross.ngrok-free.dev/monitor

✅ Serenity 看板已启动
   手机访问: https://resend-zone-cross.ngrok-free.dev/monitor

✅ Serenity 看板已启动
   手机访问: https://resend-zone-cross.ngrok-free.dev/monitor

✅ Serenity 看板已启动
   手机访问: https://resend-zone-cross.ngrok-free.dev/monitor

✅ Serenity 看板已启动
   手机访问: https://resend-zone-cross.ngrok-free.dev/monitor

✅ Serenity 看板已启动
   手机访问: https://resend-zone-cross.ngrok-free.dev/monitor

✅ Serenity 看板已启动
   手机访问: https://resend-zone-cross.ngrok-free.dev/monitor

✅ Serenity 看板已启动
   手机访问: https://resend-zone-cross.ngrok-free.dev/monitor

✅ Serenity 看板已启动
   手机访问: https://resend-zone-cross.ngrok-free.dev/monitor

✅ Serenity 看板已启动
   手机访问: https://resend-zone-cross.ngrok-free.dev/monitor

✅ Serenity 看板已启动
   手机访问: https://resend-zone-cross.ngrok-free.dev/monitor

✅ Serenity 看板已启动
   手机访问: https://resend-zone-cross.ngrok-free.dev/monitor

✅ Serenity 看板已启动
   手机访问: https://resend-zone-cross.ngrok-free.dev/monitor

✅ Serenity 看板已启动
   手机访问: https://resend-zone-cross.ngrok-free.dev/monitor

✅ Serenity 看板已启动
   手机访问: https://resend-zone-cross.ngrok-free.dev/monitor

✅ Serenity 看板已启动
   手机访问: https://resend-zone-cross.ngrok-free.dev/monitor

✅ Serenity 看板已启动
   手机访问: https://resend-zone-cross.ngrok-free.dev/monitor

✅ Serenity 看板已启动
   手机访问: https://resend-zone-cross.ngrok-free.dev/monitor

✅ Serenity 看板已启动
   手机访问: https://resend-zone-cross.ngrok-free.dev/monitor

✅ Serenity 看板已启动
   手机访问: https://resend-zone-cross.ngrok-free.dev/monitor

✅ Serenity 看板已启动
   手机访问: https://resend-zone-cross.ngrok-free.dev/monitor

✅ Serenity 看板已启动
   手机访问: https://resend-zone-cross.ngrok-free.dev/monitor

✅ Serenity 看板已启动
   手机访问: https://resend-zone-cross.ngrok-free.dev/monitor

✅ Serenity 看板已启动
   手机访问: https://resend-zone-cross.ngrok-free.dev/monitor

✅ Serenity 看板已启动
   手机访问: https://resend-zone-cross.ngrok-free.dev/monitor

✅ Serenity 看板已启动
   手机访问: https://resend-zone-cross.ngrok-free.dev/monitor

✅ Serenity 看板已启动
   手机访问: https://resend-zone-cross.ngrok-free.dev/monitor

✅ Serenity 看板已启动
   手机访问: https://resend-zone-cross.ngrok-free.dev/monitor

✅ Serenity 看板已启动
   手机访问: https://resend-zone-cross.ngrok-free.dev/monitor

✅ Serenity 看板已启动
   手机访问: https://resend-zone-cross.ngrok-free.dev/monitor

✅ Serenity 看板已启动
   手机访问: https://resend-zone-cross.ngrok-free.dev/monitor

✅ Serenity 看板已启动
   手机访问: https://resend-zone-cross.ngrok-free.dev/monitor

✅ Serenity 看板已启动
   手机访问: https://resend-zone-cross.ngrok-free.dev/monitor

✅ Serenity 看板已启动
   手机访问: https://resend-zone-cross.ngrok-free.dev/monitor

✅ Serenity 看板已启动
   手机访问: https://resend-zone-cross.ngrok-free.dev/monitor

✅ Serenity 看板已启动
   手机访问: https://resend-zone-cross.ngrok-free.dev/monitor

✅ Serenity 看板已启动
   手机访问: https://resend-zone-cross.ngrok-free.dev/monitor

✅ Serenity 看板已启动
   手机访问: https://resend-zone-cross.ngrok-free.dev/monitor

✅ Serenity 看板已启动
   手机访问: https://resend-zone-cross.ngrok-free.dev/monitor

✅ Serenity 看板已启动
   手机访问: https://resend-zone-cross.ngrok-free.dev/monitor

✅ Serenity 看板已启动
   手机访问: https://resend-zone-cross.ngrok-free.dev/monitor

✅ Serenity 看板已启动
   手机访问: https://resend-zone-cross.ngrok-free.dev/monitor

✅ Serenity 看板已启动
   手机访问: https://resend-zone-cross.ngrok-free.dev/monitor

✅ Serenity 看板已启动
   手机访问: https://resend-zone-cross.ngrok-free.dev/monitor

✅ Serenity 看板已启动
   手机访问: https://resend-zone-cross.ngrok-free.dev/monitor

✅ Serenity 看板已启动
   手机访问: https://resend-zone-cross.ngrok-free.dev/monitor

✅ Serenity 看板已启动
   手机访问: https://resend-zone-cross.ngrok-free.dev/monitor

✅ Serenity 看板已启动
   手机访问: https://resend-zone-cross.ngrok-free.dev/monitor

✅ Serenity 看板已启动
   手机访问: https://resend-zone-cross.ngrok-free.dev/monitor

✅ Serenity 看板已启动
   手机访问: https://resend-zone-cross.ngrok-free.dev/monitor

✅ Serenity 看板已启动
   手机访问: https://resend-zone-cross.ngrok-free.dev/monitor

✅ Serenity 看板已启动
   手机访问: https://resend-zone-cross.ngrok-free.dev/monitor

✅ Serenity 看板已启动
   手机访问: https://resend-zone-cross.ngrok-free.dev/monitor

✅ Serenity 看板已启动
   手机访问: https://resend-zone-cross.ngrok-free.dev/monitor

✅ Serenity 看板已启动
   手机访问: https://resend-zone-cross.ngrok-free.dev/monitor

✅ Serenity 看板已启动
   手机访问: https://resend-zone-cross.ngrok-free.dev/monitor

✅ Serenity 看板已启动
   手机访问: https://resend-zone-cross.ngrok-free.dev/monitor

✅ Serenity 看板已启动
   手机访问: https://resend-zone-cross.ngrok-free.dev/monitor

✅ Serenity 看板已启动
   手机访问: https://resend-zone-cross.ngrok-free.dev/monitor

✅ Serenity 看板已启动
   手机访问: https://resend-zone-cross.ngrok-free.dev/monitor

✅ Serenity 看板已启动
   手机访问: https://resend-zone-cross.ngrok-free.dev/monitor

✅ Serenity 看板已启动
   手机访问: https://resend-zone-cross.ngrok-free.dev/monitor

✅ Serenity 看板已启动
   手机访问: https://resend-zone-cross.ngrok-free.dev/monitor

✅ Serenity 看板已启动
   手机访问: https://resend-zone-cross.ngrok-free.dev/monitor

✅ Serenity 看板已启动
   手机访问: https://resend-zone-cross.ngrok-free.dev/monitor

✅ Serenity 看板已启动
   手机访问: https://resend-zone-cross.ngrok-free.dev/monitor

✅ Serenity 看板已启动
   手机访问: https://resend-zone-cross.ngrok-free.dev/monitor

✅ Serenity 看板已启动
   手机访问: https://resend-zone-cross.ngrok-free.dev/monitor

✅ Serenity 看板已启动
   手机访问: https://resend-zone-cross.ngrok-free.dev/monitor

✅ Serenity 看板已启动
   手机访问: https://resend-zone-cross.ngrok-free.dev/monitor

✅ Serenity 看板已启动
   手机访问: https://resend-zone-cross.ngrok-free.dev/monitor

✅ Serenity 看板已启动
   手机访问: https://resend-zone-cross.ngrok-free.dev/monitor

✅ Serenity 看板已启动
   手机访问: https://resend-zone-cross.ngrok-free.dev/monitor

✅ Serenity 看板已启动
   手机访问: https://resend-zone-cross.ngrok-free.dev/monitor

✅ Serenity 看板已启动
   手机访问: https://resend-zone-cross.ngrok-free.dev/monitor

✅ Serenity 看板已启动
   手机访问: https://resend-zone-cross.ngrok-free.dev/monitor

✅ Serenity 看板已启动
   手机访问: https://resend-zone-cross.ngrok-free.dev/monitor

✅ Serenity 看板已启动
   手机访问: https://resend-zone-cross.ngrok-free.dev/monitor

✅ Serenity 看板已启动
   手机访问: https://resend-zone-cross.ngrok-free.dev/monitor

✅ Serenity 看板已启动
   手机访问: https://resend-zone-cross.ngrok-free.dev/monitor

✅ Serenity 看板已启动
   手机访问: https://resend-zone-cross.ngrok-free.dev/monitor

✅ Serenity 看板已启动
   手机访问: https://resend-zone-cross.ngrok-free.dev/monitor

✅ Serenity 看板已启动
   手机访问: https://resend-zone-cross.ngrok-free.dev/monitor

✅ Serenity 看板已启动
   手机访问: https://resend-zone-cross.ngrok-free.dev/monitor

✅ Serenity 看板已启动
   手机访问: https://resend-zone-cross.ngrok-free.dev/monitor

✅ Serenity 看板已启动
   手机访问: https://resend-zone-cross.ngrok-free.dev/monitor

✅ Serenity 看板已启动
   手机访问: https://resend-zone-cross.ngrok-free.dev/monitor

✅ Serenity 看板已启动
   手机访问: https://resend-zone-cross.ngrok-free.dev/monitor

✅ Serenity 看板已启动
   手机访问: https://resend-zone-cross.ngrok-free.dev/monitor

✅ Serenity 看板已启动
   手机访问: https://resend-zone-cross.ngrok-free.dev/monitor

✅ Serenity 看板已启动
   手机访问: https://resend-zone-cross.ngrok-free.dev/monitor

✅ Serenity 看板已启动
   手机访问: https://resend-zone-cross.ngrok-free.dev/monitor

✅ Serenity 看板已启动
   手机访问: https://resend-zone-cross.ngrok-free.dev/monitor

✅ Serenity 看板已启动
   手机访问: https://resend-zone-cross.ngrok-free.dev/monitor

✅ Serenity 看板已启动
   手机访问: https://resend-zone-cross.ngrok-free.dev/monitor

✅ Serenity 看板已启动
   手机访问: https://resend-zone-cross.ngrok-free.dev/monitor

✅ Serenity 看板已启动
   手机访问: https://resend-zone-cross.ngrok-free.dev/monitor

✅ Serenity 看板已启动
   手机访问: https://resend-zone-cross.ngrok-free.dev/monitor

✅ Serenity 看板已启动
   手机访问: https://resend-zone-cross.ngrok-free.dev/monitor

✅ Serenity 看板已启动
   手机访问: https://resend-zone-cross.ngrok-free.dev/monitor

✅ Serenity 看板已启动
   手机访问: https://resend-zone-cross.ngrok-free.dev/monitor

✅ Serenity 看板已启动
   手机访问: https://resend-zone-cross.ngrok-free.dev/monitor

✅ Serenity 看板已启动
   手机访问: https://resend-zone-cross.ngrok-free.dev/monitor

✅ Serenity 看板已启动
   手机访问: https://resend-zone-cross.ngrok-free.dev/monitor

✅ Serenity 看板已启动
   手机访问: https://resend-zone-cross.ngrok-free.dev/monitor

✅ Serenity 看板已启动
   手机访问: https://resend-zone-cross.ngrok-free.dev/monitor

✅ Serenity 看板已启动
   手机访问: https://resend-zone-cross.ngrok-free.dev/monitor

✅ Serenity 看板已启动
   手机访问: https://resend-zone-cross.ngrok-free.dev/monitor

✅ Serenity 看板已启动
   手机访问: https://resend-zone-cross.ngrok-free.dev/monitor

✅ Serenity 看板已启动
   手机访问: https://resend-zone-cross.ngrok-free.dev/monitor

✅ Serenity 看板已启动
   手机访问: https://resend-zone-cross.ngrok-free.dev/monitor

✅ Serenity 看板已启动
   手机访问: https://resend-zone-cross.ngrok-free.dev/monitor

✅ Serenity 看板已启动
   手机访问: https://resend-zone-cross.ngrok-free.dev/monitor

✅ Serenity 看板已启动
   手机访问: https://resend-zone-cross.ngrok-free.dev/monitor

✅ Serenity 看板已启动
   手机访问: https://resend-zone-cross.ngrok-free.dev/monitor

✅ Serenity 看板已启动
   手机访问: https://resend-zone-cross.ngrok-free.dev/monitor

✅ Serenity 看板已启动
   手机访问: https://resend-zone-cross.ngrok-free.dev/monitor

✅ Serenity 看板已启动
   手机访问: https://resend-zone-cross.ngrok-free.dev/monitor

✅ Serenity 看板已启动
   手机访问: https://resend-zone-cross.ngrok-free.dev/monitor

✅ Serenity 看板已启动
   手机访问: https://resend-zone-cross.ngrok-free.dev/monitor

✅ Serenity 看板已启动
   手机访问: https://resend-zone-cross.ngrok-free.dev/monitor

✅ Serenity 看板已启动
   手机访问: https://resend-zone-cross.ngrok-free.dev/monitor

✅ Serenity 看板已启动
   手机访问: https://resend-zone-cross.ngrok-free.dev/monitor

✅ Serenity 看板已启动
   手机访问: https://resend-zone-cross.ngrok-free.dev/monitor

✅ Serenity 看板已启动
   手机访问: https://resend-zone-cross.ngrok-free.dev/monitor

✅ Serenity 看板已启动
   手机访问: https://resend-zone-cross.ngrok-free.dev/monitor

✅ Serenity 看板已启动
   手机访问: https://resend-zone-cross.ngrok-free.dev/monitor

✅ Serenity 看板已启动
   手机访问: https://resend-zone-cross.ngrok-free.dev/monitor

✅ Serenity 看板已启动
   手机访问: https://resend-zone-cross.ngrok-free.dev/monitor

✅ Serenity 看板已启动
   手机访问: https://resend-zone-cross.ngrok-free.dev/monitor

✅ Serenity 看板已启动
   手机访问: https://resend-zone-cross.ngrok-free.dev/monitor

✅ Serenity 看板已启动
   手机访问: https://resend-zone-cross.ngrok-free.dev/monitor

✅ Serenity 看板已启动
   手机访问: https://resend-zone-cross.ngrok-free.dev/monitor

✅ Serenity 看板已启动
   手机访问: https://resend-zone-cross.ngrok-free.dev/monitor

✅ Serenity 看板已启动
   手机访问: https://resend-zone-cross.ngrok-free.dev/monitor

✅ Serenity 看板已启动
   手机访问: https://resend-zone-cross.ngrok-free.dev/monitor

✅ Serenity 看板已启动
   手机访问: https://resend-zone-cross.ngrok-free.dev/monitor

✅ Serenity 看板已启动
   手机访问: https://resend-zone-cross.ngrok-free.dev/monitor

✅ Serenity 看板已启动
   手机访问: https://resend-zone-cross.ngrok-free.dev/monitor

✅ Serenity 看板已启动
   手机访问: https://resend-zone-cross.ngrok-free.dev/monitor

✅ Serenity 看板已启动
   手机访问: https://resend-zone-cross.ngrok-free.dev/monitor

✅ Serenity 看板已启动
   手机访问: https://resend-zone-cross.ngrok-free.dev/monitor

✅ Serenity 看板已启动
   手机访问: https://resend-zone-cross.ngrok-free.dev/monitor

✅ Serenity 看板已启动
   手机访问: https://resend-zone-cross.ngrok-free.dev/monitor

✅ Serenity 看板已启动
   手机访问: https://resend-zone-cross.ngrok-free.dev/monitor

✅ Serenity 看板已启动
   手机访问: https://resend-zone-cross.ngrok-free.dev/monitor

✅ Serenity 看板已启动
   手机访问: https://resend-zone-cross.ngrok-free.dev/monitor

✅ Serenity 看板已启动
   手机访问: https://resend-zone-cross.ngrok-free.dev/monitor

✅ Serenity 看板已启动
   手机访问: https://resend-zone-cross.ngrok-free.dev/monitor

✅ Serenity 看板已启动
   手机访问: https://resend-zone-cross.ngrok-free.dev/monitor

✅ Serenity 看板已启动
   手机访问: https://resend-zone-cross.ngrok-free.dev/monitor

✅ Serenity 看板已启动
   手机访问: https://resend-zone-cross.ngrok-free.dev/monitor

✅ Serenity 看板已启动
   手机访问: https://resend-zone-cross.ngrok-free.dev/monitor

✅ Serenity 看板已启动
   手机访问: https://resend-zone-cross.ngrok-free.dev/monitor

✅ Serenity 看板已启动
   手机访问: https://resend-zone-cross.ngrok-free.dev/monitor

✅ Serenity 看板已启动
   手机访问: https://resend-zone-cross.ngrok-free.dev/monitor

✅ Serenity 看板已启动
   手机访问: https://resend-zone-cross.ngrok-free.dev/monitor

✅ Serenity 看板已启动
   手机访问: https://resend-zone-cross.ngrok-free.dev/monitor

✅ Serenity 看板已启动
   手机访问: https://resend-zone-cross.ngrok-free.dev/monitor

✅ Serenity 看板已启动
   手机访问: https://resend-zone-cross.ngrok-free.dev/monitor

✅ Serenity 看板已启动
   手机访问: https://resend-zone-cross.ngrok-free.dev/monitor

✅ Serenity 看板已启动
   手机访问: https://resend-zone-cross.ngrok-free.dev/monitor

✅ Serenity 看板已启动
   手机访问: https://resend-zone-cross.ngrok-free.dev/monitor

✅ Serenity 看板已启动
   手机访问: https://resend-zone-cross.ngrok-free.dev/monitor

✅ Serenity 看板已启动
   手机访问: https://resend-zone-cross.ngrok-free.dev/monitor

✅ Serenity 看板已启动
   手机访问: https://resend-zone-cross.ngrok-free.dev/monitor

✅ Serenity 看板已启动
   手机访问: https://resend-zone-cross.ngrok-free.dev/monitor

✅ Serenity 看板已启动
   手机访问: https://resend-zone-cross.ngrok-free.dev/monitor

✅ Serenity 看板已启动
   手机访问: https://resend-zone-cross.ngrok-free.dev/monitor

✅ Serenity 看板已启动
   手机访问: https://resend-zone-cross.ngrok-free.dev/monitor

✅ Serenity 看板已启动
   手机访问: https://resend-zone-cross.ngrok-free.dev/monitor

✅ Serenity 看板已启动
   手机访问: https://resend-zone-cross.ngrok-free.dev/monitor

✅ Serenity 看板已启动
   手机访问: https://resend-zone-cross.ngrok-free.dev/monitor

✅ Serenity 看板已启动
   手机访问: https://resend-zone-cross.ngrok-free.dev/monitor

✅ Serenity 看板已启动
   手机访问: https://resend-zone-cross.ngrok-free.dev/monitor

✅ Serenity 看板已启动
   手机访问: https://resend-zone-cross.ngrok-free.dev/monitor

✅ Serenity 看板已启动
   手机访问: https://resend-zone-cross.ngrok-free.dev/monitor

✅ Serenity 看板已启动
   手机访问: https://resend-zone-cross.ngrok-free.dev/monitor

✅ Serenity 看板已启动
   手机访问: https://resend-zone-cross.ngrok-free.dev/monitor

✅ Serenity 看板已启动
   手机访问: https://resend-zone-cross.ngrok-free.dev/monitor

✅ Serenity 看板已启动
   手机访问: https://resend-zone-cross.ngrok-free.dev/monitor

✅ Serenity 看板已启动
   手机访问: https://resend-zone-cross.ngrok-free.dev/monitor

✅ Serenity 看板已启动
   手机访问: https://resend-zone-cross.ngrok-free.dev/monitor

✅ Serenity 看板已启动
   手机访问: https://resend-zone-cross.ngrok-free.dev/monitor

✅ Serenity 看板已启动
   手机访问: https://resend-zone-cross.ngrok-free.dev/monitor

✅ Serenity 看板已启动
   手机访问: https://resend-zone-cross.ngrok-free.dev/monitor

✅ Serenity 看板已启动
   手机访问: https://resend-zone-cross.ngrok-free.dev/monitor

✅ Serenity 看板已启动
   手机访问: https://resend-zone-cross.ngrok-free.dev/monitor

✅ Serenity 看板已启动
   手机访问: https://resend-zone-cross.ngrok-free.dev/monitor

✅ Serenity 看板已启动
   手机访问: https://resend-zone-cross.ngrok-free.dev/monitor

✅ Serenity 看板已启动
   手机访问: https://resend-zone-cross.ngrok-free.dev/monitor

✅ Serenity 看板已启动
   手机访问: https://resend-zone-cross.ngrok-free.dev/monitor

✅ Serenity 看板已启动
   手机访问: https://resend-zone-cross.ngrok-free.dev/monitor

✅ Serenity 看板已启动
   手机访问: https://resend-zone-cross.ngrok-free.dev/monitor

✅ Serenity 看板已启动
   手机访问: https://resend-zone-cross.ngrok-free.dev/monitor

✅ Serenity 看板已启动
   手机访问: https://resend-zone-cross.ngrok-free.dev/monitor

✅ Serenity 看板已启动
   手机访问: https://resend-zone-cross.ngrok-free.dev/monitor

✅ Serenity 看板已启动
   手机访问: https://resend-zone-cross.ngrok-free.dev/monitor

✅ Serenity 看板已启动
   手机访问: https://resend-zone-cross.ngrok-free.dev/monitor

✅ Serenity 看板已启动
   手机访问: https://resend-zone-cross.ngrok-free.dev/monitor

✅ Serenity 看板已启动
   手机访问: https://resend-zone-cross.ngrok-free.dev/monitor

✅ Serenity 看板已启动
   手机访问: https://resend-zone-cross.ngrok-free.dev/monitor

✅ Serenity 看板已启动
   手机访问: https://resend-zone-cross.ngrok-free.dev/monitor

✅ Serenity 看板已启动
   手机访问: https://resend-zone-cross.ngrok-free.dev/monitor

✅ Serenity 看板已启动
   手机访问: https://resend-zone-cross.ngrok-free.dev/monitor

✅ Serenity 看板已启动
   手机访问: https://resend-zone-cross.ngrok-free.dev/monitor

✅ Serenity 看板已启动
   手机访问: https://resend-zone-cross.ngrok-free.dev/monitor

✅ Serenity 看板已启动
   手机访问: https://resend-zone-cross.ngrok-free.dev/monitor

✅ Serenity 看板已启动
   手机访问: https://resend-zone-cross.ngrok-free.dev/monitor

✅ Serenity 看板已启动
   手机访问: https://resend-zone-cross.ngrok-free.dev/monitor

✅ Serenity 看板已启动
   手机访问: https://resend-zone-cross.ngrok-free.dev/monitor

✅ Serenity 看板已启动
   手机访问: https://resend-zone-cross.ngrok-free.dev/monitor

✅ Serenity 看板已启动
   手机访问: https://resend-zone-cross.ngrok-free.dev/monitor

✅ Serenity 看板已启动
   手机访问: https://resend-zone-cross.ngrok-free.dev/monitor

✅ Serenity 看板已启动
   手机访问: https://resend-zone-cross.ngrok-free.dev/monitor

✅ Serenity 看板已启动
   手机访问: https://resend-zone-cross.ngrok-free.dev/monitor

✅ Serenity 看板已启动
   手机访问: https://resend-zone-cross.ngrok-free.dev/monitor

✅ Serenity 看板已启动
   手机访问: https://resend-zone-cross.ngrok-free.dev/monitor

✅ Serenity 看板已启动
   手机访问: https://resend-zone-cross.ngrok-free.dev/monitor

✅ Serenity 看板已启动
   手机访问: https://resend-zone-cross.ngrok-free.dev/monitor

✅ Serenity 看板已启动
   手机访问: https://resend-zone-cross.ngrok-free.dev/monitor

✅ Serenity 看板已启动
   手机访问: https://resend-zone-cross.ngrok-free.dev/monitor

✅ Serenity 看板已启动
   手机访问: https://resend-zone-cross.ngrok-free.dev/monitor

✅ Serenity 看板已启动
   手机访问: https://resend-zone-cross.ngrok-free.dev/monitor

✅ Serenity 看板已启动
   手机访问: https://resend-zone-cross.ngrok-free.dev/monitor

✅ Serenity 看板已启动
   手机访问: https://resend-zone-cross.ngrok-free.dev/monitor

✅ Serenity 看板已启动
   手机访问: https://resend-zone-cross.ngrok-free.dev/monitor

✅ Serenity 看板已启动
   手机访问: https://resend-zone-cross.ngrok-free.dev/monitor

✅ Serenity 看板已启动
   手机访问: https://resend-zone-cross.ngrok-free.dev/monitor

✅ Serenity 看板已启动
   手机访问: https://resend-zone-cross.ngrok-free.dev/monitor

✅ Serenity 看板已启动
   手机访问: https://resend-zone-cross.ngrok-free.dev/monitor

✅ Serenity 看板已启动
   手机访问: https://resend-zone-cross.ngrok-free.dev/monitor

✅ Serenity 看板已启动
   手机访问: https://resend-zone-cross.ngrok-free.dev/monitor

✅ Serenity 看板已启动
   手机访问: https://resend-zone-cross.ngrok-free.dev/monitor

✅ Serenity 看板已启动
   手机访问: https://resend-zone-cross.ngrok-free.dev/monitor

✅ Serenity 看板已启动
   手机访问: https://resend-zone-cross.ngrok-free.dev/monitor

✅ Serenity 看板已启动
   手机访问: https://resend-zone-cross.ngrok-free.dev/monitor

✅ Serenity 看板已启动
   手机访问: https://resend-zone-cross.ngrok-free.dev/monitor

✅ Serenity 看板已启动
   手机访问: https://resend-zone-cross.ngrok-free.dev/monitor

✅ Serenity 看板已启动
   手机访问: https://resend-zone-cross.ngrok-free.dev/monitor

✅ Serenity 看板已启动
   手机访问: https://resend-zone-cross.ngrok-free.dev/monitor

✅ Serenity 看板已启动
   手机访问: https://resend-zone-cross.ngrok-free.dev/monitor

✅ Serenity 看板已启动
   手机访问: https://resend-zone-cross.ngrok-free.dev/monitor

✅ Serenity 看板已启动
   手机访问: https://resend-zone-cross.ngrok-free.dev/monitor

✅ Serenity 看板已启动
   手机访问: https://resend-zone-cross.ngrok-free.dev/monitor

✅ Serenity 看板已启动
   手机访问: https://resend-zone-cross.ngrok-free.dev/monitor

✅ Serenity 看板已启动
   手机访问: https://resend-zone-cross.ngrok-free.dev/monitor

✅ Serenity 看板已启动
   手机访问: https://resend-zone-cross.ngrok-free.dev/monitor

✅ Serenity 看板已启动
   手机访问: https://resend-zone-cross.ngrok-free.dev/monitor

✅ Serenity 看板已启动
   手机访问: https://resend-zone-cross.ngrok-free.dev/monitor

✅ Serenity 看板已启动
   手机访问: https://resend-zone-cross.ngrok-free.dev/monitor

✅ Serenity 看板已启动
   手机访问: https://resend-zone-cross.ngrok-free.dev/monitor

✅ Serenity 看板已启动
   手机访问: https://resend-zone-cross.ngrok-free.dev/monitor

✅ Serenity 看板已启动
   手机访问: https://resend-zone-cross.ngrok-free.dev/monitor

✅ Serenity 看板已启动
   手机访问: https://resend-zone-cross.ngrok-free.dev/monitor

✅ Serenity 看板已启动
   手机访问: https://resend-zone-cross.ngrok-free.dev/monitor

✅ Serenity 看板已启动
   手机访问: https://resend-zone-cross.ngrok-free.dev/monitor

✅ Serenity 看板已启动
   手机访问: https://resend-zone-cross.ngrok-free.dev/monitor

✅ Serenity 看板已启动
   手机访问: https://resend-zone-cross.ngrok-free.dev/monitor

✅ Serenity 看板已启动
   手机访问: https://resend-zone-cross.ngrok-free.dev/monitor

✅ Serenity 看板已启动
   手机访问: https://resend-zone-cross.ngrok-free.dev/monitor

✅ Serenity 看板已启动
   手机访问: https://resend-zone-cross.ngrok-free.dev/monitor

✅ Serenity 看板已启动
   手机访问: https://resend-zone-cross.ngrok-free.dev/monitor

✅ Serenity 看板已启动
   手机访问: https://resend-zone-cross.ngrok-free.dev/monitor

✅ Serenity 看板已启动
   手机访问: https://resend-zone-cross.ngrok-free.dev/monitor

✅ Serenity 看板已启动
   手机访问: https://resend-zone-cross.ngrok-free.dev/monitor

✅ Serenity 看板已启动
   手机访问: https://resend-zone-cross.ngrok-free.dev/monitor

✅ Serenity 看板已启动
   手机访问: https://resend-zone-cross.ngrok-free.dev/monitor

✅ Serenity 看板已启动
   手机访问: https://resend-zone-cross.ngrok-free.dev/monitor

✅ Serenity 看板已启动
   手机访问: https://resend-zone-cross.ngrok-free.dev/monitor

✅ Serenity 看板已启动
   手机访问: https://resend-zone-cross.ngrok-free.dev/monitor

✅ Serenity 看板已启动
   手机访问: https://resend-zone-cross.ngrok-free.dev/monitor

✅ Serenity 看板已启动
   手机访问: https://resend-zone-cross.ngrok-free.dev/monitor

✅ Serenity 看板已启动
   手机访问: https://resend-zone-cross.ngrok-free.dev/monitor

✅ Serenity 看板已启动
   手机访问: https://resend-zone-cross.ngrok-free.dev/monitor

✅ Serenity 看板已启动
   手机访问: https://resend-zone-cross.ngrok-free.dev/monitor

✅ Serenity 看板已启动
   手机访问: https://resend-zone-cross.ngrok-free.dev/monitor

✅ Serenity 看板已启动
   手机访问: https://resend-zone-cross.ngrok-free.dev/monitor

✅ Serenity 看板已启动
   手机访问: https://resend-zone-cross.ngrok-free.dev/monitor

✅ Serenity 看板已启动
   手机访问: https://resend-zone-cross.ngrok-free.dev/monitor

✅ Serenity 看板已启动
   手机访问: https://resend-zone-cross.ngrok-free.dev/monitor

✅ Serenity 看板已启动
   手机访问: https://resend-zone-cross.ngrok-free.dev/monitor

✅ Serenity 看板已启动
   手机访问: https://resend-zone-cross.ngrok-free.dev/monitor

✅ Serenity 看板已启动
   手机访问: https://resend-zone-cross.ngrok-free.dev/monitor

✅ Serenity 看板已启动
   手机访问: https://resend-zone-cross.ngrok-free.dev/monitor

✅ Serenity 看板已启动
   手机访问: https://resend-zone-cross.ngrok-free.dev/monitor

✅ Serenity 看板已启动
   手机访问: https://resend-zone-cross.ngrok-free.dev/monitor

✅ Serenity 看板已启动
   手机访问: https://resend-zone-cross.ngrok-free.dev/monitor

✅ Serenity 看板已启动
   手机访问: https://resend-zone-cross.ngrok-free.dev/monitor

✅ Serenity 看板已启动
   手机访问: https://resend-zone-cross.ngrok-free.dev/monitor

✅ Serenity 看板已启动
   手机访问: https://resend-zone-cross.ngrok-free.dev/monitor

✅ Serenity 看板已启动
   手机访问: https://resend-zone-cross.ngrok-free.dev/monitor

✅ Serenity 看板已启动
   手机访问: https://resend-zone-cross.ngrok-free.dev/monitor

✅ Serenity 看板已启动
   手机访问: https://resend-zone-cross.ngrok-free.dev/monitor

✅ Serenity 看板已启动
   手机访问: https://resend-zone-cross.ngrok-free.dev/monitor

✅ Serenity 看板已启动
   手机访问: https://resend-zone-cross.ngrok-free.dev/monitor

✅ Serenity 看板已启动
   手机访问: https://resend-zone-cross.ngrok-free.dev/monitor

✅ Serenity 看板已启动
   手机访问: https://resend-zone-cross.ngrok-free.dev/monitor

✅ Serenity 看板已启动
   手机访问: https://resend-zone-cross.ngrok-free.dev/monitor

✅ Serenity 看板已启动
   手机访问: https://resend-zone-cross.ngrok-free.dev/monitor

✅ Serenity 看板已启动
   手机访问: https://resend-zone-cross.ngrok-free.dev/monitor

✅ Serenity 看板已启动
   手机访问: https://resend-zone-cross.ngrok-free.dev/monitor

✅ Serenity 看板已启动
   手机访问: https://resend-zone-cross.ngrok-free.dev/monitor

✅ Serenity 看板已启动
   手机访问: https://resend-zone-cross.ngrok-free.dev/monitor

✅ Serenity 看板已启动
   手机访问: https://resend-zone-cross.ngrok-free.dev/monitor

✅ Serenity 看板已启动
   手机访问: https://resend-zone-cross.ngrok-free.dev/monitor

✅ Serenity 看板已启动
   手机访问: https://resend-zone-cross.ngrok-free.dev/monitor

✅ Serenity 看板已启动
   手机访问: https://resend-zone-cross.ngrok-free.dev/monitor

✅ Serenity 看板已启动
   手机访问: https://resend-zone-cross.ngrok-free.dev/monitor

✅ Serenity 看板已启动
   手机访问: https://resend-zone-cross.ngrok-free.dev/monitor

✅ Serenity 看板已启动
   手机访问: https://resend-zone-cross.ngrok-free.dev/monitor

✅ Serenity 看板已启动
   手机访问: https://resend-zone-cross.ngrok-free.dev/monitor

✅ Serenity 看板已启动
   手机访问: https://resend-zone-cross.ngrok-free.dev/monitor

✅ Serenity 看板已启动
   手机访问: https://resend-zone-cross.ngrok-free.dev/monitor

✅ Serenity 看板已启动
   手机访问: https://resend-zone-cross.ngrok-free.dev/monitor

✅ Serenity 看板已启动
   手机访问: https://resend-zone-cross.ngrok-free.dev/monitor

✅ Serenity 看板已启动
   手机访问: https://resend-zone-cross.ngrok-free.dev/monitor

✅ Serenity 看板已启动
   手机访问: https://resend-zone-cross.ngrok-free.dev/monitor

✅ Serenity 看板已启动
   手机访问: https://resend-zone-cross.ngrok-free.dev/monitor

✅ Serenity 看板已启动
   手机访问: https://resend-zone-cross.ngrok-free.dev/monitor

✅ Serenity 看板已启动
   手机访问: https://resend-zone-cross.ngrok-free.dev/monitor

✅ Serenity 看板已启动
   手机访问: https://resend-zone-cross.ngrok-free.dev/monitor

✅ Serenity 看板已启动
   手机访问: https://resend-zone-cross.ngrok-free.dev/monitor

✅ Serenity 看板已启动
   手机访问: https://resend-zone-cross.ngrok-free.dev/monitor

✅ Serenity 看板已启动
   手机访问: https://resend-zone-cross.ngrok-free.dev/monitor

✅ Serenity 看板已启动
   手机访问: https://resend-zone-cross.ngrok-free.dev/monitor

✅ Serenity 看板已启动
   手机访问: https://resend-zone-cross.ngrok-free.dev/monitor

✅ Serenity 看板已启动
   手机访问: https://resend-zone-cross.ngrok-free.dev/monitor

✅ Serenity 看板已启动
   手机访问: https://resend-zone-cross.ngrok-free.dev/monitor

✅ Serenity 看板已启动
   手机访问: https://resend-zone-cross.ngrok-free.dev/monitor

✅ Serenity 看板已启动
   手机访问: https://resend-zone-cross.ngrok-free.dev/monitor

✅ Serenity 看板已启动
   手机访问: https://resend-zone-cross.ngrok-free.dev/monitor

✅ Serenity 看板已启动
   手机访问: https://resend-zone-cross.ngrok-free.dev/monitor

✅ Serenity 看板已启动
   手机访问: https://resend-zone-cross.ngrok-free.dev/monitor

✅ Serenity 看板已启动
   手机访问: https://resend-zone-cross.ngrok-free.dev/monitor

✅ Serenity 看板已启动
   手机访问: https://resend-zone-cross.ngrok-free.dev/monitor

✅ Serenity 看板已启动
   手机访问: https://resend-zone-cross.ngrok-free.dev/monitor

✅ Serenity 看板已启动
   手机访问: https://resend-zone-cross.ngrok-free.dev/monitor

✅ Serenity 看板已启动
   手机访问: https://resend-zone-cross.ngrok-free.dev/monitor

✅ Serenity 看板已启动
   手机访问: https://resend-zone-cross.ngrok-free.dev/monitor

✅ Serenity 看板已启动
   手机访问: https://resend-zone-cross.ngrok-free.dev/monitor

✅ Serenity 看板已启动
   手机访问: https://resend-zone-cross.ngrok-free.dev/monitor

✅ Serenity 看板已启动
   手机访问: https://resend-zone-cross.ngrok-free.dev/monitor

✅ Serenity 看板已启动
   手机访问: https://resend-zone-cross.ngrok-free.dev/monitor

✅ Serenity 看板已启动
   手机访问: https://resend-zone-cross.ngrok-free.dev/monitor

✅ Serenity 看板已启动
   手机访问: https://resend-zone-cross.ngrok-free.dev/monitor

✅ Serenity 看板已启动
   手机访问: https://resend-zone-cross.ngrok-free.dev/monitor

✅ Serenity 看板已启动
   手机访问: https://resend-zone-cross.ngrok-free.dev/monitor

✅ Serenity 看板已启动
   手机访问: https://resend-zone-cross.ngrok-free.dev/monitor

✅ Serenity 看板已启动
   手机访问: https://resend-zone-cross.ngrok-free.dev/monitor

✅ Serenity 看板已启动
   手机访问: https://resend-zone-cross.ngrok-free.dev/monitor

✅ Serenity 看板已启动
   手机访问: https://resend-zone-cross.ngrok-free.dev/monitor

✅ Serenity 看板已启动
   手机访问: https://resend-zone-cross.ngrok-free.dev/monitor

✅ Serenity 看板已启动
   手机访问: https://resend-zone-cross.ngrok-free.dev/monitor

✅ Serenity 看板已启动
   手机访问: https://resend-zone-cross.ngrok-free.dev/monitor

✅ Serenity 看板已启动
   手机访问: https://resend-zone-cross.ngrok-free.dev/monitor

✅ Serenity 看板已启动
   手机访问: https://resend-zone-cross.ngrok-free.dev/monitor

✅ Serenity 看板已启动
   手机访问: https://resend-zone-cross.ngrok-free.dev/monitor

✅ Serenity 看板已启动
   手机访问: https://resend-zone-cross.ngrok-free.dev/monitor

✅ Serenity 看板已启动
   手机访问: https://resend-zone-cross.ngrok-free.dev/monitor

✅ Serenity 看板已启动
   手机访问: https://resend-zone-cross.ngrok-free.dev/monitor

✅ Serenity 看板已启动
   手机访问: https://resend-zone-cross.ngrok-free.dev/monitor

✅ Serenity 看板已启动
   手机访问: https://resend-zone-cross.ngrok-free.dev/monitor

✅ Serenity 看板已启动
   手机访问: https://resend-zone-cross.ngrok-free.dev/monitor

✅ Serenity 看板已启动
   手机访问: https://resend-zone-cross.ngrok-free.dev/monitor

✅ Serenity 看板已启动
   手机访问: https://resend-zone-cross.ngrok-free.dev/monitor

✅ Serenity 看板已启动
   手机访问: https://resend-zone-cross.ngrok-free.dev/monitor

✅ Serenity 看板已启动
   手机访问: https://resend-zone-cross.ngrok-free.dev/monitor

✅ Serenity 看板已启动
   手机访问: https://resend-zone-cross.ngrok-free.dev/monitor

✅ Serenity 看板已启动
   手机访问: https://resend-zone-cross.ngrok-free.dev/monitor

✅ Serenity 看板已启动
   手机访问: https://resend-zone-cross.ngrok-free.dev/monitor

✅ Serenity 看板已启动
   手机访问: https://resend-zone-cross.ngrok-free.dev/monitor

✅ Serenity 看板已启动
   手机访问: https://resend-zone-cross.ngrok-free.dev/monitor

✅ Serenity 看板已启动
   手机访问: https://resend-zone-cross.ngrok-free.dev/monitor

✅ Serenity 看板已启动
   手机访问: https://resend-zone-cross.ngrok-free.dev/monitor

✅ Serenity 看板已启动
   手机访问: https://resend-zone-cross.ngrok-free.dev/monitor

✅ Serenity 看板已启动
   手机访问: https://resend-zone-cross.ngrok-free.dev/monitor

✅ Serenity 看板已启动
   手机访问: https://resend-zone-cross.ngrok-free.dev/monitor

✅ Serenity 看板已启动
   手机访问: https://resend-zone-cross.ngrok-free.dev/monitor

✅ Serenity 看板已启动
   手机访问: https://resend-zone-cross.ngrok-free.dev/monitor

✅ Serenity 看板已启动
   手机访问: https://resend-zone-cross.ngrok-free.dev/monitor

✅ Serenity 看板已启动
   手机访问: https://resend-zone-cross.ngrok-free.dev/monitor

✅ Serenity 看板已启动
   手机访问: https://resend-zone-cross.ngrok-free.dev/monitor

✅ Serenity 看板已启动
   手机访问: https://resend-zone-cross.ngrok-free.dev/monitor

✅ Serenity 看板已启动
   手机访问: https://resend-zone-cross.ngrok-free.dev/monitor

✅ Serenity 看板已启动
   手机访问: https://resend-zone-cross.ngrok-free.dev/monitor

✅ Serenity 看板已启动
   手机访问: https://resend-zone-cross.ngrok-free.dev/monitor

✅ Serenity 看板已启动
   手机访问: https://resend-zone-cross.ngrok-free.dev/monitor

✅ Serenity 看板已启动
   手机访问: https://resend-zone-cross.ngrok-free.dev/monitor

✅ Serenity 看板已启动
   手机访问: https://resend-zone-cross.ngrok-free.dev/monitor

✅ Serenity 看板已启动
   手机访问: https://resend-zone-cross.ngrok-free.dev/monitor

✅ Serenity 看板已启动
   手机访问: https://resend-zone-cross.ngrok-free.dev/monitor

✅ Serenity 看板已启动
   手机访问: https://resend-zone-cross.ngrok-free.dev/monitor

✅ Serenity 看板已启动
   手机访问: https://resend-zone-cross.ngrok-free.dev/monitor

✅ Serenity 看板已启动
   手机访问: https://resend-zone-cross.ngrok-free.dev/monitor

✅ Serenity 看板已启动
   手机访问: https://resend-zone-cross.ngrok-free.dev/monitor

✅ Serenity 看板已启动
   手机访问: https://resend-zone-cross.ngrok-free.dev/monitor

✅ Serenity 看板已启动
   手机访问: https://resend-zone-cross.ngrok-free.dev/monitor

✅ Serenity 看板已启动
   手机访问: https://resend-zone-cross.ngrok-free.dev/monitor

✅ Serenity 看板已启动
   手机访问: https://resend-zone-cross.ngrok-free.dev/monitor

✅ Serenity 看板已启动
   手机访问: https://resend-zone-cross.ngrok-free.dev/monitor

✅ Serenity 看板已启动
   手机访问: https://resend-zone-cross.ngrok-free.dev/monitor

✅ Serenity 看板已启动
   手机访问: https://resend-zone-cross.ngrok-free.dev/monitor

✅ Serenity 看板已启动
   手机访问: https://resend-zone-cross.ngrok-free.dev/monitor

✅ Serenity 看板已启动
   手机访问: https://resend-zone-cross.ngrok-free.dev/monitor

✅ Serenity 看板已启动
   手机访问: https://resend-zone-cross.ngrok-free.dev/monitor

✅ Serenity 看板已启动
   手机访问: https://resend-zone-cross.ngrok-free.dev/monitor

✅ Serenity 看板已启动
   手机访问: https://resend-zone-cross.ngrok-free.dev/monitor

✅ Serenity 看板已启动
   手机访问: https://resend-zone-cross.ngrok-free.dev/monitor

✅ Serenity 看板已启动
   手机访问: https://resend-zone-cross.ngrok-free.dev/monitor

✅ Serenity 看板已启动
   手机访问: https://resend-zone-cross.ngrok-free.dev/monitor

✅ Serenity 看板已启动
   手机访问: https://resend-zone-cross.ngrok-free.dev/monitor

✅ Serenity 看板已启动
   手机访问: https://resend-zone-cross.ngrok-free.dev/monitor

✅ Serenity 看板已启动
   手机访问: https://resend-zone-cross.ngrok-free.dev/monitor

✅ Serenity 看板已启动
   手机访问: https://resend-zone-cross.ngrok-free.dev/monitor

✅ Serenity 看板已启动
   手机访问: https://resend-zone-cross.ngrok-free.dev/monitor

✅ Serenity 看板已启动
   手机访问: https://resend-zone-cross.ngrok-free.dev/monitor

✅ Serenity 看板已启动
   手机访问: https://resend-zone-cross.ngrok-free.dev/monitor

✅ Serenity 看板已启动
   手机访问: https://resend-zone-cross.ngrok-free.dev/monitor

✅ Serenity 看板已启动
   手机访问: https://resend-zone-cross.ngrok-free.dev/monitor

✅ Serenity 看板已启动
   手机访问: https://resend-zone-cross.ngrok-free.dev/monitor

✅ Serenity 看板已启动
   手机访问: https://resend-zone-cross.ngrok-free.dev/monitor

✅ Serenity 看板已启动
   手机访问: https://resend-zone-cross.ngrok-free.dev/monitor

✅ Serenity 看板已启动
   手机访问: https://resend-zone-cross.ngrok-free.dev/monitor

✅ Serenity 看板已启动
   手机访问: https://resend-zone-cross.ngrok-free.dev/monitor

✅ Serenity 看板已启动
   手机访问: https://resend-zone-cross.ngrok-free.dev/monitor

✅ Serenity 看板已启动
   手机访问: https://resend-zone-cross.ngrok-free.dev/monitor

✅ Serenity 看板已启动
   手机访问: https://resend-zone-cross.ngrok-free.dev/monitor

✅ Serenity 看板已启动
   手机访问: https://resend-zone-cross.ngrok-free.dev/monitor

✅ Serenity 看板已启动
   手机访问: https://resend-zone-cross.ngrok-free.dev/monitor

✅ Serenity 看板已启动
   手机访问: https://resend-zone-cross.ngrok-free.dev/monitor

✅ Serenity 看板已启动
   手机访问: https://resend-zone-cross.ngrok-free.dev/monitor

✅ Serenity 看板已启动
   手机访问: https://resend-zone-cross.ngrok-free.dev/monitor

✅ Serenity 看板已启动
   手机访问: https://resend-zone-cross.ngrok-free.dev/monitor

✅ Serenity 看板已启动
   手机访问: https://resend-zone-cross.ngrok-free.dev/monitor

✅ Serenity 看板已启动
   手机访问: https://resend-zone-cross.ngrok-free.dev/monitor

✅ Serenity 看板已启动
   手机访问: https://resend-zone-cross.ngrok-free.dev/monitor

✅ Serenity 看板已启动
   手机访问: https://resend-zone-cross.ngrok-free.dev/monitor

✅ Serenity 看板已启动
   手机访问: https://resend-zone-cross.ngrok-free.dev/monitor

✅ Serenity 看板已启动
   手机访问: https://resend-zone-cross.ngrok-free.dev/monitor

✅ Serenity 看板已启动
   手机访问: https://resend-zone-cross.ngrok-free.dev/monitor

✅ Serenity 看板已启动
   手机访问: https://resend-zone-cross.ngrok-free.dev/monitor

✅ Serenity 看板已启动
   手机访问: https://resend-zone-cross.ngrok-free.dev/monitor

✅ Serenity 看板已启动
   手机访问: https://resend-zone-cross.ngrok-free.dev/monitor

✅ Serenity 看板已启动
   手机访问: https://resend-zone-cross.ngrok-free.dev/monitor

✅ Serenity 看板已启动
   手机访问: https://resend-zone-cross.ngrok-free.dev/monitor

✅ Serenity 看板已启动
   手机访问: https://resend-zone-cross.ngrok-free.dev/monitor

✅ Serenity 看板已启动
   手机访问: https://resend-zone-cross.ngrok-free.dev/monitor

✅ Serenity 看板已启动
   手机访问: https://resend-zone-cross.ngrok-free.dev/monitor

✅ Serenity 看板已启动
   手机访问: https://resend-zone-cross.ngrok-free.dev/monitor

✅ Serenity 看板已启动
   手机访问: https://resend-zone-cross.ngrok-free.dev/monitor

✅ Serenity 看板已启动
   手机访问: https://resend-zone-cross.ngrok-free.dev/monitor

✅ Serenity 看板已启动
   手机访问: https://resend-zone-cross.ngrok-free.dev/monitor

✅ Serenity 看板已启动
   手机访问: https://resend-zone-cross.ngrok-free.dev/monitor

✅ Serenity 看板已启动
   手机访问: https://resend-zone-cross.ngrok-free.dev/monitor

✅ Serenity 看板已启动
   手机访问: https://resend-zone-cross.ngrok-free.dev/monitor

✅ Serenity 看板已启动
   手机访问: https://resend-zone-cross.ngrok-free.dev/monitor

✅ Serenity 看板已启动
   手机访问: https://resend-zone-cross.ngrok-free.dev/monitor

✅ Serenity 看板已启动
   手机访问: https://resend-zone-cross.ngrok-free.dev/monitor

✅ Serenity 看板已启动
   手机访问: https://resend-zone-cross.ngrok-free.dev/monitor

✅ Serenity 看板已启动
   手机访问: https://resend-zone-cross.ngrok-free.dev/monitor

✅ Serenity 看板已启动
   手机访问: https://resend-zone-cross.ngrok-free.dev/monitor

✅ Serenity 看板已启动
   手机访问: https://resend-zone-cross.ngrok-free.dev/monitor

✅ Serenity 看板已启动
   手机访问: https://resend-zone-cross.ngrok-free.dev/monitor

✅ Serenity 看板已启动
   手机访问: https://resend-zone-cross.ngrok-free.dev/monitor

✅ Serenity 看板已启动
   手机访问: https://resend-zone-cross.ngrok-free.dev/monitor

✅ Serenity 看板已启动
   手机访问: https://resend-zone-cross.ngrok-free.dev/monitor

✅ Serenity 看板已启动
   手机访问: https://resend-zone-cross.ngrok-free.dev/monitor

✅ Serenity 看板已启动
   手机访问: https://resend-zone-cross.ngrok-free.dev/monitor

✅ Serenity 看板已启动
   手机访问: https://resend-zone-cross.ngrok-free.dev/monitor

✅ Serenity 看板已启动
   手机访问: https://resend-zone-cross.ngrok-free.dev/monitor

✅ Serenity 看板已启动
   手机访问: https://resend-zone-cross.ngrok-free.dev/monitor

✅ Serenity 看板已启动
   手机访问: https://resend-zone-cross.ngrok-free.dev/monitor

✅ Serenity 看板已启动
   手机访问: https://resend-zone-cross.ngrok-free.dev/monitor

✅ Serenity 看板已启动
   手机访问: https://resend-zone-cross.ngrok-free.dev/monitor

✅ Serenity 看板已启动
   手机访问: https://resend-zone-cross.ngrok-free.dev/monitor

✅ Serenity 看板已启动
   手机访问: https://resend-zone-cross.ngrok-free.dev/monitor

✅ Serenity 看板已启动
   手机访问: https://resend-zone-cross.ngrok-free.dev/monitor

✅ Serenity 看板已启动
   手机访问: https://resend-zone-cross.ngrok-free.dev/monitor

✅ Serenity 看板已启动
   手机访问: https://resend-zone-cross.ngrok-free.dev/monitor

✅ Serenity 看板已启动
   手机访问: https://resend-zone-cross.ngrok-free.dev/monitor

✅ Serenity 看板已启动
   手机访问: https://resend-zone-cross.ngrok-free.dev/monitor

✅ Serenity 看板已启动
   手机访问: https://resend-zone-cross.ngrok-free.dev/monitor

✅ Serenity 看板已启动
   手机访问: https://resend-zone-cross.ngrok-free.dev/monitor

✅ Serenity 看板已启动
   手机访问: https://resend-zone-cross.ngrok-free.dev/monitor

✅ Serenity 看板已启动
   手机访问: https://resend-zone-cross.ngrok-free.dev/monitor

✅ Serenity 看板已启动
   手机访问: https://resend-zone-cross.ngrok-free.dev/monitor

✅ Serenity 看板已启动
   手机访问: https://resend-zone-cross.ngrok-free.dev/monitor

✅ Serenity 看板已启动
   手机访问: https://resend-zone-cross.ngrok-free.dev/monitor

✅ Serenity 看板已启动
   手机访问: https://resend-zone-cross.ngrok-free.dev/monitor

✅ Serenity 看板已启动
   手机访问: https://resend-zone-cross.ngrok-free.dev/monitor

✅ Serenity 看板已启动
   手机访问: https://resend-zone-cross.ngrok-free.dev/monitor

✅ Serenity 看板已启动
   手机访问: https://resend-zone-cross.ngrok-free.dev/monitor

✅ Serenity 看板已启动
   手机访问: https://resend-zone-cross.ngrok-free.dev/monitor

✅ Serenity 看板已启动
   手机访问: https://resend-zone-cross.ngrok-free.dev/monitor

✅ Serenity 看板已启动
   手机访问: https://resend-zone-cross.ngrok-free.dev/monitor

✅ Serenity 看板已启动
   手机访问: https://resend-zone-cross.ngrok-free.dev/monitor

✅ Serenity 看板已启动
   手机访问: https://resend-zone-cross.ngrok-free.dev/monitor

✅ Serenity 看板已启动
   手机访问: https://resend-zone-cross.ngrok-free.dev/monitor

✅ Serenity 看板已启动
   手机访问: https://resend-zone-cross.ngrok-free.dev/monitor

✅ Serenity 看板已启动
   手机访问: https://resend-zone-cross.ngrok-free.dev/monitor

✅ Serenity 看板已启动
   手机访问: https://resend-zone-cross.ngrok-free.dev/monitor

✅ Serenity 看板已启动
   手机访问: https://resend-zone-cross.ngrok-free.dev/monitor

✅ Serenity 看板已启动
   手机访问: https://resend-zone-cross.ngrok-free.dev/monitor

✅ Serenity 看板已启动
   手机访问: https://resend-zone-cross.ngrok-free.dev/monitor

✅ Serenity 看板已启动
   手机访问: https://resend-zone-cross.ngrok-free.dev/monitor

✅ Serenity 看板已启动
   手机访问: https://resend-zone-cross.ngrok-free.dev/monitor

✅ Serenity 看板已启动
   手机访问: https://resend-zone-cross.ngrok-free.dev/monitor

✅ Serenity 看板已启动
   手机访问: https://resend-zone-cross.ngrok-free.dev/monitor

✅ Serenity 看板已启动
   手机访问: https://resend-zone-cross.ngrok-free.dev/monitor

✅ Serenity 看板已启动
   手机访问: https://resend-zone-cross.ngrok-free.dev/monitor

✅ Serenity 看板已启动
   手机访问: https://resend-zone-cross.ngrok-free.dev/monitor

✅ Serenity 看板已启动
   手机访问: https://resend-zone-cross.ngrok-free.dev/monitor

✅ Serenity 看板已启动
   手机访问: https://resend-zone-cross.ngrok-free.dev/monitor

✅ Serenity 看板已启动
   手机访问: https://resend-zone-cross.ngrok-free.dev/monitor

✅ Serenity 看板已启动
   手机访问: https://resend-zone-cross.ngrok-free.dev/monitor

✅ Serenity 看板已启动
   手机访问: https://resend-zone-cross.ngrok-free.dev/monitor

✅ Serenity 看板已启动
   手机访问: https://resend-zone-cross.ngrok-free.dev/monitor

✅ Serenity 看板已启动
   手机访问: https://resend-zone-cross.ngrok-free.dev/monitor

✅ Serenity 看板已启动
   手机访问: https://resend-zone-cross.ngrok-free.dev/monitor

✅ Serenity 看板已启动
   手机访问: https://resend-zone-cross.ngrok-free.dev/monitor

✅ Serenity 看板已启动
   手机访问: https://resend-zone-cross.ngrok-free.dev/monitor

✅ Serenity 看板已启动
   手机访问: https://resend-zone-cross.ngrok-free.dev/monitor

✅ Serenity 看板已启动
   手机访问: https://resend-zone-cross.ngrok-free.dev/monitor

✅ Serenity 看板已启动
   手机访问: https://resend-zone-cross.ngrok-free.dev/monitor

✅ Serenity 看板已启动
   手机访问: https://resend-zone-cross.ngrok-free.dev/monitor

✅ Serenity 看板已启动
   手机访问: https://resend-zone-cross.ngrok-free.dev/monitor

✅ Serenity 看板已启动
   手机访问: https://resend-zone-cross.ngrok-free.dev/monitor

✅ Serenity 看板已启动
   手机访问: https://resend-zone-cross.ngrok-free.dev/monitor

✅ Serenity 看板已启动
   手机访问: https://resend-zone-cross.ngrok-free.dev/monitor

✅ Serenity 看板已启动
   手机访问: https://resend-zone-cross.ngrok-free.dev/monitor

✅ Serenity 看板已启动
   手机访问: https://resend-zone-cross.ngrok-free.dev/monitor

✅ Serenity 看板已启动
   手机访问: https://resend-zone-cross.ngrok-free.dev/monitor

✅ Serenity 看板已启动
   手机访问: https://resend-zone-cross.ngrok-free.dev/monitor

✅ Serenity 看板已启动
   手机访问: https://resend-zone-cross.ngrok-free.dev/monitor

✅ Serenity 看板已启动
   手机访问: https://resend-zone-cross.ngrok-free.dev/monitor

✅ Serenity 看板已启动
   手机访问: https://resend-zone-cross.ngrok-free.dev/monitor

✅ Serenity 看板已启动
   手机访问: https://resend-zone-cross.ngrok-free.dev/monitor

✅ Serenity 看板已启动
   手机访问: https://resend-zone-cross.ngrok-free.dev/monitor

✅ Serenity 看板已启动
   手机访问: https://resend-zone-cross.ngrok-free.dev/monitor

✅ Serenity 看板已启动
   手机访问: https://resend-zone-cross.ngrok-free.dev/monitor

✅ Serenity 看板已启动
   手机访问: https://resend-zone-cross.ngrok-free.dev/monitor

✅ Serenity 看板已启动
   手机访问: https://resend-zone-cross.ngrok-free.dev/monitor

✅ Serenity 看板已启动
   手机访问: https://resend-zone-cross.ngrok-free.dev/monitor

✅ Serenity 看板已启动
   手机访问: https://resend-zone-cross.ngrok-free.dev/monitor

✅ Serenity 看板已启动
   手机访问: https://resend-zone-cross.ngrok-free.dev/monitor

✅ Serenity 看板已启动
   手机访问: https://resend-zone-cross.ngrok-free.dev/monitor

✅ Serenity 看板已启动
   手机访问: https://resend-zone-cross.ngrok-free.dev/monitor

✅ Serenity 看板已启动
   手机访问: https://resend-zone-cross.ngrok-free.dev/monitor

✅ Serenity 看板已启动
   手机访问: https://resend-zone-cross.ngrok-free.dev/monitor

✅ Serenity 看板已启动
   手机访问: https://resend-zone-cross.ngrok-free.dev/monitor

✅ Serenity 看板已启动
   手机访问: https://resend-zone-cross.ngrok-free.dev/monitor

✅ Serenity 看板已启动
   手机访问: https://resend-zone-cross.ngrok-free.dev/monitor

✅ Serenity 看板已启动
   手机访问: https://resend-zone-cross.ngrok-free.dev/monitor

✅ Serenity 看板已启动
   手机访问: https://resend-zone-cross.ngrok-free.dev/monitor

✅ Serenity 看板已启动
   手机访问: https://resend-zone-cross.ngrok-free.dev/monitor

✅ Serenity 看板已启动
   手机访问: https://resend-zone-cross.ngrok-free.dev/monitor

✅ Serenity 看板已启动
   手机访问: https://resend-zone-cross.ngrok-free.dev/monitor

✅ Serenity 看板已启动
   手机访问: https://resend-zone-cross.ngrok-free.dev/monitor

✅ Serenity 看板已启动
   手机访问: https://resend-zone-cross.ngrok-free.dev/monitor

✅ Serenity 看板已启动
   手机访问: https://resend-zone-cross.ngrok-free.dev/monitor

✅ Serenity 看板已启动
   手机访问: https://resend-zone-cross.ngrok-free.dev/monitor

✅ Serenity 看板已启动
   手机访问: https://resend-zone-cross.ngrok-free.dev/monitor

✅ Serenity 看板已启动
   手机访问: https://resend-zone-cross.ngrok-free.dev/monitor

✅ Serenity 看板已启动
   手机访问: https://resend-zone-cross.ngrok-free.dev/monitor

✅ Serenity 看板已启动
   手机访问: https://resend-zone-cross.ngrok-free.dev/monitor

✅ Serenity 看板已启动
   手机访问: https://resend-zone-cross.ngrok-free.dev/monitor

✅ Serenity 看板已启动
   手机访问: https://resend-zone-cross.ngrok-free.dev/monitor

✅ Serenity 看板已启动
   手机访问: https://resend-zone-cross.ngrok-free.dev/monitor

✅ Serenity 看板已启动
   手机访问: https://resend-zone-cross.ngrok-free.dev/monitor

✅ Serenity 看板已启动
   手机访问: https://resend-zone-cross.ngrok-free.dev/monitor

✅ Serenity 看板已启动
   手机访问: https://resend-zone-cross.ngrok-free.dev/monitor

✅ Serenity 看板已启动
   手机访问: https://resend-zone-cross.ngrok-free.dev/monitor

✅ Serenity 看板已启动
   手机访问: https://resend-zone-cross.ngrok-free.dev/monitor

✅ Serenity 看板已启动
   手机访问: https://resend-zone-cross.ngrok-free.dev/monitor

✅ Serenity 看板已启动
   手机访问: https://resend-zone-cross.ngrok-free.dev/monitor

✅ Serenity 看板已启动
   手机访问: https://resend-zone-cross.ngrok-free.dev/monitor

✅ Serenity 看板已启动
   手机访问: https://resend-zone-cross.ngrok-free.dev/monitor

✅ Serenity 看板已启动
   手机访问: https://resend-zone-cross.ngrok-free.dev/monitor

✅ Serenity 看板已启动
   手机访问: https://resend-zone-cross.ngrok-free.dev/monitor

✅ Serenity 看板已启动
   手机访问: https://resend-zone-cross.ngrok-free.dev/monitor

✅ Serenity 看板已启动
   手机访问: https://resend-zone-cross.ngrok-free.dev/monitor

✅ Serenity 看板已启动
   手机访问: https://resend-zone-cross.ngrok-free.dev/monitor

✅ Serenity 看板已启动
   手机访问: https://resend-zone-cross.ngrok-free.dev/monitor

✅ Serenity 看板已启动
   手机访问: https://resend-zone-cross.ngrok-free.dev/monitor

✅ Serenity 看板已启动
   手机访问: https://resend-zone-cross.ngrok-free.dev/monitor

✅ Serenity 看板已启动
   手机访问: https://resend-zone-cross.ngrok-free.dev/monitor

✅ Serenity 看板已启动
   手机访问: https://resend-zone-cross.ngrok-free.dev/monitor

✅ Serenity 看板已启动
   手机访问: https://resend-zone-cross.ngrok-free.dev/monitor

✅ Serenity 看板已启动
   手机访问: https://resend-zone-cross.ngrok-free.dev/monitor

✅ Serenity 看板已启动
   手机访问: https://resend-zone-cross.ngrok-free.dev/monitor

✅ Serenity 看板已启动
   手机访问: https://resend-zone-cross.ngrok-free.dev/monitor

✅ Serenity 看板已启动
   手机访问: https://resend-zone-cross.ngrok-free.dev/monitor

✅ Serenity 看板已启动
   手机访问: https://resend-zone-cross.ngrok-free.dev/monitor

✅ Serenity 看板已启动
   手机访问: https://resend-zone-cross.ngrok-free.dev/monitor

✅ Serenity 看板已启动
   手机访问: https://resend-zone-cross.ngrok-free.dev/monitor

✅ Serenity 看板已启动
   手机访问: https://resend-zone-cross.ngrok-free.dev/monitor

✅ Serenity 看板已启动
   手机访问: https://resend-zone-cross.ngrok-free.dev/monitor

✅ Serenity 看板已启动
   手机访问: https://resend-zone-cross.ngrok-free.dev/monitor

✅ Serenity 看板已启动
   手机访问: https://resend-zone-cross.ngrok-free.dev/monitor

✅ Serenity 看板已启动
   手机访问: https://resend-zone-cross.ngrok-free.dev/monitor

✅ Serenity 看板已启动
   手机访问: https://resend-zone-cross.ngrok-free.dev/monitor

✅ Serenity 看板已启动
   手机访问: https://resend-zone-cross.ngrok-free.dev/monitor

✅ Serenity 看板已启动
   手机访问: https://resend-zone-cross.ngrok-free.dev/monitor

✅ Serenity 看板已启动
   手机访问: https://resend-zone-cross.ngrok-free.dev/monitor

✅ Serenity 看板已启动
   手机访问: https://resend-zone-cross.ngrok-free.dev/monitor

✅ Serenity 看板已启动
   手机访问: https://resend-zone-cross.ngrok-free.dev/monitor

✅ Serenity 看板已启动
   手机访问: https://resend-zone-cross.ngrok-free.dev/monitor

✅ Serenity 看板已启动
   手机访问: https://resend-zone-cross.ngrok-free.dev/monitor

✅ Serenity 看板已启动
   手机访问: https://resend-zone-cross.ngrok-free.dev/monitor

✅ Serenity 看板已启动
   手机访问: https://resend-zone-cross.ngrok-free.dev/monitor

✅ Serenity 看板已启动
   手机访问: https://resend-zone-cross.ngrok-free.dev/monitor

✅ Serenity 看板已启动
   手机访问: https://resend-zone-cross.ngrok-free.dev/monitor

✅ Serenity 看板已启动
   手机访问: https://resend-zone-cross.ngrok-free.dev/monitor

✅ Serenity 看板已启动
   手机访问: https://resend-zone-cross.ngrok-free.dev/monitor

✅ Serenity 看板已启动
   手机访问: https://resend-zone-cross.ngrok-free.dev/monitor

✅ Serenity 看板已启动
   手机访问: https://resend-zone-cross.ngrok-free.dev/monitor

✅ Serenity 看板已启动
   手机访问: https://resend-zone-cross.ngrok-free.dev/monitor

✅ Serenity 看板已启动
   手机访问: https://resend-zone-cross.ngrok-free.dev/monitor

✅ Serenity 看板已启动
   手机访问: https://resend-zone-cross.ngrok-free.dev/monitor

✅ Serenity 看板已启动
   手机访问: https://resend-zone-cross.ngrok-free.dev/monitor

✅ Serenity 看板已启动
   手机访问: https://resend-zone-cross.ngrok-free.dev/monitor

✅ Serenity 看板已启动
   手机访问: https://resend-zone-cross.ngrok-free.dev/monitor

✅ Serenity 看板已启动
   手机访问: https://resend-zone-cross.ngrok-free.dev/monitor

✅ Serenity 看板已启动
   手机访问: https://resend-zone-cross.ngrok-free.dev/monitor

✅ Serenity 看板已启动
   手机访问: https://resend-zone-cross.ngrok-free.dev/monitor

✅ Serenity 看板已启动
   手机访问: https://resend-zone-cross.ngrok-free.dev/monitor

✅ Serenity 看板已启动
   手机访问: https://resend-zone-cross.ngrok-free.dev/monitor

✅ Serenity 看板已启动
   手机访问: https://resend-zone-cross.ngrok-free.dev/monitor

✅ Serenity 看板已启动
   手机访问: https://resend-zone-cross.ngrok-free.dev/monitor

✅ Serenity 看板已启动
   手机访问: https://resend-zone-cross.ngrok-free.dev/monitor

✅ Serenity 看板已启动
   手机访问: https://resend-zone-cross.ngrok-free.dev/monitor

✅ Serenity 看板已启动
   手机访问: https://resend-zone-cross.ngrok-free.dev/monitor

✅ Serenity 看板已启动
   手机访问: https://resend-zone-cross.ngrok-free.dev/monitor

✅ Serenity 看板已启动
   手机访问: https://resend-zone-cross.ngrok-free.dev/monitor

✅ Serenity 看板已启动
   手机访问: https://resend-zone-cross.ngrok-free.dev/monitor

✅ Serenity 看板已启动
   手机访问: https://resend-zone-cross.ngrok-free.dev/monitor

✅ Serenity 看板已启动
   手机访问: https://resend-zone-cross.ngrok-free.dev/monitor

✅ Serenity 看板已启动
   手机访问: https://resend-zone-cross.ngrok-free.dev/monitor

✅ Serenity 看板已启动
   手机访问: https://resend-zone-cross.ngrok-free.dev/monitor

✅ Serenity 看板已启动
   手机访问: https://resend-zone-cross.ngrok-free.dev/monitor

✅ Serenity 看板已启动
   手机访问: https://resend-zone-cross.ngrok-free.dev/monitor

✅ Serenity 看板已启动
   手机访问: https://resend-zone-cross.ngrok-free.dev/monitor

✅ Serenity 看板已启动
   手机访问: https://resend-zone-cross.ngrok-free.dev/monitor

✅ Serenity 看板已启动
   手机访问: https://resend-zone-cross.ngrok-free.dev/monitor

✅ Serenity 看板已启动
   手机访问: https://resend-zone-cross.ngrok-free.dev/monitor

✅ Serenity 看板已启动
   手机访问: https://resend-zone-cross.ngrok-free.dev/monitor

✅ Serenity 看板已启动
   手机访问: https://resend-zone-cross.ngrok-free.dev/monitor

✅ Serenity 看板已启动
   手机访问: https://resend-zone-cross.ngrok-free.dev/monitor

✅ Serenity 看板已启动
   手机访问: https://resend-zone-cross.ngrok-free.dev/monitor

✅ Serenity 看板已启动
   手机访问: https://resend-zone-cross.ngrok-free.dev/monitor

✅ Serenity 看板已启动
   手机访问: https://resend-zone-cross.ngrok-free.dev/monitor

✅ Serenity 看板已启动
   手机访问: https://resend-zone-cross.ngrok-free.dev/monitor

✅ Serenity 看板已启动
   手机访问: https://resend-zone-cross.ngrok-free.dev/monitor

✅ Serenity 看板已启动
   手机访问: https://resend-zone-cross.ngrok-free.dev/monitor

✅ Serenity 看板已启动
   手机访问: https://resend-zone-cross.ngrok-free.dev/monitor

✅ Serenity 看板已启动
   手机访问: https://resend-zone-cross.ngrok-free.dev/monitor

✅ Serenity 看板已启动
   手机访问: https://resend-zone-cross.ngrok-free.dev/monitor

✅ Serenity 看板已启动
   手机访问: https://resend-zone-cross.ngrok-free.dev/monitor

✅ Serenity 看板已启动
   手机访问: https://resend-zone-cross.ngrok-free.dev/monitor

✅ Serenity 看板已启动
   手机访问: https://resend-zone-cross.ngrok-free.dev/monitor

✅ Serenity 看板已启动
   手机访问: https://resend-zone-cross.ngrok-free.dev/monitor

✅ Serenity 看板已启动
   手机访问: https://resend-zone-cross.ngrok-free.dev/monitor

✅ Serenity 看板已启动
   手机访问: https://resend-zone-cross.ngrok-free.dev/monitor

✅ Serenity 看板已启动
   手机访问: https://resend-zone-cross.ngrok-free.dev/monitor

✅ Serenity 看板已启动
   手机访问: https://resend-zone-cross.ngrok-free.dev/monitor

✅ Serenity 看板已启动
   手机访问: https://resend-zone-cross.ngrok-free.dev/monitor

✅ Serenity 看板已启动
   手机访问: https://resend-zone-cross.ngrok-free.dev/monitor

✅ Serenity 看板已启动
   手机访问: https://resend-zone-cross.ngrok-free.dev/monitor

✅ Serenity 看板已启动
   手机访问: https://resend-zone-cross.ngrok-free.dev/monitor

✅ Serenity 看板已启动
   手机访问: https://resend-zone-cross.ngrok-free.dev/monitor

✅ Serenity 看板已启动
   手机访问: https://resend-zone-cross.ngrok-free.dev/monitor

✅ Serenity 看板已启动
   手机访问: https://resend-zone-cross.ngrok-free.dev/monitor

✅ Serenity 看板已启动
   手机访问: https://resend-zone-cross.ngrok-free.dev/monitor

✅ Serenity 看板已启动
   手机访问: https://resend-zone-cross.ngrok-free.dev/monitor

✅ Serenity 看板已启动
   手机访问: https://resend-zone-cross.ngrok-free.dev/monitor

✅ Serenity 看板已启动
   手机访问: https://resend-zone-cross.ngrok-free.dev/monitor

✅ Serenity 看板已启动
   手机访问: https://resend-zone-cross.ngrok-free.dev/monitor

✅ Serenity 看板已启动
   手机访问: https://resend-zone-cross.ngrok-free.dev/monitor

✅ Serenity 看板已启动
   手机访问: https://resend-zone-cross.ngrok-free.dev/monitor

✅ Serenity 看板已启动
   手机访问: https://resend-zone-cross.ngrok-free.dev/monitor

✅ Serenity 看板已启动
   手机访问: https://resend-zone-cross.ngrok-free.dev/monitor

✅ Serenity 看板已启动
   手机访问: https://resend-zone-cross.ngrok-free.dev/monitor

✅ Serenity 看板已启动
   手机访问: https://resend-zone-cross.ngrok-free.dev/monitor

✅ Serenity 看板已启动
   手机访问: https://resend-zone-cross.ngrok-free.dev/monitor

✅ Serenity 看板已启动
   手机访问: https://resend-zone-cross.ngrok-free.dev/monitor

✅ Serenity 看板已启动
   手机访问: https://resend-zone-cross.ngrok-free.dev/monitor

✅ Serenity 看板已启动
   手机访问: https://resend-zone-cross.ngrok-free.dev/monitor

✅ Serenity 看板已启动
   手机访问: https://resend-zone-cross.ngrok-free.dev/monitor

✅ Serenity 看板已启动
   手机访问: https://resend-zone-cross.ngrok-free.dev/monitor

✅ Serenity 看板已启动
   手机访问: https://resend-zone-cross.ngrok-free.dev/monitor

✅ Serenity 看板已启动
   手机访问: https://resend-zone-cross.ngrok-free.dev/monitor

✅ Serenity 看板已启动
   手机访问: https://resend-zone-cross.ngrok-free.dev/monitor

✅ Serenity 看板已启动
   手机访问: https://resend-zone-cross.ngrok-free.dev/monitor

✅ Serenity 看板已启动
   手机访问: https://resend-zone-cross.ngrok-free.dev/monitor

✅ Serenity 看板已启动
   手机访问: https://resend-zone-cross.ngrok-free.dev/monitor

✅ Serenity 看板已启动
   手机访问: https://resend-zone-cross.ngrok-free.dev/monitor

✅ Serenity 看板已启动
   手机访问: https://resend-zone-cross.ngrok-free.dev/monitor

✅ Serenity 看板已启动
   手机访问: https://resend-zone-cross.ngrok-free.dev/monitor

✅ Serenity 看板已启动
   手机访问: https://resend-zone-cross.ngrok-free.dev/monitor

✅ Serenity 看板已启动
   手机访问: https://resend-zone-cross.ngrok-free.dev/monitor

✅ Serenity 看板已启动
   手机访问: https://resend-zone-cross.ngrok-free.dev/monitor

✅ Serenity 看板已启动
   手机访问: https://resend-zone-cross.ngrok-free.dev/monitor

✅ Serenity 看板已启动
   手机访问: https://resend-zone-cross.ngrok-free.dev/monitor

✅ Serenity 看板已启动
   手机访问: https://resend-zone-cross.ngrok-free.dev/monitor

✅ Serenity 看板已启动
   手机访问: https://resend-zone-cross.ngrok-free.dev/monitor

✅ Serenity 看板已启动
   手机访问: https://resend-zone-cross.ngrok-free.dev/monitor

✅ Serenity 看板已启动
   手机访问: https://resend-zone-cross.ngrok-free.dev/monitor

✅ Serenity 看板已启动
   手机访问: https://resend-zone-cross.ngrok-free.dev/monitor

✅ Serenity 看板已启动
   手机访问: https://resend-zone-cross.ngrok-free.dev/monitor

✅ Serenity 看板已启动
   手机访问: https://resend-zone-cross.ngrok-free.dev/monitor

✅ Serenity 看板已启动
   手机访问: https://resend-zone-cross.ngrok-free.dev/monitor

✅ Serenity 看板已启动
   手机访问: https://resend-zone-cross.ngrok-free.dev/monitor

✅ Serenity 看板已启动
   手机访问: https://resend-zone-cross.ngrok-free.dev/monitor

✅ Serenity 看板已启动
   手机访问: https://resend-zone-cross.ngrok-free.dev/monitor

✅ Serenity 看板已启动
   手机访问: https://resend-zone-cross.ngrok-free.dev/monitor

✅ Serenity 看板已启动
   手机访问: https://resend-zone-cross.ngrok-free.dev/monitor

✅ Serenity 看板已启动
   手机访问: https://resend-zone-cross.ngrok-free.dev/monitor

✅ Serenity 看板已启动
   手机访问: https://resend-zone-cross.ngrok-free.dev/monitor

✅ Serenity 看板已启动
   手机访问: https://resend-zone-cross.ngrok-free.dev/monitor

✅ Serenity 看板已启动
   手机访问: https://resend-zone-cross.ngrok-free.dev/monitor

✅ Serenity 看板已启动
   手机访问: https://resend-zone-cross.ngrok-free.dev/monitor

✅ Serenity 看板已启动
   手机访问: https://resend-zone-cross.ngrok-free.dev/monitor

✅ Serenity 看板已启动
   手机访问: https://resend-zone-cross.ngrok-free.dev/monitor

✅ Serenity 看板已启动
   手机访问: https://resend-zone-cross.ngrok-free.dev/monitor

✅ Serenity 看板已启动
   手机访问: https://resend-zone-cross.ngrok-free.dev/monitor

✅ Serenity 看板已启动
   手机访问: https://resend-zone-cross.ngrok-free.dev/monitor

✅ Serenity 看板已启动
   手机访问: https://resend-zone-cross.ngrok-free.dev/monitor

✅ Serenity 看板已启动
   手机访问: https://resend-zone-cross.ngrok-free.dev/monitor

✅ Serenity 看板已启动
   手机访问: https://resend-zone-cross.ngrok-free.dev/monitor

✅ Serenity 看板已启动
   手机访问: https://resend-zone-cross.ngrok-free.dev/monitor

✅ Serenity 看板已启动
   手机访问: https://resend-zone-cross.ngrok-free.dev/monitor

✅ Serenity 看板已启动
   手机访问: https://resend-zone-cross.ngrok-free.dev/monitor

✅ Serenity 看板已启动
   手机访问: https://resend-zone-cross.ngrok-free.dev/monitor

✅ Serenity 看板已启动
   手机访问: https://resend-zone-cross.ngrok-free.dev/monitor

✅ Serenity 看板已启动
   手机访问: https://resend-zone-cross.ngrok-free.dev/monitor

✅ Serenity 看板已启动
   手机访问: https://resend-zone-cross.ngrok-free.dev/monitor

✅ Serenity 看板已启动
   手机访问: https://resend-zone-cross.ngrok-free.dev/monitor

✅ Serenity 看板已启动
   手机访问: https://resend-zone-cross.ngrok-free.dev/monitor

✅ Serenity 看板已启动
   手机访问: https://resend-zone-cross.ngrok-free.dev/monitor

✅ Serenity 看板已启动
   手机访问: https://resend-zone-cross.ngrok-free.dev/monitor

✅ Serenity 看板已启动
   手机访问: https://resend-zone-cross.ngrok-free.dev/monitor

✅ Serenity 看板已启动
   手机访问: https://resend-zone-cross.ngrok-free.dev/monitor

✅ Serenity 看板已启动
   手机访问: https://resend-zone-cross.ngrok-free.dev/monitor

✅ Serenity 看板已启动
   手机访问: https://resend-zone-cross.ngrok-free.dev/monitor

✅ Serenity 看板已启动
   手机访问: https://resend-zone-cross.ngrok-free.dev/monitor

✅ Serenity 看板已启动
   手机访问: https://resend-zone-cross.ngrok-free.dev/monitor

✅ Serenity 看板已启动
   手机访问: https://resend-zone-cross.ngrok-free.dev/monitor

✅ Serenity 看板已启动
   手机访问: https://resend-zone-cross.ngrok-free.dev/monitor

✅ Serenity 看板已启动
   手机访问: https://resend-zone-cross.ngrok-free.dev/monitor

✅ Serenity 看板已启动
   手机访问: https://resend-zone-cross.ngrok-free.dev/monitor

✅ Serenity 看板已启动
   手机访问: https://resend-zone-cross.ngrok-free.dev/monitor

✅ Serenity 看板已启动
   手机访问: https://resend-zone-cross.ngrok-free.dev/monitor

✅ Serenity 看板已启动
   手机访问: https://resend-zone-cross.ngrok-free.dev/monitor

✅ Serenity 看板已启动
   手机访问: https://resend-zone-cross.ngrok-free.dev/monitor

✅ Serenity 看板已启动
   手机访问: https://resend-zone-cross.ngrok-free.dev/monitor

✅ Serenity 看板已启动
   手机访问: https://resend-zone-cross.ngrok-free.dev/monitor

✅ Serenity 看板已启动
   手机访问: https://resend-zone-cross.ngrok-free.dev/monitor

✅ Serenity 看板已启动
   手机访问: https://resend-zone-cross.ngrok-free.dev/monitor

✅ Serenity 看板已启动
   手机访问: https://resend-zone-cross.ngrok-free.dev/monitor

✅ Serenity 看板已启动
   手机访问: https://resend-zone-cross.ngrok-free.dev/monitor

✅ Serenity 看板已启动
   手机访问: https://resend-zone-cross.ngrok-free.dev/monitor

✅ Serenity 看板已启动
   手机访问: https://resend-zone-cross.ngrok-free.dev/monitor

✅ Serenity 看板已启动
   手机访问: https://resend-zone-cross.ngrok-free.dev/monitor

✅ Serenity 看板已启动
   手机访问: https://resend-zone-cross.ngrok-free.dev/monitor

✅ Serenity 看板已启动
   手机访问: https://resend-zone-cross.ngrok-free.dev/monitor

✅ Serenity 看板已启动
   手机访问: https://resend-zone-cross.ngrok-free.dev/monitor

✅ Serenity 看板已启动
   手机访问: https://resend-zone-cross.ngrok-free.dev/monitor

✅ Serenity 看板已启动
   手机访问: https://resend-zone-cross.ngrok-free.dev/monitor

✅ Serenity 看板已启动
   手机访问: https://resend-zone-cross.ngrok-free.dev/monitor

✅ Serenity 看板已启动
   手机访问: https://resend-zone-cross.ngrok-free.dev/monitor

✅ Serenity 看板已启动
   手机访问: https://resend-zone-cross.ngrok-free.dev/monitor

✅ Serenity 看板已启动
   手机访问: https://resend-zone-cross.ngrok-free.dev/monitor

✅ Serenity 看板已启动
   手机访问: https://resend-zone-cross.ngrok-free.dev/monitor

✅ Serenity 看板已启动
   手机访问: https://resend-zone-cross.ngrok-free.dev/monitor

✅ Serenity 看板已启动
   手机访问: https://resend-zone-cross.ngrok-free.dev/monitor

✅ Serenity 看板已启动
   手机访问: https://resend-zone-cross.ngrok-free.dev/monitor

✅ Serenity 看板已启动
   手机访问: https://resend-zone-cross.ngrok-free.dev/monitor

✅ Serenity 看板已启动
   手机访问: https://resend-zone-cross.ngrok-free.dev/monitor

✅ Serenity 看板已启动
   手机访问: https://resend-zone-cross.ngrok-free.dev/monitor

✅ Serenity 看板已启动
   手机访问: https://resend-zone-cross.ngrok-free.dev/monitor

✅ Serenity 看板已启动
   手机访问: https://resend-zone-cross.ngrok-free.dev/monitor

✅ Serenity 看板已启动
   手机访问: https://resend-zone-cross.ngrok-free.dev/monitor

✅ Serenity 看板已启动
   手机访问: https://resend-zone-cross.ngrok-free.dev/monitor

✅ Serenity 看板已启动
   手机访问: https://resend-zone-cross.ngrok-free.dev/monitor

✅ Serenity 看板已启动
   手机访问: https://resend-zone-cross.ngrok-free.dev/monitor

✅ Serenity 看板已启动
   手机访问: https://resend-zone-cross.ngrok-free.dev/monitor

✅ Serenity 看板已启动
   手机访问: https://resend-zone-cross.ngrok-free.dev/monitor

✅ Serenity 看板已启动
   手机访问: https://resend-zone-cross.ngrok-free.dev/monitor

✅ Serenity 看板已启动
   手机访问: https://resend-zone-cross.ngrok-free.dev/monitor

✅ Serenity 看板已启动
   手机访问: https://resend-zone-cross.ngrok-free.dev/monitor

✅ Serenity 看板已启动
   手机访问: https://resend-zone-cross.ngrok-free.dev/monitor

✅ Serenity 看板已启动
   手机访问: https://resend-zone-cross.ngrok-free.dev/monitor

✅ Serenity 看板已启动
   手机访问: https://resend-zone-cross.ngrok-free.dev/monitor

✅ Serenity 看板已启动
   手机访问: https://resend-zone-cross.ngrok-free.dev/monitor

✅ Serenity 看板已启动
   手机访问: https://resend-zone-cross.ngrok-free.dev/monitor

✅ Serenity 看板已启动
   手机访问: https://resend-zone-cross.ngrok-free.dev/monitor

✅ Serenity 看板已启动
   手机访问: https://resend-zone-cross.ngrok-free.dev/monitor

✅ Serenity 看板已启动
   手机访问: https://resend-zone-cross.ngrok-free.dev/monitor

✅ Serenity 看板已启动
   手机访问: https://resend-zone-cross.ngrok-free.dev/monitor

✅ Serenity 看板已启动
   手机访问: https://resend-zone-cross.ngrok-free.dev/monitor

✅ Serenity 看板已启动
   手机访问: https://resend-zone-cross.ngrok-free.dev/monitor

✅ Serenity 看板已启动
   手机访问: https://resend-zone-cross.ngrok-free.dev/monitor

✅ Serenity 看板已启动
   手机访问: https://resend-zone-cross.ngrok-free.dev/monitor

✅ Serenity 看板已启动
   手机访问: https://resend-zone-cross.ngrok-free.dev/monitor

✅ Serenity 看板已启动
   手机访问: https://resend-zone-cross.ngrok-free.dev/monitor

✅ Serenity 看板已启动
   手机访问: https://resend-zone-cross.ngrok-free.dev/monitor

✅ Serenity 看板已启动
   手机访问: https://resend-zone-cross.ngrok-free.dev/monitor

✅ Serenity 看板已启动
   手机访问: https://resend-zone-cross.ngrok-free.dev/monitor

✅ Serenity 看板已启动
   手机访问: https://resend-zone-cross.ngrok-free.dev/monitor

✅ Serenity 看板已启动
   手机访问: https://resend-zone-cross.ngrok-free.dev/monitor

✅ Serenity 看板已启动
   手机访问: https://resend-zone-cross.ngrok-free.dev/monitor

✅ Serenity 看板已启动
   手机访问: https://resend-zone-cross.ngrok-free.dev/monitor

✅ Serenity 看板已启动
   手机访问: https://resend-zone-cross.ngrok-free.dev/monitor

✅ Serenity 看板已启动
   手机访问: https://resend-zone-cross.ngrok-free.dev/monitor

✅ Serenity 看板已启动
   手机访问: https://resend-zone-cross.ngrok-free.dev/monitor

✅ Serenity 看板已启动
   手机访问: https://resend-zone-cross.ngrok-free.dev/monitor

✅ Serenity 看板已启动
   手机访问: https://resend-zone-cross.ngrok-free.dev/monitor

✅ Serenity 看板已启动
   手机访问: https://resend-zone-cross.ngrok-free.dev/monitor

✅ Serenity 看板已启动
   手机访问: https://resend-zone-cross.ngrok-free.dev/monitor

✅ Serenity 看板已启动
   手机访问: https://resend-zone-cross.ngrok-free.dev/monitor

✅ Serenity 看板已启动
   手机访问: https://resend-zone-cross.ngrok-free.dev/monitor

✅ Serenity 看板已启动
   手机访问: https://resend-zone-cross.ngrok-free.dev/monitor

✅ Serenity 看板已启动
   手机访问: https://resend-zone-cross.ngrok-free.dev/monitor

✅ Serenity 看板已启动
   手机访问: https://resend-zone-cross.ngrok-free.dev/monitor

✅ Serenity 看板已启动
   手机访问: https://resend-zone-cross.ngrok-free.dev/monitor

✅ Serenity 看板已启动
   手机访问: https://resend-zone-cross.ngrok-free.dev/monitor

✅ Serenity 看板已启动
   手机访问: https://resend-zone-cross.ngrok-free.dev/monitor

✅ Serenity 看板已启动
   手机访问: https://resend-zone-cross.ngrok-free.dev/monitor

✅ Serenity 看板已启动
   手机访问: https://resend-zone-cross.ngrok-free.dev/monitor

✅ Serenity 看板已启动
   手机访问: https://resend-zone-cross.ngrok-free.dev/monitor

✅ Serenity 看板已启动
   手机访问: https://resend-zone-cross.ngrok-free.dev/monitor

✅ Serenity 看板已启动
   手机访问: https://resend-zone-cross.ngrok-free.dev/monitor

✅ Serenity 看板已启动
   手机访问: https://resend-zone-cross.ngrok-free.dev/monitor

✅ Serenity 看板已启动
   手机访问: https://resend-zone-cross.ngrok-free.dev/monitor

✅ Serenity 看板已启动
   手机访问: https://resend-zone-cross.ngrok-free.dev/monitor

✅ Serenity 看板已启动
   手机访问: https://resend-zone-cross.ngrok-free.dev/monitor

✅ Serenity 看板已启动
   手机访问: https://resend-zone-cross.ngrok-free.dev/monitor

✅ Serenity 看板已启动
   手机访问: https://resend-zone-cross.ngrok-free.dev/monitor

✅ Serenity 看板已启动
   手机访问: https://resend-zone-cross.ngrok-free.dev/monitor

✅ Serenity 看板已启动
   手机访问: https://resend-zone-cross.ngrok-free.dev/monitor

✅ Serenity 看板已启动
   手机访问: https://resend-zone-cross.ngrok-free.dev/monitor

✅ Serenity 看板已启动
   手机访问: https://resend-zone-cross.ngrok-free.dev/monitor

✅ Serenity 看板已启动
   手机访问: https://resend-zone-cross.ngrok-free.dev/monitor

✅ Serenity 看板已启动
   手机访问: https://resend-zone-cross.ngrok-free.dev/monitor

✅ Serenity 看板已启动
   手机访问: https://resend-zone-cross.ngrok-free.dev/monitor

✅ Serenity 看板已启动
   手机访问: https://resend-zone-cross.ngrok-free.dev/monitor

✅ Serenity 看板已启动
   手机访问: https://resend-zone-cross.ngrok-free.dev/monitor

✅ Serenity 看板已启动
   手机访问: https://resend-zone-cross.ngrok-free.dev/monitor

✅ Serenity 看板已启动
   手机访问: https://resend-zone-cross.ngrok-free.dev/monitor

✅ Serenity 看板已启动
   手机访问: https://resend-zone-cross.ngrok-free.dev/monitor

✅ Serenity 看板已启动
   手机访问: https://resend-zone-cross.ngrok-free.dev/monitor

✅ Serenity 看板已启动
   手机访问: https://resend-zone-cross.ngrok-free.dev/monitor

✅ Serenity 看板已启动
   手机访问: https://resend-zone-cross.ngrok-free.dev/monitor

✅ Serenity 看板已启动
   手机访问: https://resend-zone-cross.ngrok-free.dev/monitor

✅ Serenity 看板已启动
   手机访问: https://resend-zone-cross.ngrok-free.dev/monitor

✅ Serenity 看板已启动
   手机访问: https://resend-zone-cross.ngrok-free.dev/monitor

✅ Serenity 看板已启动
   手机访问: https://resend-zone-cross.ngrok-free.dev/monitor

✅ Serenity 看板已启动
   手机访问: https://resend-zone-cross.ngrok-free.dev/monitor

✅ Serenity 看板已启动
   手机访问: https://resend-zone-cross.ngrok-free.dev/monitor

✅ Serenity 看板已启动
   手机访问: https://resend-zone-cross.ngrok-free.dev/monitor

✅ Serenity 看板已启动
   手机访问: https://resend-zone-cross.ngrok-free.dev/monitor

✅ Serenity 看板已启动
   手机访问: https://resend-zone-cross.ngrok-free.dev/monitor

✅ Serenity 看板已启动
   手机访问: https://resend-zone-cross.ngrok-free.dev/monitor

✅ Serenity 看板已启动
   手机访问: https://resend-zone-cross.ngrok-free.dev/monitor

✅ Serenity 看板已启动
   手机访问: https://resend-zone-cross.ngrok-free.dev/monitor

✅ Serenity 看板已启动
   手机访问: https://resend-zone-cross.ngrok-free.dev/monitor

✅ Serenity 看板已启动
   手机访问: https://resend-zone-cross.ngrok-free.dev/monitor

✅ Serenity 看板已启动
   手机访问: https://resend-zone-cross.ngrok-free.dev/monitor

✅ Serenity 看板已启动
   手机访问: https://resend-zone-cross.ngrok-free.dev/monitor

✅ Serenity 看板已启动
   手机访问: https://resend-zone-cross.ngrok-free.dev/monitor

✅ Serenity 看板已启动
   手机访问: https://resend-zone-cross.ngrok-free.dev/monitor

✅ Serenity 看板已启动
   手机访问: https://resend-zone-cross.ngrok-free.dev/monitor

✅ Serenity 看板已启动
   手机访问: https://resend-zone-cross.ngrok-free.dev/monitor

✅ Serenity 看板已启动
   手机访问: https://resend-zone-cross.ngrok-free.dev/monitor

✅ Serenity 看板已启动
   手机访问: https://resend-zone-cross.ngrok-free.dev/monitor

✅ Serenity 看板已启动
   手机访问: https://resend-zone-cross.ngrok-free.dev/monitor

✅ Serenity 看板已启动
   手机访问: https://resend-zone-cross.ngrok-free.dev/monitor

✅ Serenity 看板已启动
   手机访问: https://resend-zone-cross.ngrok-free.dev/monitor

✅ Serenity 看板已启动
   手机访问: https://resend-zone-cross.ngrok-free.dev/monitor

✅ Serenity 看板已启动
   手机访问: https://resend-zone-cross.ngrok-free.dev/monitor

✅ Serenity 看板已启动
   手机访问: https://resend-zone-cross.ngrok-free.dev/monitor

✅ Serenity 看板已启动
   手机访问: https://resend-zone-cross.ngrok-free.dev/monitor

✅ Serenity 看板已启动
   手机访问: https://resend-zone-cross.ngrok-free.dev/monitor

✅ Serenity 看板已启动
   手机访问: https://resend-zone-cross.ngrok-free.dev/monitor

✅ Serenity 看板已启动
   手机访问: https://resend-zone-cross.ngrok-free.dev/monitor

✅ Serenity 看板已启动
   手机访问: https://resend-zone-cross.ngrok-free.dev/monitor

✅ Serenity 看板已启动
   手机访问: https://resend-zone-cross.ngrok-free.dev/monitor

✅ Serenity 看板已启动
   手机访问: https://resend-zone-cross.ngrok-free.dev/monitor

✅ Serenity 看板已启动
   手机访问: https://resend-zone-cross.ngrok-free.dev/monitor

✅ Serenity 看板已启动
   手机访问: https://resend-zone-cross.ngrok-free.dev/monitor

✅ Serenity 看板已启动
   手机访问: https://resend-zone-cross.ngrok-free.dev/monitor

✅ Serenity 看板已启动
   手机访问: https://resend-zone-cross.ngrok-free.dev/monitor

✅ Serenity 看板已启动
   手机访问: https://resend-zone-cross.ngrok-free.dev/monitor

✅ Serenity 看板已启动
   手机访问: https://resend-zone-cross.ngrok-free.dev/monitor

✅ Serenity 看板已启动
   手机访问: https://resend-zone-cross.ngrok-free.dev/monitor

✅ Serenity 看板已启动
   手机访问: https://resend-zone-cross.ngrok-free.dev/monitor

✅ Serenity 看板已启动
   手机访问: https://resend-zone-cross.ngrok-free.dev/monitor

✅ Serenity 看板已启动
   手机访问: https://resend-zone-cross.ngrok-free.dev/monitor

✅ Serenity 看板已启动
   手机访问: https://resend-zone-cross.ngrok-free.dev/monitor

✅ Serenity 看板已启动
   手机访问: https://resend-zone-cross.ngrok-free.dev/monitor

✅ Serenity 看板已启动
   手机访问: https://resend-zone-cross.ngrok-free.dev/monitor

✅ Serenity 看板已启动
   手机访问: https://resend-zone-cross.ngrok-free.dev/monitor

✅ Serenity 看板已启动
   手机访问: https://resend-zone-cross.ngrok-free.dev/monitor

✅ Serenity 看板已启动
   手机访问: https://resend-zone-cross.ngrok-free.dev/monitor

✅ Serenity 看板已启动
   手机访问: https://resend-zone-cross.ngrok-free.dev/monitor

✅ Serenity 看板已启动
   手机访问: https://resend-zone-cross.ngrok-free.dev/monitor

✅ Serenity 看板已启动
   手机访问: https://resend-zone-cross.ngrok-free.dev/monitor

✅ Serenity 看板已启动
   手机访问: https://resend-zone-cross.ngrok-free.dev/monitor

✅ Serenity 看板已启动
   手机访问: https://resend-zone-cross.ngrok-free.dev/monitor

✅ Serenity 看板已启动
   手机访问: https://resend-zone-cross.ngrok-free.dev/monitor

✅ Serenity 看板已启动
   手机访问: https://resend-zone-cross.ngrok-free.dev/monitor

✅ Serenity 看板已启动
   手机访问: https://resend-zone-cross.ngrok-free.dev/monitor

✅ Serenity 看板已启动
   手机访问: https://resend-zone-cross.ngrok-free.dev/monitor

✅ Serenity 看板已启动
   手机访问: https://resend-zone-cross.ngrok-free.dev/monitor

✅ Serenity 看板已启动
   手机访问: https://resend-zone-cross.ngrok-free.dev/monitor

✅ Serenity 看板已启动
   手机访问: https://resend-zone-cross.ngrok-free.dev/monitor

✅ Serenity 看板已启动
   手机访问: https://resend-zone-cross.ngrok-free.dev/monitor

✅ Serenity 看板已启动
   手机访问: https://resend-zone-cross.ngrok-free.dev/monitor

✅ Serenity 看板已启动
   手机访问: https://resend-zone-cross.ngrok-free.dev/monitor

✅ Serenity 看板已启动
   手机访问: https://resend-zone-cross.ngrok-free.dev/monitor

✅ Serenity 看板已启动
   手机访问: https://resend-zone-cross.ngrok-free.dev/monitor

✅ Serenity 看板已启动
   手机访问: https://resend-zone-cross.ngrok-free.dev/monitor

✅ Serenity 看板已启动
   手机访问: https://resend-zone-cross.ngrok-free.dev/monitor

✅ Serenity 看板已启动
   手机访问: https://resend-zone-cross.ngrok-free.dev/monitor

✅ Serenity 看板已启动
   手机访问: https://resend-zone-cross.ngrok-free.dev/monitor

✅ Serenity 看板已启动
   手机访问: https://resend-zone-cross.ngrok-free.dev/monitor

✅ Serenity 看板已启动
   手机访问: https://resend-zone-cross.ngrok-free.dev/monitor

✅ Serenity 看板已启动
   手机访问: https://resend-zone-cross.ngrok-free.dev/monitor

✅ Serenity 看板已启动
   手机访问: https://resend-zone-cross.ngrok-free.dev/monitor

✅ Serenity 看板已启动
   手机访问: https://resend-zone-cross.ngrok-free.dev/monitor

✅ Serenity 看板已启动
   手机访问: https://resend-zone-cross.ngrok-free.dev/monitor

✅ Serenity 看板已启动
   手机访问: https://resend-zone-cross.ngrok-free.dev/monitor

✅ Serenity 看板已启动
   手机访问: https://resend-zone-cross.ngrok-free.dev/monitor

✅ Serenity 看板已启动
   手机访问: https://resend-zone-cross.ngrok-free.dev/monitor

✅ Serenity 看板已启动
   手机访问: https://resend-zone-cross.ngrok-free.dev/monitor

✅ Serenity 看板已启动
   手机访问: https://resend-zone-cross.ngrok-free.dev/monitor

✅ Serenity 看板已启动
   手机访问: https://resend-zone-cross.ngrok-free.dev/monitor

✅ Serenity 看板已启动
   手机访问: https://resend-zone-cross.ngrok-free.dev/monitor

✅ Serenity 看板已启动
   手机访问: https://resend-zone-cross.ngrok-free.dev/monitor

✅ Serenity 看板已启动
   手机访问: https://resend-zone-cross.ngrok-free.dev/monitor

✅ Serenity 看板已启动
   手机访问: https://resend-zone-cross.ngrok-free.dev/monitor

✅ Serenity 看板已启动
   手机访问: https://resend-zone-cross.ngrok-free.dev/monitor

✅ Serenity 看板已启动
   手机访问: https://resend-zone-cross.ngrok-free.dev/monitor

✅ Serenity 看板已启动
   手机访问: https://resend-zone-cross.ngrok-free.dev/monitor

✅ Serenity 看板已启动
   手机访问: https://resend-zone-cross.ngrok-free.dev/monitor

✅ Serenity 看板已启动
   手机访问: https://resend-zone-cross.ngrok-free.dev/monitor

✅ Serenity 看板已启动
   手机访问: https://resend-zone-cross.ngrok-free.dev/monitor

✅ Serenity 看板已启动
   手机访问: https://resend-zone-cross.ngrok-free.dev/monitor

✅ Serenity 看板已启动
   手机访问: https://resend-zone-cross.ngrok-free.dev/monitor

✅ Serenity 看板已启动
   手机访问: https://resend-zone-cross.ngrok-free.dev/monitor

✅ Serenity 看板已启动
   手机访问: https://resend-zone-cross.ngrok-free.dev/monitor

✅ Serenity 看板已启动
   手机访问: https://resend-zone-cross.ngrok-free.dev/monitor

✅ Serenity 看板已启动
   手机访问: https://resend-zone-cross.ngrok-free.dev/monitor

✅ Serenity 看板已启动
   手机访问: https://resend-zone-cross.ngrok-free.dev/monitor

✅ Serenity 看板已启动
   手机访问: https://resend-zone-cross.ngrok-free.dev/monitor

✅ Serenity 看板已启动
   手机访问: https://resend-zone-cross.ngrok-free.dev/monitor

✅ Serenity 看板已启动
   手机访问: https://resend-zone-cross.ngrok-free.dev/monitor

✅ Serenity 看板已启动
   手机访问: https://resend-zone-cross.ngrok-free.dev/monitor

✅ Serenity 看板已启动
   手机访问: https://resend-zone-cross.ngrok-free.dev/monitor

✅ Serenity 看板已启动
   手机访问: https://resend-zone-cross.ngrok-free.dev/monitor

✅ Serenity 看板已启动
   手机访问: https://resend-zone-cross.ngrok-free.dev/monitor

✅ Serenity 看板已启动
   手机访问: https://resend-zone-cross.ngrok-free.dev/monitor

✅ Serenity 看板已启动
   手机访问: https://resend-zone-cross.ngrok-free.dev/monitor

✅ Serenity 看板已启动
   手机访问: https://resend-zone-cross.ngrok-free.dev/monitor

✅ Serenity 看板已启动
   手机访问: https://resend-zone-cross.ngrok-free.dev/monitor

✅ Serenity 看板已启动
   手机访问: https://resend-zone-cross.ngrok-free.dev/monitor

✅ Serenity 看板已启动
   手机访问: https://resend-zone-cross.ngrok-free.dev/monitor

✅ Serenity 看板已启动
   手机访问: https://resend-zone-cross.ngrok-free.dev/monitor

✅ Serenity 看板已启动
   手机访问: https://resend-zone-cross.ngrok-free.dev/monitor

✅ Serenity 看板已启动
   手机访问: https://resend-zone-cross.ngrok-free.dev/monitor

✅ Serenity 看板已启动
   手机访问: https://resend-zone-cross.ngrok-free.dev/monitor

✅ Serenity 看板已启动
   手机访问: https://resend-zone-cross.ngrok-free.dev/monitor

✅ Serenity 看板已启动
   手机访问: https://resend-zone-cross.ngrok-free.dev/monitor

✅ Serenity 看板已启动
   手机访问: https://resend-zone-cross.ngrok-free.dev/monitor

✅ Serenity 看板已启动
   手机访问: https://resend-zone-cross.ngrok-free.dev/monitor

✅ Serenity 看板已启动
   手机访问: https://resend-zone-cross.ngrok-free.dev/monitor

✅ Serenity 看板已启动
   手机访问: https://resend-zone-cross.ngrok-free.dev/monitor

✅ Serenity 看板已启动
   手机访问: https://resend-zone-cross.ngrok-free.dev/monitor

✅ Serenity 看板已启动
   手机访问: https://resend-zone-cross.ngrok-free.dev/monitor

✅ Serenity 看板已启动
   手机访问: https://resend-zone-cross.ngrok-free.dev/monitor

✅ Serenity 看板已启动
   手机访问: https://resend-zone-cross.ngrok-free.dev/monitor

✅ Serenity 看板已启动
   手机访问: https://resend-zone-cross.ngrok-free.dev/monitor

✅ Serenity 看板已启动
   手机访问: https://resend-zone-cross.ngrok-free.dev/monitor

✅ Serenity 看板已启动
   手机访问: https://resend-zone-cross.ngrok-free.dev/monitor

✅ Serenity 看板已启动
   手机访问: https://resend-zone-cross.ngrok-free.dev/monitor

✅ Serenity 看板已启动
   手机访问: https://resend-zone-cross.ngrok-free.dev/monitor

✅ Serenity 看板已启动
   手机访问: https://resend-zone-cross.ngrok-free.dev/monitor

✅ Serenity 看板已启动
   手机访问: https://resend-zone-cross.ngrok-free.dev/monitor

✅ Serenity 看板已启动
   手机访问: https://resend-zone-cross.ngrok-free.dev/monitor

✅ Serenity 看板已启动
   手机访问: https://resend-zone-cross.ngrok-free.dev/monitor

✅ Serenity 看板已启动
   手机访问: https://resend-zone-cross.ngrok-free.dev/monitor

✅ Serenity 看板已启动
   手机访问: https://resend-zone-cross.ngrok-free.dev/monitor

✅ Serenity 看板已启动
   手机访问: https://resend-zone-cross.ngrok-free.dev/monitor

✅ Serenity 看板已启动
   手机访问: https://resend-zone-cross.ngrok-free.dev/monitor

✅ Serenity 看板已启动
   手机访问: https://resend-zone-cross.ngrok-free.dev/monitor

✅ Serenity 看板已启动
   手机访问: https://resend-zone-cross.ngrok-free.dev/monitor

✅ Serenity 看板已启动
   手机访问: https://resend-zone-cross.ngrok-free.dev/monitor

✅ Serenity 看板已启动
   手机访问: https://resend-zone-cross.ngrok-free.dev/monitor

✅ Serenity 看板已启动
   手机访问: https://resend-zone-cross.ngrok-free.dev/monitor

✅ Serenity 看板已启动
   手机访问: https://resend-zone-cross.ngrok-free.dev/monitor

✅ Serenity 看板已启动
   手机访问: https://resend-zone-cross.ngrok-free.dev/monitor

✅ Serenity 看板已启动
   手机访问: https://resend-zone-cross.ngrok-free.dev/monitor

✅ Serenity 看板已启动
   手机访问: https://resend-zone-cross.ngrok-free.dev/monitor

✅ Serenity 看板已启动
   手机访问: https://resend-zone-cross.ngrok-free.dev/monitor

✅ Serenity 看板已启动
   手机访问: https://resend-zone-cross.ngrok-free.dev/monitor

✅ Serenity 看板已启动
   手机访问: https://resend-zone-cross.ngrok-free.dev/monitor

✅ Serenity 看板已启动
   手机访问: https://resend-zone-cross.ngrok-free.dev/monitor

✅ Serenity 看板已启动
   手机访问: https://resend-zone-cross.ngrok-free.dev/monitor

✅ Serenity 看板已启动
   手机访问: https://resend-zone-cross.ngrok-free.dev/monitor

✅ Serenity 看板已启动
   手机访问: https://resend-zone-cross.ngrok-free.dev/monitor

✅ Serenity 看板已启动
   手机访问: https://resend-zone-cross.ngrok-free.dev/monitor

✅ Serenity 看板已启动
   手机访问: https://resend-zone-cross.ngrok-free.dev/monitor

✅ Serenity 看板已启动
   手机访问: https://resend-zone-cross.ngrok-free.dev/monitor

✅ Serenity 看板已启动
   手机访问: https://resend-zone-cross.ngrok-free.dev/monitor

✅ Serenity 看板已启动
   手机访问: https://resend-zone-cross.ngrok-free.dev/monitor

✅ Serenity 看板已启动
   手机访问: https://resend-zone-cross.ngrok-free.dev/monitor

✅ Serenity 看板已启动
   手机访问: https://resend-zone-cross.ngrok-free.dev/monitor

✅ Serenity 看板已启动
   手机访问: https://resend-zone-cross.ngrok-free.dev/monitor

✅ Serenity 看板已启动
   手机访问: https://resend-zone-cross.ngrok-free.dev/monitor

✅ Serenity 看板已启动
   手机访问: https://resend-zone-cross.ngrok-free.dev/monitor

✅ Serenity 看板已启动
   手机访问: https://resend-zone-cross.ngrok-free.dev/monitor

✅ Serenity 看板已启动
   手机访问: https://resend-zone-cross.ngrok-free.dev/monitor

✅ Serenity 看板已启动
   手机访问: https://resend-zone-cross.ngrok-free.dev/monitor

✅ Serenity 看板已启动
   手机访问: https://resend-zone-cross.ngrok-free.dev/monitor

✅ Serenity 看板已启动
   手机访问: https://resend-zone-cross.ngrok-free.dev/monitor

✅ Serenity 看板已启动
   手机访问: https://resend-zone-cross.ngrok-free.dev/monitor

✅ Serenity 看板已启动
   手机访问: https://resend-zone-cross.ngrok-free.dev/monitor

✅ Serenity 看板已启动
   手机访问: https://resend-zone-cross.ngrok-free.dev/monitor

✅ Serenity 看板已启动
   手机访问: https://resend-zone-cross.ngrok-free.dev/monitor

✅ Serenity 看板已启动
   手机访问: https://resend-zone-cross.ngrok-free.dev/monitor

✅ Serenity 看板已启动
   手机访问: https://resend-zone-cross.ngrok-free.dev/monitor

✅ Serenity 看板已启动
   手机访问: https://resend-zone-cross.ngrok-free.dev/monitor

✅ Serenity 看板已启动
   手机访问: https://resend-zone-cross.ngrok-free.dev/monitor

✅ Serenity 看板已启动
   手机访问: https://resend-zone-cross.ngrok-free.dev/monitor

✅ Serenity 看板已启动
   手机访问: https://resend-zone-cross.ngrok-free.dev/monitor

✅ Serenity 看板已启动
   手机访问: https://resend-zone-cross.ngrok-free.dev/monitor

✅ Serenity 看板已启动
   手机访问: https://resend-zone-cross.ngrok-free.dev/monitor

✅ Serenity 看板已启动
   手机访问: https://resend-zone-cross.ngrok-free.dev/monitor

✅ Serenity 看板已启动
   手机访问: https://resend-zone-cross.ngrok-free.dev/monitor

✅ Serenity 看板已启动
   手机访问: https://resend-zone-cross.ngrok-free.dev/monitor

✅ Serenity 看板已启动
   手机访问: https://resend-zone-cross.ngrok-free.dev/monitor

✅ Serenity 看板已启动
   手机访问: https://resend-zone-cross.ngrok-free.dev/monitor

✅ Serenity 看板已启动
   手机访问: https://resend-zone-cross.ngrok-free.dev/monitor

✅ Serenity 看板已启动
   手机访问: https://resend-zone-cross.ngrok-free.dev/monitor

✅ Serenity 看板已启动
   手机访问: https://resend-zone-cross.ngrok-free.dev/monitor

✅ Serenity 看板已启动
   手机访问: https://resend-zone-cross.ngrok-free.dev/monitor

✅ Serenity 看板已启动
   手机访问: https://resend-zone-cross.ngrok-free.dev/monitor

✅ Serenity 看板已启动
   手机访问: https://resend-zone-cross.ngrok-free.dev/monitor

✅ Serenity 看板已启动
   手机访问: https://resend-zone-cross.ngrok-free.dev/monitor

✅ Serenity 看板已启动
   手机访问: https://resend-zone-cross.ngrok-free.dev/monitor

✅ Serenity 看板已启动
   手机访问: https://resend-zone-cross.ngrok-free.dev/monitor

✅ Serenity 看板已启动
   手机访问: https://resend-zone-cross.ngrok-free.dev/monitor

✅ Serenity 看板已启动
   手机访问: https://resend-zone-cross.ngrok-free.dev/monitor

✅ Serenity 看板已启动
   手机访问: https://resend-zone-cross.ngrok-free.dev/monitor

✅ Serenity 看板已启动
   手机访问: https://resend-zone-cross.ngrok-free.dev/monitor

✅ Serenity 看板已启动
   手机访问: https://resend-zone-cross.ngrok-free.dev/monitor

✅ Serenity 看板已启动
   手机访问: https://resend-zone-cross.ngrok-free.dev/monitor

✅ Serenity 看板已启动
   手机访问: https://resend-zone-cross.ngrok-free.dev/monitor

✅ Serenity 看板已启动
   手机访问: https://resend-zone-cross.ngrok-free.dev/monitor

✅ Serenity 看板已启动
   手机访问: https://resend-zone-cross.ngrok-free.dev/monitor

✅ Serenity 看板已启动
   手机访问: https://resend-zone-cross.ngrok-free.dev/monitor

✅ Serenity 看板已启动
   手机访问: https://resend-zone-cross.ngrok-free.dev/monitor

✅ Serenity 看板已启动
   手机访问: https://resend-zone-cross.ngrok-free.dev/monitor

✅ Serenity 看板已启动
   手机访问: https://resend-zone-cross.ngrok-free.dev/monitor

✅ Serenity 看板已启动
   手机访问: https://resend-zone-cross.ngrok-free.dev/monitor

✅ Serenity 看板已启动
   手机访问: https://resend-zone-cross.ngrok-free.dev/monitor

✅ Serenity 看板已启动
   手机访问: https://resend-zone-cross.ngrok-free.dev/monitor

✅ Serenity 看板已启动
   手机访问: https://resend-zone-cross.ngrok-free.dev/monitor

✅ Serenity 看板已启动
   手机访问: https://resend-zone-cross.ngrok-free.dev/monitor

✅ Serenity 看板已启动
   手机访问: https://resend-zone-cross.ngrok-free.dev/monitor

✅ Serenity 看板已启动
   手机访问: https://resend-zone-cross.ngrok-free.dev/monitor

✅ Serenity 看板已启动
   手机访问: https://resend-zone-cross.ngrok-free.dev/monitor

✅ Serenity 看板已启动
   手机访问: https://resend-zone-cross.ngrok-free.dev/monitor

✅ Serenity 看板已启动
   手机访问: https://resend-zone-cross.ngrok-free.dev/monitor

✅ Serenity 看板已启动
   手机访问: https://resend-zone-cross.ngrok-free.dev/monitor

✅ Serenity 看板已启动
   手机访问: https://resend-zone-cross.ngrok-free.dev/monitor

✅ Serenity 看板已启动
   手机访问: https://resend-zone-cross.ngrok-free.dev/monitor

✅ Serenity 看板已启动
   手机访问: https://resend-zone-cross.ngrok-free.dev/monitor

✅ Serenity 看板已启动
   手机访问: https://resend-zone-cross.ngrok-free.dev/monitor

✅ Serenity 看板已启动
   手机访问: https://resend-zone-cross.ngrok-free.dev/monitor

✅ Serenity 看板已启动
   手机访问: https://resend-zone-cross.ngrok-free.dev/monitor

✅ Serenity 看板已启动
   手机访问: https://resend-zone-cross.ngrok-free.dev/monitor

✅ Serenity 看板已启动
   手机访问: https://resend-zone-cross.ngrok-free.dev/monitor

✅ Serenity 看板已启动
   手机访问: https://resend-zone-cross.ngrok-free.dev/monitor

✅ Serenity 看板已启动
   手机访问: https://resend-zone-cross.ngrok-free.dev/monitor

✅ Serenity 看板已启动
   手机访问: https://resend-zone-cross.ngrok-free.dev/monitor

✅ Serenity 看板已启动
   手机访问: https://resend-zone-cross.ngrok-free.dev/monitor

✅ Serenity 看板已启动
   手机访问: https://resend-zone-cross.ngrok-free.dev/monitor

✅ Serenity 看板已启动
   手机访问: https://resend-zone-cross.ngrok-free.dev/monitor

✅ Serenity 看板已启动
   手机访问: https://resend-zone-cross.ngrok-free.dev/monitor

✅ Serenity 看板已启动
   手机访问: https://resend-zone-cross.ngrok-free.dev/monitor

✅ Serenity 看板已启动
   手机访问: https://resend-zone-cross.ngrok-free.dev/monitor

✅ Serenity 看板已启动
   手机访问: https://resend-zone-cross.ngrok-free.dev/monitor

✅ Serenity 看板已启动
   手机访问: https://resend-zone-cross.ngrok-free.dev/monitor

✅ Serenity 看板已启动
   手机访问: https://resend-zone-cross.ngrok-free.dev/monitor

✅ Serenity 看板已启动
   手机访问: https://resend-zone-cross.ngrok-free.dev/monitor

✅ Serenity 看板已启动
   手机访问: https://resend-zone-cross.ngrok-free.dev/monitor

✅ Serenity 看板已启动
   手机访问: https://resend-zone-cross.ngrok-free.dev/monitor

✅ Serenity 看板已启动
   手机访问: https://resend-zone-cross.ngrok-free.dev/monitor

✅ Serenity 看板已启动
   手机访问: https://resend-zone-cross.ngrok-free.dev/monitor

✅ Serenity 看板已启动
   手机访问: https://resend-zone-cross.ngrok-free.dev/monitor

✅ Serenity 看板已启动
   手机访问: https://resend-zone-cross.ngrok-free.dev/monitor

✅ Serenity 看板已启动
   手机访问: https://resend-zone-cross.ngrok-free.dev/monitor

✅ Serenity 看板已启动
   手机访问: https://resend-zone-cross.ngrok-free.dev/monitor

✅ Serenity 看板已启动
   手机访问: https://resend-zone-cross.ngrok-free.dev/monitor

✅ Serenity 看板已启动
   手机访问: https://resend-zone-cross.ngrok-free.dev/monitor

✅ Serenity 看板已启动
   手机访问: https://resend-zone-cross.ngrok-free.dev/monitor

✅ Serenity 看板已启动
   手机访问: https://resend-zone-cross.ngrok-free.dev/monitor

✅ Serenity 看板已启动
   手机访问: https://resend-zone-cross.ngrok-free.dev/monitor

✅ Serenity 看板已启动
   手机访问: https://resend-zone-cross.ngrok-free.dev/monitor

✅ Serenity 看板已启动
   手机访问: https://resend-zone-cross.ngrok-free.dev/monitor

✅ Serenity 看板已启动
   手机访问: https://resend-zone-cross.ngrok-free.dev/monitor

✅ Serenity 看板已启动
   手机访问: https://resend-zone-cross.ngrok-free.dev/monitor

✅ Serenity 看板已启动
   手机访问: https://resend-zone-cross.ngrok-free.dev/monitor

✅ Serenity 看板已启动
   手机访问: https://resend-zone-cross.ngrok-free.dev/monitor

✅ Serenity 看板已启动
   手机访问: https://resend-zone-cross.ngrok-free.dev/monitor

✅ Serenity 看板已启动
   手机访问: https://resend-zone-cross.ngrok-free.dev/monitor

✅ Serenity 看板已启动
   手机访问: https://resend-zone-cross.ngrok-free.dev/monitor

✅ Serenity 看板已启动
   手机访问: https://resend-zone-cross.ngrok-free.dev/monitor

✅ Serenity 看板已启动
   手机访问: https://resend-zone-cross.ngrok-free.dev/monitor

✅ Serenity 看板已启动
   手机访问: https://resend-zone-cross.ngrok-free.dev/monitor

✅ Serenity 看板已启动
   手机访问: https://resend-zone-cross.ngrok-free.dev/monitor

✅ Serenity 看板已启动
   手机访问: https://resend-zone-cross.ngrok-free.dev/monitor

✅ Serenity 看板已启动
   手机访问: https://resend-zone-cross.ngrok-free.dev/monitor

✅ Serenity 看板已启动
   手机访问: https://resend-zone-cross.ngrok-free.dev/monitor

✅ Serenity 看板已启动
   手机访问: https://resend-zone-cross.ngrok-free.dev/monitor

✅ Serenity 看板已启动
   手机访问: https://resend-zone-cross.ngrok-free.dev/monitor

✅ Serenity 看板已启动
   手机访问: https://resend-zone-cross.ngrok-free.dev/monitor

✅ Serenity 看板已启动
   手机访问: https://resend-zone-cross.ngrok-free.dev/monitor

✅ Serenity 看板已启动
   手机访问: https://resend-zone-cross.ngrok-free.dev/monitor

✅ Serenity 看板已启动
   手机访问: https://resend-zone-cross.ngrok-free.dev/monitor

✅ Serenity 看板已启动
   手机访问: https://resend-zone-cross.ngrok-free.dev/monitor

✅ Serenity 看板已启动
   手机访问: https://resend-zone-cross.ngrok-free.dev/monitor

✅ Serenity 看板已启动
   手机访问: https://resend-zone-cross.ngrok-free.dev/monitor

✅ Serenity 看板已启动
   手机访问: https://resend-zone-cross.ngrok-free.dev/monitor

✅ Serenity 看板已启动
   手机访问: https://resend-zone-cross.ngrok-free.dev/monitor

✅ Serenity 看板已启动
   手机访问: https://resend-zone-cross.ngrok-free.dev/monitor

✅ Serenity 看板已启动
   手机访问: https://resend-zone-cross.ngrok-free.dev/monitor

✅ Serenity 看板已启动
   手机访问: https://resend-zone-cross.ngrok-free.dev/monitor

✅ Serenity 看板已启动
   手机访问: https://resend-zone-cross.ngrok-free.dev/monitor

✅ Serenity 看板已启动
   手机访问: https://resend-zone-cross.ngrok-free.dev/monitor

✅ Serenity 看板已启动
   手机访问: https://resend-zone-cross.ngrok-free.dev/monitor

✅ Serenity 看板已启动
   手机访问: https://resend-zone-cross.ngrok-free.dev/monitor

✅ Serenity 看板已启动
   手机访问: https://resend-zone-cross.ngrok-free.dev/monitor

✅ Serenity 看板已启动
   手机访问: https://resend-zone-cross.ngrok-free.dev/monitor

✅ Serenity 看板已启动
   手机访问: https://resend-zone-cross.ngrok-free.dev/monitor

✅ Serenity 看板已启动
   手机访问: https://resend-zone-cross.ngrok-free.dev/monitor

✅ Serenity 看板已启动
   手机访问: https://resend-zone-cross.ngrok-free.dev/monitor

✅ Serenity 看板已启动
   手机访问: https://resend-zone-cross.ngrok-free.dev/monitor

✅ Serenity 看板已启动
   手机访问: https://resend-zone-cross.ngrok-free.dev/monitor

✅ Serenity 看板已启动
   手机访问: https://resend-zone-cross.ngrok-free.dev/monitor

✅ Serenity 看板已启动
   手机访问: https://resend-zone-cross.ngrok-free.dev/monitor

✅ Serenity 看板已启动
   手机访问: https://resend-zone-cross.ngrok-free.dev/monitor

✅ Serenity 看板已启动
   手机访问: https://resend-zone-cross.ngrok-free.dev/monitor

✅ Serenity 看板已启动
   手机访问: https://resend-zone-cross.ngrok-free.dev/monitor

✅ Serenity 看板已启动
   手机访问: https://resend-zone-cross.ngrok-free.dev/monitor

✅ Serenity 看板已启动
   手机访问: https://resend-zone-cross.ngrok-free.dev/monitor

✅ Serenity 看板已启动
   手机访问: https://resend-zone-cross.ngrok-free.dev/monitor

✅ Serenity 看板已启动
   手机访问: https://resend-zone-cross.ngrok-free.dev/monitor

✅ Serenity 看板已启动
   手机访问: https://resend-zone-cross.ngrok-free.dev/monitor

✅ Serenity 看板已启动
   手机访问: https://resend-zone-cross.ngrok-free.dev/monitor

✅ Serenity 看板已启动
   手机访问: https://resend-zone-cross.ngrok-free.dev/monitor

✅ Serenity 看板已启动
   手机访问: https://resend-zone-cross.ngrok-free.dev/monitor

✅ Serenity 看板已启动
   手机访问: https://resend-zone-cross.ngrok-free.dev/monitor

✅ Serenity 看板已启动
   手机访问: https://resend-zone-cross.ngrok-free.dev/monitor

✅ Serenity 看板已启动
   手机访问: https://resend-zone-cross.ngrok-free.dev/monitor

✅ Serenity 看板已启动
   手机访问: https://resend-zone-cross.ngrok-free.dev/monitor

✅ Serenity 看板已启动
   手机访问: https://resend-zone-cross.ngrok-free.dev/monitor

✅ Serenity 看板已启动
   手机访问: https://resend-zone-cross.ngrok-free.dev/monitor

✅ Serenity 看板已启动
   手机访问: https://resend-zone-cross.ngrok-free.dev/monitor

✅ Serenity 看板已启动
   手机访问: https://resend-zone-cross.ngrok-free.dev/monitor

✅ Serenity 看板已启动
   手机访问: https://resend-zone-cross.ngrok-free.dev/monitor

✅ Serenity 看板已启动
   手机访问: https://resend-zone-cross.ngrok-free.dev/monitor

✅ Serenity 看板已启动
   手机访问: https://resend-zone-cross.ngrok-free.dev/monitor

✅ Serenity 看板已启动
   手机访问: https://resend-zone-cross.ngrok-free.dev/monitor

✅ Serenity 看板已启动
   手机访问: https://resend-zone-cross.ngrok-free.dev/monitor

✅ Serenity 看板已启动
   手机访问: https://resend-zone-cross.ngrok-free.dev/monitor

✅ Serenity 看板已启动
   手机访问: https://resend-zone-cross.ngrok-free.dev/monitor

✅ Serenity 看板已启动
   手机访问: https://resend-zone-cross.ngrok-free.dev/monitor

✅ Serenity 看板已启动
   手机访问: https://resend-zone-cross.ngrok-free.dev/monitor

✅ Serenity 看板已启动
   手机访问: https://resend-zone-cross.ngrok-free.dev/monitor

✅ Serenity 看板已启动
   手机访问: https://resend-zone-cross.ngrok-free.dev/monitor

✅ Serenity 看板已启动
   手机访问: https://resend-zone-cross.ngrok-free.dev/monitor

✅ Serenity 看板已启动
   手机访问: https://resend-zone-cross.ngrok-free.dev/monitor

✅ Serenity 看板已启动
   手机访问: https://resend-zone-cross.ngrok-free.dev/monitor

✅ Serenity 看板已启动
   手机访问: https://resend-zone-cross.ngrok-free.dev/monitor

✅ Serenity 看板已启动
   手机访问: https://resend-zone-cross.ngrok-free.dev/monitor

✅ Serenity 看板已启动
   手机访问: https://resend-zone-cross.ngrok-free.dev/monitor

✅ Serenity 看板已启动
   手机访问: https://resend-zone-cross.ngrok-free.dev/monitor

✅ Serenity 看板已启动
   手机访问: https://resend-zone-cross.ngrok-free.dev/monitor

✅ Serenity 看板已启动
   手机访问: https://resend-zone-cross.ngrok-free.dev/monitor

✅ Serenity 看板已启动
   手机访问: https://resend-zone-cross.ngrok-free.dev/monitor

✅ Serenity 看板已启动
   手机访问: https://resend-zone-cross.ngrok-free.dev/monitor

✅ Serenity 看板已启动
   手机访问: https://resend-zone-cross.ngrok-free.dev/monitor

✅ Serenity 看板已启动
   手机访问: https://resend-zone-cross.ngrok-free.dev/monitor

✅ Serenity 看板已启动
   手机访问: https://resend-zone-cross.ngrok-free.dev/monitor

✅ Serenity 看板已启动
   手机访问: https://resend-zone-cross.ngrok-free.dev/monitor

✅ Serenity 看板已启动
   手机访问: https://resend-zone-cross.ngrok-free.dev/monitor

✅ Serenity 看板已启动
   手机访问: https://resend-zone-cross.ngrok-free.dev/monitor

✅ Serenity 看板已启动
   手机访问: https://resend-zone-cross.ngrok-free.dev/monitor
[INFO   ] 自主研究引擎: 开始每日研究流程
[INFO   ]   采集: 300条 → 财经过滤: 61条
[INFO   ]   提取: 27个信号, 9个可操作话题
[INFO   ] 研究结果已持久化: 9话题, 0标的
[INFO   ]   早报: 467字符
✅ 研究完成: 61条新闻, 27个信号
📡 **Serenity 自主研究早报** 07/10 07:00

🔥 **今日热门话题**
  • AI (提及10次) → 人工智能 [300308, 300502, 300394, 002281]
  • 半导体 (提及3次) → 半导体 [600460, 688256, 300308]
  • 芯片 (提及2次) → 半导体 [600460, 688256]
  • 算力 (提及2次) → 算力基础设施 [300308, 300502, 300394, 002281]
  • 数据中心 (提及2次) → 算力基础设施 [300308, 300502, 600460]
  • 服务器 (提及2次) → 算力基础设施 [600460]
  • 英伟达 (提及2次) → 芯片 [600460]
  • 地产 (提及1次) → 房地产 [600585]
  • 房地产 (提及1次) → 房地产 [600585]

🎯 **对持仓池影响**: 暂无明显新闻信号

🤖 Serenity 研究引擎 · 07/10 07:00

✅ Serenity 看板已启动
   手机访问: https://resend-zone-cross.ngrok-free.dev/monitor

✅ Serenity 看板已启动
   手机访问: https://resend-zone-cross.ngrok-free.dev/monitor

✅ Serenity 看板已启动
   手机访问: https://resend-zone-cross.ngrok-free.dev/monitor

✅ Serenity 看板已启动
   手机访问: https://resend-zone-cross.ngrok-free.dev/monitor

✅ Serenity 看板已启动
   手机访问: https://resend-zone-cross.ngrok-free.dev/monitor

✅ Serenity 看板已启动
   手机访问: https://resend-zone-cross.ngrok-free.dev/monitor

✅ Serenity 看板已启动
   手机访问: https://resend-zone-cross.ngrok-free.dev/monitor

✅ Serenity 看板已启动
   手机访问: https://resend-zone-cross.ngrok-free.dev/monitor

✅ Serenity 看板已启动
   手机访问: https://resend-zone-cross.ngrok-free.dev/monitor

✅ Serenity 看板已启动
   手机访问: https://resend-zone-cross.ngrok-free.dev/monitor

✅ Serenity 看板已启动
   手机访问: https://resend-zone-cross.ngrok-free.dev/monitor

✅ Serenity 看板已启动
   手机访问: https://resend-zone-cross.ngrok-free.dev/monitor

✅ Serenity 看板已启动
   手机访问: https://resend-zone-cross.ngrok-free.dev/monitor

✅ Serenity 看板已启动
   手机访问: https://resend-zone-cross.ngrok-free.dev/monitor

✅ Serenity 看板已启动
   手机访问: https://resend-zone-cross.ngrok-free.dev/monitor

✅ Serenity 看板已启动
   手机访问: https://resend-zone-cross.ngrok-free.dev/monitor

✅ Serenity 看板已启动
   手机访问: https://resend-zone-cross.ngrok-free.dev/monitor

✅ Serenity 看板已启动
   手机访问: https://resend-zone-cross.ngrok-free.dev/monitor

✅ Serenity 看板已启动
   手机访问: https://resend-zone-cross.ngrok-free.dev/monitor

✅ Serenity 看板已启动
   手机访问: https://resend-zone-cross.ngrok-free.dev/monitor

✅ Serenity 看板已启动
   手机访问: https://resend-zone-cross.ngrok-free.dev/monitor

✅ Serenity 看板已启动
   手机访问: https://resend-zone-cross.ngrok-free.dev/monitor

✅ Serenity 看板已启动
   手机访问: https://resend-zone-cross.ngrok-free.dev/monitor

✅ Serenity 看板已启动
   手机访问: https://resend-zone-cross.ngrok-free.dev/monitor

✅ Serenity 看板已启动
   手机访问: https://resend-zone-cross.ngrok-free.dev/monitor

✅ Serenity 看板已启动
   手机访问: https://resend-zone-cross.ngrok-free.dev/monitor

✅ Serenity 看板已启动
   手机访问: https://resend-zone-cross.ngrok-free.dev/monitor

✅ Serenity 看板已启动
   手机访问: https://resend-zone-cross.ngrok-free.dev/monitor

✅ Serenity 看板已启动
   手机访问: https://resend-zone-cross.ngrok-free.dev/monitor

✅ Serenity 看板已启动
   手机访问: https://resend-zone-cross.ngrok-free.dev/monitor

✅ Serenity 看板已启动
   手机访问: https://resend-zone-cross.ngrok-free.dev/monitor

✅ Serenity 看板已启动
   手机访问: https://resend-zone-cross.ngrok-free.dev/monitor

✅ Serenity 看板已启动
   手机访问: https://resend-zone-cross.ngrok-free.dev/monitor

✅ Serenity 看板已启动
   手机访问: https://resend-zone-cross.ngrok-free.dev/monitor

✅ Serenity 看板已启动
   手机访问: https://resend-zone-cross.ngrok-free.dev/monitor

✅ Serenity 看板已启动
   手机访问: https://resend-zone-cross.ngrok-free.dev/monitor

✅ Serenity 看板已启动
   手机访问: https://resend-zone-cross.ngrok-free.dev/monitor

✅ Serenity 看板已启动
   手机访问: https://resend-zone-cross.ngrok-free.dev/monitor

✅ Serenity 看板已启动
   手机访问: https://resend-zone-cross.ngrok-free.dev/monitor

✅ Serenity 看板已启动
   手机访问: https://resend-zone-cross.ngrok-free.dev/monitor

✅ Serenity 看板已启动
   手机访问: https://resend-zone-cross.ngrok-free.dev/monitor

✅ Serenity 看板已启动
   手机访问: https://resend-zone-cross.ngrok-free.dev/monitor

✅ Serenity 看板已启动
   手机访问: https://resend-zone-cross.ngrok-free.dev/monitor

✅ Serenity 看板已启动
   手机访问: https://resend-zone-cross.ngrok-free.dev/monitor

✅ Serenity 看板已启动
   手机访问: https://resend-zone-cross.ngrok-free.dev/monitor

✅ Serenity 看板已启动
   手机访问: https://resend-zone-cross.ngrok-free.dev/monitor

✅ Serenity 看板已启动
   手机访问: https://resend-zone-cross.ngrok-free.dev/monitor

✅ Serenity 看板已启动
   手机访问: https://resend-zone-cross.ngrok-free.dev/monitor

✅ Serenity 看板已启动
   手机访问: https://resend-zone-cross.ngrok-free.dev/monitor

✅ Serenity 看板已启动
   手机访问: https://resend-zone-cross.ngrok-free.dev/monitor

✅ Serenity 看板已启动
   手机访问: https://resend-zone-cross.ngrok-free.dev/monitor

✅ Serenity 看板已启动
   手机访问: https://resend-zone-cross.ngrok-free.dev/monitor

✅ Serenity 看板已启动
   手机访问: https://resend-zone-cross.ngrok-free.dev/monitor

✅ Serenity 看板已启动
   手机访问: https://resend-zone-cross.ngrok-free.dev/monitor

✅ Serenity 看板已启动
   手机访问: https://resend-zone-cross.ngrok-free.dev/monitor

✅ Serenity 看板已启动
   手机访问: https://resend-zone-cross.ngrok-free.dev/monitor

✅ Serenity 看板已启动
   手机访问: https://resend-zone-cross.ngrok-free.dev/monitor

✅ Serenity 看板已启动
   手机访问: https://resend-zone-cross.ngrok-free.dev/monitor

✅ Serenity 看板已启动
   手机访问: https://resend-zone-cross.ngrok-free.dev/monitor

✅ Serenity 看板已启动
   手机访问: https://resend-zone-cross.ngrok-free.dev/monitor

✅ Serenity 看板已启动
   手机访问: https://resend-zone-cross.ngrok-free.dev/monitor

✅ Serenity 看板已启动
   手机访问: https://resend-zone-cross.ngrok-free.dev/monitor

✅ Serenity 看板已启动
   手机访问: https://resend-zone-cross.ngrok-free.dev/monitor

✅ Serenity 看板已启动
   手机访问: https://resend-zone-cross.ngrok-free.dev/monitor

✅ Serenity 看板已启动
   手机访问: https://resend-zone-cross.ngrok-free.dev/monitor

✅ Serenity 看板已启动
   手机访问: https://resend-zone-cross.ngrok-free.dev/monitor

✅ Serenity 看板已启动
   手机访问: https://resend-zone-cross.ngrok-free.dev/monitor

✅ Serenity 看板已启动
   手机访问: https://resend-zone-cross.ngrok-free.dev/monitor

✅ Serenity 看板已启动
   手机访问: https://resend-zone-cross.ngrok-free.dev/monitor

✅ Serenity 看板已启动
   手机访问: https://resend-zone-cross.ngrok-free.dev/monitor

✅ Serenity 看板已启动
   手机访问: https://resend-zone-cross.ngrok-free.dev/monitor

✅ Serenity 看板已启动
   手机访问: https://resend-zone-cross.ngrok-free.dev/monitor

✅ Serenity 看板已启动
   手机访问: https://resend-zone-cross.ngrok-free.dev/monitor

✅ Serenity 看板已启动
   手机访问: https://resend-zone-cross.ngrok-free.dev/monitor

✅ Serenity 看板已启动
   手机访问: https://resend-zone-cross.ngrok-free.dev/monitor

✅ Serenity 看板已启动
   手机访问: https://resend-zone-cross.ngrok-free.dev/monitor

✅ Serenity 看板已启动
   手机访问: https://resend-zone-cross.ngrok-free.dev/monitor

✅ Serenity 看板已启动
   手机访问: https://resend-zone-cross.ngrok-free.dev/monitor

✅ Serenity 看板已启动
   手机访问: https://resend-zone-cross.ngrok-free.dev/monitor

✅ Serenity 看板已启动
   手机访问: https://resend-zone-cross.ngrok-free.dev/monitor

✅ Serenity 看板已启动
   手机访问: https://resend-zone-cross.ngrok-free.dev/monitor

✅ Serenity 看板已启动
   手机访问: https://resend-zone-cross.ngrok-free.dev/monitor

✅ Serenity 看板已启动
   手机访问: https://resend-zone-cross.ngrok-free.dev/monitor

✅ Serenity 看板已启动
   手机访问: https://resend-zone-cross.ngrok-free.dev/monitor

✅ Serenity 看板已启动
   手机访问: https://resend-zone-cross.ngrok-free.dev/monitor

✅ Serenity 看板已启动
   手机访问: https://resend-zone-cross.ngrok-free.dev/monitor

✅ Serenity 看板已启动
   手机访问: https://resend-zone-cross.ngrok-free.dev/monitor

✅ Serenity 看板已启动
   手机访问: https://resend-zone-cross.ngrok-free.dev/monitor

✅ Serenity 看板已启动
   手机访问: https://resend-zone-cross.ngrok-free.dev/monitor

✅ Serenity 看板已启动
   手机访问: https://resend-zone-cross.ngrok-free.dev/monitor

✅ Serenity 看板已启动
   手机访问: https://resend-zone-cross.ngrok-free.dev/monitor

✅ Serenity 看板已启动
   手机访问: https://resend-zone-cross.ngrok-free.dev/monitor

✅ Serenity 看板已启动
   手机访问: https://resend-zone-cross.ngrok-free.dev/monitor

✅ Serenity 看板已启动
   手机访问: https://resend-zone-cross.ngrok-free.dev/monitor

✅ Serenity 看板已启动
   手机访问: https://resend-zone-cross.ngrok-free.dev/monitor

✅ Serenity 看板已启动
   手机访问: https://resend-zone-cross.ngrok-free.dev/monitor

✅ Serenity 看板已启动
   手机访问: https://resend-zone-cross.ngrok-free.dev/monitor

✅ Serenity 看板已启动
   手机访问: https://resend-zone-cross.ngrok-free.dev/monitor

✅ Serenity 看板已启动
   手机访问: https://resend-zone-cross.ngrok-free.dev/monitor

✅ Serenity 看板已启动
   手机访问: https://resend-zone-cross.ngrok-free.dev/monitor

✅ Serenity 看板已启动
   手机访问: https://resend-zone-cross.ngrok-free.dev/monitor

✅ Serenity 看板已启动
   手机访问: https://resend-zone-cross.ngrok-free.dev/monitor

✅ Serenity 看板已启动
   手机访问: https://resend-zone-cross.ngrok-free.dev/monitor

✅ Serenity 看板已启动
   手机访问: https://resend-zone-cross.ngrok-free.dev/monitor

✅ Serenity 看板已启动
   手机访问: https://resend-zone-cross.ngrok-free.dev/monitor

✅ Serenity 看板已启动
   手机访问: https://resend-zone-cross.ngrok-free.dev/monitor

✅ Serenity 看板已启动
   手机访问: https://resend-zone-cross.ngrok-free.dev/monitor

✅ Serenity 看板已启动
   手机访问: https://resend-zone-cross.ngrok-free.dev/monitor

✅ Serenity 看板已启动
   手机访问: https://resend-zone-cross.ngrok-free.dev/monitor

✅ Serenity 看板已启动
   手机访问: https://resend-zone-cross.ngrok-free.dev/monitor

✅ Serenity 看板已启动
   手机访问: https://resend-zone-cross.ngrok-free.dev/monitor

✅ Serenity 看板已启动
   手机访问: https://resend-zone-cross.ngrok-free.dev/monitor

✅ Serenity 看板已启动
   手机访问: https://resend-zone-cross.ngrok-free.dev/monitor

✅ Serenity 看板已启动
   手机访问: https://resend-zone-cross.ngrok-free.dev/monitor

✅ Serenity 看板已启动
   手机访问: https://resend-zone-cross.ngrok-free.dev/monitor

✅ Serenity 看板已启动
   手机访问: https://resend-zone-cross.ngrok-free.dev/monitor

✅ Serenity 看板已启动
   手机访问: https://resend-zone-cross.ngrok-free.dev/monitor

✅ Serenity 看板已启动
   手机访问: https://resend-zone-cross.ngrok-free.dev/monitor

✅ Serenity 看板已启动
   手机访问: https://resend-zone-cross.ngrok-free.dev/monitor

✅ Serenity 看板已启动
   手机访问: https://resend-zone-cross.ngrok-free.dev/monitor

✅ Serenity 看板已启动
   手机访问: https://resend-zone-cross.ngrok-free.dev/monitor

✅ Serenity 看板已启动
   手机访问: https://resend-zone-cross.ngrok-free.dev/monitor

✅ Serenity 看板已启动
   手机访问: https://resend-zone-cross.ngrok-free.dev/monitor

✅ Serenity 看板已启动
   手机访问: https://resend-zone-cross.ngrok-free.dev/monitor

✅ Serenity 看板已启动
   手机访问: https://resend-zone-cross.ngrok-free.dev/monitor

✅ Serenity 看板已启动
   手机访问: https://resend-zone-cross.ngrok-free.dev/monitor

✅ Serenity 看板已启动
   手机访问: https://resend-zone-cross.ngrok-free.dev/monitor

✅ Serenity 看板已启动
   手机访问: https://resend-zone-cross.ngrok-free.dev/monitor

✅ Serenity 看板已启动
   手机访问: https://resend-zone-cross.ngrok-free.dev/monitor

✅ Serenity 看板已启动
   手机访问: https://resend-zone-cross.ngrok-free.dev/monitor

✅ Serenity 看板已启动
   手机访问: https://resend-zone-cross.ngrok-free.dev/monitor

✅ Serenity 看板已启动
   手机访问: https://resend-zone-cross.ngrok-free.dev/monitor

✅ Serenity 看板已启动
   手机访问: https://resend-zone-cross.ngrok-free.dev/monitor

✅ Serenity 看板已启动
   手机访问: https://resend-zone-cross.ngrok-free.dev/monitor

✅ Serenity 看板已启动
   手机访问: https://resend-zone-cross.ngrok-free.dev/monitor

✅ Serenity 看板已启动
   手机访问: https://resend-zone-cross.ngrok-free.dev/monitor

✅ Serenity 看板已启动
   手机访问: https://resend-zone-cross.ngrok-free.dev/monitor

✅ Serenity 看板已启动
   手机访问: https://resend-zone-cross.ngrok-free.dev/monitor

✅ Serenity 看板已启动
   手机访问: https://resend-zone-cross.ngrok-free.dev/monitor

✅ Serenity 看板已启动
   手机访问: https://resend-zone-cross.ngrok-free.dev/monitor

✅ Serenity 看板已启动
   手机访问: https://resend-zone-cross.ngrok-free.dev/monitor

✅ Serenity 看板已启动
   手机访问: https://resend-zone-cross.ngrok-free.dev/monitor

✅ Serenity 看板已启动
   手机访问: https://resend-zone-cross.ngrok-free.dev/monitor

✅ Serenity 看板已启动
   手机访问: https://resend-zone-cross.ngrok-free.dev/monitor

✅ Serenity 看板已启动
   手机访问: https://resend-zone-cross.ngrok-free.dev/monitor

✅ Serenity 看板已启动
   手机访问: https://resend-zone-cross.ngrok-free.dev/monitor

✅ Serenity 看板已启动
   手机访问: https://resend-zone-cross.ngrok-free.dev/monitor

✅ Serenity 看板已启动
   手机访问: https://resend-zone-cross.ngrok-free.dev/monitor

✅ Serenity 看板已启动
   手机访问: https://resend-zone-cross.ngrok-free.dev/monitor

✅ Serenity 看板已启动
   手机访问: https://resend-zone-cross.ngrok-free.dev/monitor

✅ Serenity 看板已启动
   手机访问: https://resend-zone-cross.ngrok-free.dev/monitor

✅ Serenity 看板已启动
   手机访问: https://resend-zone-cross.ngrok-free.dev/monitor

✅ Serenity 看板已启动
   手机访问: https://resend-zone-cross.ngrok-free.dev/monitor

✅ Serenity 看板已启动
   手机访问: https://resend-zone-cross.ngrok-free.dev/monitor

✅ Serenity 看板已启动
   手机访问: https://resend-zone-cross.ngrok-free.dev/monitor

✅ Serenity 看板已启动
   手机访问: https://resend-zone-cross.ngrok-free.dev/monitor

✅ Serenity 看板已启动
   手机访问: https://resend-zone-cross.ngrok-free.dev/monitor

✅ Serenity 看板已启动
   手机访问: https://resend-zone-cross.ngrok-free.dev/monitor

✅ Serenity 看板已启动
   手机访问: https://resend-zone-cross.ngrok-free.dev/monitor

✅ Serenity 看板已启动
   手机访问: https://resend-zone-cross.ngrok-free.dev/monitor

✅ Serenity 看板已启动
   手机访问: https://resend-zone-cross.ngrok-free.dev/monitor

✅ Serenity 看板已启动
   手机访问: https://resend-zone-cross.ngrok-free.dev/monitor

✅ Serenity 看板已启动
   手机访问: https://resend-zone-cross.ngrok-free.dev/monitor

✅ Serenity 看板已启动
   手机访问: https://resend-zone-cross.ngrok-free.dev/monitor

✅ Serenity 看板已启动
   手机访问: https://resend-zone-cross.ngrok-free.dev/monitor

✅ Serenity 看板已启动
   手机访问: https://resend-zone-cross.ngrok-free.dev/monitor

✅ Serenity 看板已启动
   手机访问: https://resend-zone-cross.ngrok-free.dev/monitor

✅ Serenity 看板已启动
   手机访问: https://resend-zone-cross.ngrok-free.dev/monitor

✅ Serenity 看板已启动
   手机访问: https://resend-zone-cross.ngrok-free.dev/monitor

✅ Serenity 看板已启动
   手机访问: https://resend-zone-cross.ngrok-free.dev/monitor

✅ Serenity 看板已启动
   手机访问: https://resend-zone-cross.ngrok-free.dev/monitor

✅ Serenity 看板已启动
   手机访问: https://resend-zone-cross.ngrok-free.dev/monitor

✅ Serenity 看板已启动
   手机访问: https://resend-zone-cross.ngrok-free.dev/monitor

✅ Serenity 看板已启动
   手机访问: https://resend-zone-cross.ngrok-free.dev/monitor

✅ Serenity 看板已启动
   手机访问: https://resend-zone-cross.ngrok-free.dev/monitor

✅ Serenity 看板已启动
   手机访问: https://resend-zone-cross.ngrok-free.dev/monitor

✅ Serenity 看板已启动
   手机访问: https://resend-zone-cross.ngrok-free.dev/monitor

✅ Serenity 看板已启动
   手机访问: https://resend-zone-cross.ngrok-free.dev/monitor

✅ Serenity 看板已启动
   手机访问: https://resend-zone-cross.ngrok-free.dev/monitor

✅ Serenity 看板已启动
   手机访问: https://resend-zone-cross.ngrok-free.dev/monitor

✅ Serenity 看板已启动
   手机访问: https://resend-zone-cross.ngrok-free.dev/monitor

✅ Serenity 看板已启动
   手机访问: https://resend-zone-cross.ngrok-free.dev/monitor

✅ Serenity 看板已启动
   手机访问: https://resend-zone-cross.ngrok-free.dev/monitor

✅ Serenity 看板已启动
   手机访问: https://resend-zone-cross.ngrok-free.dev/monitor

✅ Serenity 看板已启动
   手机访问: https://resend-zone-cross.ngrok-free.dev/monitor

✅ Serenity 看板已启动
   手机访问: https://resend-zone-cross.ngrok-free.dev/monitor

✅ Serenity 看板已启动
   手机访问: https://resend-zone-cross.ngrok-free.dev/monitor

✅ Serenity 看板已启动
   手机访问: https://resend-zone-cross.ngrok-free.dev/monitor

✅ Serenity 看板已启动
   手机访问: https://resend-zone-cross.ngrok-free.dev/monitor

✅ Serenity 看板已启动
   手机访问: https://resend-zone-cross.ngrok-free.dev/monitor

✅ Serenity 看板已启动
   手机访问: https://resend-zone-cross.ngrok-free.dev/monitor

✅ Serenity 看板已启动
   手机访问: https://resend-zone-cross.ngrok-free.dev/monitor

✅ Serenity 看板已启动
   手机访问: https://resend-zone-cross.ngrok-free.dev/monitor

✅ Serenity 看板已启动
   手机访问: https://resend-zone-cross.ngrok-free.dev/monitor

✅ Serenity 看板已启动
   手机访问: https://resend-zone-cross.ngrok-free.dev/monitor

✅ Serenity 看板已启动
   手机访问: https://resend-zone-cross.ngrok-free.dev/monitor

✅ Serenity 看板已启动
   手机访问: https://resend-zone-cross.ngrok-free.dev/monitor

✅ Serenity 看板已启动
   手机访问: https://resend-zone-cross.ngrok-free.dev/monitor

✅ Serenity 看板已启动
   手机访问: https://resend-zone-cross.ngrok-free.dev/monitor

✅ Serenity 看板已启动
   手机访问: https://resend-zone-cross.ngrok-free.dev/monitor

✅ Serenity 看板已启动
   手机访问: https://resend-zone-cross.ngrok-free.dev/monitor

✅ Serenity 看板已启动
   手机访问: https://resend-zone-cross.ngrok-free.dev/monitor

✅ Serenity 看板已启动
   手机访问: https://resend-zone-cross.ngrok-free.dev/monitor

✅ Serenity 看板已启动
   手机访问: https://resend-zone-cross.ngrok-free.dev/monitor

✅ Serenity 看板已启动
   手机访问: https://resend-zone-cross.ngrok-free.dev/monitor

✅ Serenity 看板已启动
   手机访问: https://resend-zone-cross.ngrok-free.dev/monitor

✅ Serenity 看板已启动
   手机访问: https://resend-zone-cross.ngrok-free.dev/monitor

✅ Serenity 看板已启动
   手机访问: https://resend-zone-cross.ngrok-free.dev/monitor

✅ Serenity 看板已启动
   手机访问: https://resend-zone-cross.ngrok-free.dev/monitor

✅ Serenity 看板已启动
   手机访问: https://resend-zone-cross.ngrok-free.dev/monitor

✅ Serenity 看板已启动
   手机访问: https://resend-zone-cross.ngrok-free.dev/monitor

✅ Serenity 看板已启动
   手机访问: https://resend-zone-cross.ngrok-free.dev/monitor

✅ Serenity 看板已启动
   手机访问: https://resend-zone-cross.ngrok-free.dev/monitor

✅ Serenity 看板已启动
   手机访问: https://resend-zone-cross.ngrok-free.dev/monitor

✅ Serenity 看板已启动
   手机访问: https://resend-zone-cross.ngrok-free.dev/monitor

✅ Serenity 看板已启动
   手机访问: https://resend-zone-cross.ngrok-free.dev/monitor

✅ Serenity 看板已启动
   手机访问: https://resend-zone-cross.ngrok-free.dev/monitor

✅ Serenity 看板已启动
   手机访问: https://resend-zone-cross.ngrok-free.dev/monitor

✅ Serenity 看板已启动
   手机访问: https://resend-zone-cross.ngrok-free.dev/monitor

✅ Serenity 看板已启动
   手机访问: https://resend-zone-cross.ngrok-free.dev/monitor

✅ Serenity 看板已启动
   手机访问: https://resend-zone-cross.ngrok-free.dev/monitor

✅ Serenity 看板已启动
   手机访问: https://resend-zone-cross.ngrok-free.dev/monitor

✅ Serenity 看板已启动
   手机访问: https://resend-zone-cross.ngrok-free.dev/monitor

✅ Serenity 看板已启动
   手机访问: https://resend-zone-cross.ngrok-free.dev/monitor

✅ Serenity 看板已启动
   手机访问: https://resend-zone-cross.ngrok-free.dev/monitor

✅ Serenity 看板已启动
   手机访问: https://resend-zone-cross.ngrok-free.dev/monitor

✅ Serenity 看板已启动
   手机访问: https://resend-zone-cross.ngrok-free.dev/monitor

✅ Serenity 看板已启动
   手机访问: https://resend-zone-cross.ngrok-free.dev/monitor

✅ Serenity 看板已启动
   手机访问: https://resend-zone-cross.ngrok-free.dev/monitor

✅ Serenity 看板已启动
   手机访问: https://resend-zone-cross.ngrok-free.dev/monitor

✅ Serenity 看板已启动
   手机访问: https://resend-zone-cross.ngrok-free.dev/monitor

✅ Serenity 看板已启动
   手机访问: https://resend-zone-cross.ngrok-free.dev/monitor

✅ Serenity 看板已启动
   手机访问: https://resend-zone-cross.ngrok-free.dev/monitor

✅ Serenity 看板已启动
   手机访问: https://resend-zone-cross.ngrok-free.dev/monitor

✅ Serenity 看板已启动
   手机访问: https://resend-zone-cross.ngrok-free.dev/monitor

✅ Serenity 看板已启动
   手机访问: https://resend-zone-cross.ngrok-free.dev/monitor

✅ Serenity 看板已启动
   手机访问: https://resend-zone-cross.ngrok-free.dev/monitor

✅ Serenity 看板已启动
   手机访问: https://resend-zone-cross.ngrok-free.dev/monitor

✅ Serenity 看板已启动
   手机访问: https://resend-zone-cross.ngrok-free.dev/monitor

✅ Serenity 看板已启动
   手机访问: https://resend-zone-cross.ngrok-free.dev/monitor

✅ Serenity 看板已启动
   手机访问: https://resend-zone-cross.ngrok-free.dev/monitor

✅ Serenity 看板已启动
   手机访问: https://resend-zone-cross.ngrok-free.dev/monitor

✅ Serenity 看板已启动
   手机访问: https://resend-zone-cross.ngrok-free.dev/monitor

✅ Serenity 看板已启动
   手机访问: https://resend-zone-cross.ngrok-free.dev/monitor

✅ Serenity 看板已启动
   手机访问: https://resend-zone-cross.ngrok-free.dev/monitor

✅ Serenity 看板已启动
   手机访问: https://resend-zone-cross.ngrok-free.dev/monitor

✅ Serenity 看板已启动
   手机访问: https://resend-zone-cross.ngrok-free.dev/monitor

✅ Serenity 看板已启动
   手机访问: https://resend-zone-cross.ngrok-free.dev/monitor

✅ Serenity 看板已启动
   手机访问: https://resend-zone-cross.ngrok-free.dev/monitor

✅ Serenity 看板已启动
   手机访问: https://resend-zone-cross.ngrok-free.dev/monitor

✅ Serenity 看板已启动
   手机访问: https://resend-zone-cross.ngrok-free.dev/monitor

✅ Serenity 看板已启动
   手机访问: https://resend-zone-cross.ngrok-free.dev/monitor

✅ Serenity 看板已启动
   手机访问: https://resend-zone-cross.ngrok-free.dev/monitor

✅ Serenity 看板已启动
   手机访问: https://resend-zone-cross.ngrok-free.dev/monitor

✅ Serenity 看板已启动
   手机访问: https://resend-zone-cross.ngrok-free.dev/monitor

✅ Serenity 看板已启动
   手机访问: https://resend-zone-cross.ngrok-free.dev/monitor

✅ Serenity 看板已启动
   手机访问: https://resend-zone-cross.ngrok-free.dev/monitor

✅ Serenity 看板已启动
   手机访问: https://resend-zone-cross.ngrok-free.dev/monitor

✅ Serenity 看板已启动
   手机访问: https://resend-zone-cross.ngrok-free.dev/monitor

✅ Serenity 看板已启动
   手机访问: https://resend-zone-cross.ngrok-free.dev/monitor

✅ Serenity 看板已启动
   手机访问: https://resend-zone-cross.ngrok-free.dev/monitor

✅ Serenity 看板已启动
   手机访问: https://resend-zone-cross.ngrok-free.dev/monitor

✅ Serenity 看板已启动
   手机访问: https://resend-zone-cross.ngrok-free.dev/monitor

✅ Serenity 看板已启动
   手机访问: https://resend-zone-cross.ngrok-free.dev/monitor

✅ Serenity 看板已启动
   手机访问: https://resend-zone-cross.ngrok-free.dev/monitor

✅ Serenity 看板已启动
   手机访问: https://resend-zone-cross.ngrok-free.dev/monitor

✅ Serenity 看板已启动
   手机访问: https://resend-zone-cross.ngrok-free.dev/monitor

✅ Serenity 看板已启动
   手机访问: https://resend-zone-cross.ngrok-free.dev/monitor

✅ Serenity 看板已启动
   手机访问: https://resend-zone-cross.ngrok-free.dev/monitor

✅ Serenity 看板已启动
   手机访问: https://resend-zone-cross.ngrok-free.dev/monitor

✅ Serenity 看板已启动
   手机访问: https://resend-zone-cross.ngrok-free.dev/monitor

✅ Serenity 看板已启动
   手机访问: https://resend-zone-cross.ngrok-free.dev/monitor

✅ Serenity 看板已启动
   手机访问: https://resend-zone-cross.ngrok-free.dev/monitor

✅ Serenity 看板已启动
   手机访问: https://resend-zone-cross.ngrok-free.dev/monitor

✅ Serenity 看板已启动
   手机访问: https://resend-zone-cross.ngrok-free.dev/monitor

✅ Serenity 看板已启动
   手机访问: https://resend-zone-cross.ngrok-free.dev/monitor

✅ Serenity 看板已启动
   手机访问: https://resend-zone-cross.ngrok-free.dev/monitor

✅ Serenity 看板已启动
   手机访问: https://resend-zone-cross.ngrok-free.dev/monitor

✅ Serenity 看板已启动
   手机访问: https://resend-zone-cross.ngrok-free.dev/monitor

✅ Serenity 看板已启动
   手机访问: https://resend-zone-cross.ngrok-free.dev/monitor

✅ Serenity 看板已启动
   手机访问: https://resend-zone-cross.ngrok-free.dev/monitor

✅ Serenity 看板已启动
   手机访问: https://resend-zone-cross.ngrok-free.dev/monitor

✅ Serenity 看板已启动
   手机访问: https://resend-zone-cross.ngrok-free.dev/monitor

✅ Serenity 看板已启动
   手机访问: https://resend-zone-cross.ngrok-free.dev/monitor

✅ Serenity 看板已启动
   手机访问: https://resend-zone-cross.ngrok-free.dev/monitor

✅ Serenity 看板已启动
   手机访问: https://resend-zone-cross.ngrok-free.dev/monitor

✅ Serenity 看板已启动
   手机访问: https://resend-zone-cross.ngrok-free.dev/monitor

✅ Serenity 看板已启动
   手机访问: https://resend-zone-cross.ngrok-free.dev/monitor

✅ Serenity 看板已启动
   手机访问: https://resend-zone-cross.ngrok-free.dev/monitor

✅ Serenity 看板已启动
   手机访问: https://resend-zone-cross.ngrok-free.dev/monitor

✅ Serenity 看板已启动
   手机访问: https://resend-zone-cross.ngrok-free.dev/monitor

✅ Serenity 看板已启动
   手机访问: https://resend-zone-cross.ngrok-free.dev/monitor

✅ Serenity 看板已启动
   手机访问: https://resend-zone-cross.ngrok-free.dev/monitor

✅ Serenity 看板已启动
   手机访问: https://resend-zone-cross.ngrok-free.dev/monitor

✅ Serenity 看板已启动
   手机访问: https://resend-zone-cross.ngrok-free.dev/monitor

✅ Serenity 看板已启动
   手机访问: https://resend-zone-cross.ngrok-free.dev/monitor

✅ Serenity 看板已启动
   手机访问: https://resend-zone-cross.ngrok-free.dev/monitor

✅ Serenity 看板已启动
   手机访问: https://resend-zone-cross.ngrok-free.dev/monitor

✅ Serenity 看板已启动
   手机访问: https://resend-zone-cross.ngrok-free.dev/monitor

✅ Serenity 看板已启动
   手机访问: https://resend-zone-cross.ngrok-free.dev/monitor

✅ Serenity 看板已启动
   手机访问: https://resend-zone-cross.ngrok-free.dev/monitor

✅ Serenity 看板已启动
   手机访问: https://resend-zone-cross.ngrok-free.dev/monitor

✅ Serenity 看板已启动
   手机访问: https://resend-zone-cross.ngrok-free.dev/monitor

✅ Serenity 看板已启动
   手机访问: https://resend-zone-cross.ngrok-free.dev/monitor

✅ Serenity 看板已启动
   手机访问: https://resend-zone-cross.ngrok-free.dev/monitor

✅ Serenity 看板已启动
   手机访问: https://resend-zone-cross.ngrok-free.dev/monitor

✅ Serenity 看板已启动
   手机访问: https://resend-zone-cross.ngrok-free.dev/monitor

✅ Serenity 看板已启动
   手机访问: https://resend-zone-cross.ngrok-free.dev/monitor

✅ Serenity 看板已启动
   手机访问: https://resend-zone-cross.ngrok-free.dev/monitor

✅ Serenity 看板已启动
   手机访问: https://resend-zone-cross.ngrok-free.dev/monitor

✅ Serenity 看板已启动
   手机访问: https://resend-zone-cross.ngrok-free.dev/monitor

✅ Serenity 看板已启动
   手机访问: https://resend-zone-cross.ngrok-free.dev/monitor

✅ Serenity 看板已启动
   手机访问: https://resend-zone-cross.ngrok-free.dev/monitor

✅ Serenity 看板已启动
   手机访问: https://resend-zone-cross.ngrok-free.dev/monitor

✅ Serenity 看板已启动
   手机访问: https://resend-zone-cross.ngrok-free.dev/monitor

✅ Serenity 看板已启动
   手机访问: https://resend-zone-cross.ngrok-free.dev/monitor

✅ Serenity 看板已启动
   手机访问: https://resend-zone-cross.ngrok-free.dev/monitor

✅ Serenity 看板已启动
   手机访问: https://resend-zone-cross.ngrok-free.dev/monitor

✅ Serenity 看板已启动
   手机访问: https://resend-zone-cross.ngrok-free.dev/monitor

✅ Serenity 看板已启动
   手机访问: https://resend-zone-cross.ngrok-free.dev/monitor

✅ Serenity 看板已启动
   手机访问: https://resend-zone-cross.ngrok-free.dev/monitor

✅ Serenity 看板已启动
   手机访问: https://resend-zone-cross.ngrok-free.dev/monitor

✅ Serenity 看板已启动
   手机访问: https://resend-zone-cross.ngrok-free.dev/monitor

✅ Serenity 看板已启动
   手机访问: https://resend-zone-cross.ngrok-free.dev/monitor

✅ Serenity 看板已启动
   手机访问: https://resend-zone-cross.ngrok-free.dev/monitor

✅ Serenity 看板已启动
   手机访问: https://resend-zone-cross.ngrok-free.dev/monitor

✅ Serenity 看板已启动
   手机访问: https://resend-zone-cross.ngrok-free.dev/monitor

✅ Serenity 看板已启动
   手机访问: https://resend-zone-cross.ngrok-free.dev/monitor

✅ Serenity 看板已启动
   手机访问: https://resend-zone-cross.ngrok-free.dev/monitor

✅ Serenity 看板已启动
   手机访问: https://resend-zone-cross.ngrok-free.dev/monitor

✅ Serenity 看板已启动
   手机访问: https://resend-zone-cross.ngrok-free.dev/monitor

✅ Serenity 看板已启动
   手机访问: https://resend-zone-cross.ngrok-free.dev/monitor

✅ Serenity 看板已启动
   手机访问: https://resend-zone-cross.ngrok-free.dev/monitor

✅ Serenity 看板已启动
   手机访问: https://resend-zone-cross.ngrok-free.dev/monitor

✅ Serenity 看板已启动
   手机访问: https://resend-zone-cross.ngrok-free.dev/monitor

✅ Serenity 看板已启动
   手机访问: https://resend-zone-cross.ngrok-free.dev/monitor

✅ Serenity 看板已启动
   手机访问: https://resend-zone-cross.ngrok-free.dev/monitor

✅ Serenity 看板已启动
   手机访问: https://resend-zone-cross.ngrok-free.dev/monitor

✅ Serenity 看板已启动
   手机访问: https://resend-zone-cross.ngrok-free.dev/monitor

✅ Serenity 看板已启动
   手机访问: https://resend-zone-cross.ngrok-free.dev/monitor

✅ Serenity 看板已启动
   手机访问: https://resend-zone-cross.ngrok-free.dev/monitor

✅ Serenity 看板已启动
   手机访问: https://resend-zone-cross.ngrok-free.dev/monitor

✅ Serenity 看板已启动
   手机访问: https://resend-zone-cross.ngrok-free.dev/monitor

✅ Serenity 看板已启动
   手机访问: https://resend-zone-cross.ngrok-free.dev/monitor

✅ Serenity 看板已启动
   手机访问: https://resend-zone-cross.ngrok-free.dev/monitor

✅ Serenity 看板已启动
   手机访问: https://resend-zone-cross.ngrok-free.dev/monitor

✅ Serenity 看板已启动
   手机访问: https://resend-zone-cross.ngrok-free.dev/monitor

✅ Serenity 看板已启动
   手机访问: https://resend-zone-cross.ngrok-free.dev/monitor

✅ Serenity 看板已启动
   手机访问: https://resend-zone-cross.ngrok-free.dev/monitor

✅ Serenity 看板已启动
   手机访问: https://resend-zone-cross.ngrok-free.dev/monitor

✅ Serenity 看板已启动
   手机访问: https://resend-zone-cross.ngrok-free.dev/monitor

✅ Serenity 看板已启动
   手机访问: https://resend-zone-cross.ngrok-free.dev/monitor

✅ Serenity 看板已启动
   手机访问: https://resend-zone-cross.ngrok-free.dev/monitor

✅ Serenity 看板已启动
   手机访问: https://resend-zone-cross.ngrok-free.dev/monitor

✅ Serenity 看板已启动
   手机访问: https://resend-zone-cross.ngrok-free.dev/monitor

✅ Serenity 看板已启动
   手机访问: https://resend-zone-cross.ngrok-free.dev/monitor

✅ Serenity 看板已启动
   手机访问: https://resend-zone-cross.ngrok-free.dev/monitor

✅ Serenity 看板已启动
   手机访问: https://resend-zone-cross.ngrok-free.dev/monitor

✅ Serenity 看板已启动
   手机访问: https://resend-zone-cross.ngrok-free.dev/monitor

✅ Serenity 看板已启动
   手机访问: https://resend-zone-cross.ngrok-free.dev/monitor

✅ Serenity 看板已启动
   手机访问: https://resend-zone-cross.ngrok-free.dev/monitor

✅ Serenity 看板已启动
   手机访问: https://resend-zone-cross.ngrok-free.dev/monitor

✅ Serenity 看板已启动
   手机访问: https://resend-zone-cross.ngrok-free.dev/monitor

✅ Serenity 看板已启动
   手机访问: https://resend-zone-cross.ngrok-free.dev/monitor

✅ Serenity 看板已启动
   手机访问: https://resend-zone-cross.ngrok-free.dev/monitor

✅ Serenity 看板已启动
   手机访问: https://resend-zone-cross.ngrok-free.dev/monitor

✅ Serenity 看板已启动
   手机访问: https://resend-zone-cross.ngrok-free.dev/monitor

✅ Serenity 看板已启动
   手机访问: https://resend-zone-cross.ngrok-free.dev/monitor

✅ Serenity 看板已启动
   手机访问: https://resend-zone-cross.ngrok-free.dev/monitor

✅ Serenity 看板已启动
   手机访问: https://resend-zone-cross.ngrok-free.dev/monitor

✅ Serenity 看板已启动
   手机访问: https://resend-zone-cross.ngrok-free.dev/monitor

✅ Serenity 看板已启动
   手机访问: https://resend-zone-cross.ngrok-free.dev/monitor

✅ Serenity 看板已启动
   手机访问: https://resend-zone-cross.ngrok-free.dev/monitor

✅ Serenity 看板已启动
   手机访问: https://resend-zone-cross.ngrok-free.dev/monitor

✅ Serenity 看板已启动
   手机访问: https://resend-zone-cross.ngrok-free.dev/monitor

✅ Serenity 看板已启动
   手机访问: https://resend-zone-cross.ngrok-free.dev/monitor

✅ Serenity 看板已启动
   手机访问: https://resend-zone-cross.ngrok-free.dev/monitor

✅ Serenity 看板已启动
   手机访问: https://resend-zone-cross.ngrok-free.dev/monitor

✅ Serenity 看板已启动
   手机访问: https://resend-zone-cross.ngrok-free.dev/monitor

✅ Serenity 看板已启动
   手机访问: https://resend-zone-cross.ngrok-free.dev/monitor

✅ Serenity 看板已启动
   手机访问: https://resend-zone-cross.ngrok-free.dev/monitor

✅ Serenity 看板已启动
   手机访问: https://resend-zone-cross.ngrok-free.dev/monitor

✅ Serenity 看板已启动
   手机访问: https://resend-zone-cross.ngrok-free.dev/monitor

✅ Serenity 看板已启动
   手机访问: https://resend-zone-cross.ngrok-free.dev/monitor

✅ Serenity 看板已启动
   手机访问: https://resend-zone-cross.ngrok-free.dev/monitor

✅ Serenity 看板已启动
   手机访问: https://resend-zone-cross.ngrok-free.dev/monitor

✅ Serenity 看板已启动
   手机访问: https://resend-zone-cross.ngrok-free.dev/monitor

✅ Serenity 看板已启动
   手机访问: https://resend-zone-cross.ngrok-free.dev/monitor

✅ Serenity 看板已启动
   手机访问: https://resend-zone-cross.ngrok-free.dev/monitor

✅ Serenity 看板已启动
   手机访问: https://resend-zone-cross.ngrok-free.dev/monitor

✅ Serenity 看板已启动
   手机访问: https://resend-zone-cross.ngrok-free.dev/monitor

✅ Serenity 看板已启动
   手机访问: https://resend-zone-cross.ngrok-free.dev/monitor

✅ Serenity 看板已启动
   手机访问: https://resend-zone-cross.ngrok-free.dev/monitor

✅ Serenity 看板已启动
   手机访问: https://resend-zone-cross.ngrok-free.dev/monitor

✅ Serenity 看板已启动
   手机访问: https://resend-zone-cross.ngrok-free.dev/monitor

✅ Serenity 看板已启动
   手机访问: https://resend-zone-cross.ngrok-free.dev/monitor

✅ Serenity 看板已启动
   手机访问: https://resend-zone-cross.ngrok-free.dev/monitor

✅ Serenity 看板已启动
   手机访问: https://resend-zone-cross.ngrok-free.dev/monitor

✅ Serenity 看板已启动
   手机访问: https://resend-zone-cross.ngrok-free.dev/monitor

✅ Serenity 看板已启动
   手机访问: https://resend-zone-cross.ngrok-free.dev/monitor

✅ Serenity 看板已启动
   手机访问: https://resend-zone-cross.ngrok-free.dev/monitor

✅ Serenity 看板已启动
   手机访问: https://resend-zone-cross.ngrok-free.dev/monitor

✅ Serenity 看板已启动
   手机访问: https://resend-zone-cross.ngrok-free.dev/monitor

✅ Serenity 看板已启动
   手机访问: https://resend-zone-cross.ngrok-free.dev/monitor

✅ Serenity 看板已启动
   手机访问: https://resend-zone-cross.ngrok-free.dev/monitor

✅ Serenity 看板已启动
   手机访问: https://resend-zone-cross.ngrok-free.dev/monitor

✅ Serenity 看板已启动
   手机访问: https://resend-zone-cross.ngrok-free.dev/monitor

✅ Serenity 看板已启动
   手机访问: https://resend-zone-cross.ngrok-free.dev/monitor

✅ Serenity 看板已启动
   手机访问: https://resend-zone-cross.ngrok-free.dev/monitor

✅ Serenity 看板已启动
   手机访问: https://resend-zone-cross.ngrok-free.dev/monitor

✅ Serenity 看板已启动
   手机访问: https://resend-zone-cross.ngrok-free.dev/monitor

✅ Serenity 看板已启动
   手机访问: https://resend-zone-cross.ngrok-free.dev/monitor

✅ Serenity 看板已启动
   手机访问: https://resend-zone-cross.ngrok-free.dev/monitor

✅ Serenity 看板已启动
   手机访问: https://resend-zone-cross.ngrok-free.dev/monitor

✅ Serenity 看板已启动
   手机访问: https://resend-zone-cross.ngrok-free.dev/monitor

✅ Serenity 看板已启动
   手机访问: https://resend-zone-cross.ngrok-free.dev/monitor

✅ Serenity 看板已启动
   手机访问: https://resend-zone-cross.ngrok-free.dev/monitor

✅ Serenity 看板已启动
   手机访问: https://resend-zone-cross.ngrok-free.dev/monitor

✅ Serenity 看板已启动
   手机访问: https://resend-zone-cross.ngrok-free.dev/monitor

✅ Serenity 看板已启动
   手机访问: https://resend-zone-cross.ngrok-free.dev/monitor

✅ Serenity 看板已启动
   手机访问: https://resend-zone-cross.ngrok-free.dev/monitor

✅ Serenity 看板已启动
   手机访问: https://resend-zone-cross.ngrok-free.dev/monitor

✅ Serenity 看板已启动
   手机访问: https://resend-zone-cross.ngrok-free.dev/monitor

✅ Serenity 看板已启动
   手机访问: https://resend-zone-cross.ngrok-free.dev/monitor

✅ Serenity 看板已启动
   手机访问: https://resend-zone-cross.ngrok-free.dev/monitor

✅ Serenity 看板已启动
   手机访问: https://resend-zone-cross.ngrok-free.dev/monitor

✅ Serenity 看板已启动
   手机访问: https://resend-zone-cross.ngrok-free.dev/monitor

✅ Serenity 看板已启动
   手机访问: https://resend-zone-cross.ngrok-free.dev/monitor

✅ Serenity 看板已启动
   手机访问: https://resend-zone-cross.ngrok-free.dev/monitor

✅ Serenity 看板已启动
   手机访问: https://resend-zone-cross.ngrok-free.dev/monitor

✅ Serenity 看板已启动
   手机访问: https://resend-zone-cross.ngrok-free.dev/monitor

✅ Serenity 看板已启动
   手机访问: https://resend-zone-cross.ngrok-free.dev/monitor

✅ Serenity 看板已启动
   手机访问: https://resend-zone-cross.ngrok-free.dev/monitor

✅ Serenity 看板已启动
   手机访问: https://resend-zone-cross.ngrok-free.dev/monitor

✅ Serenity 看板已启动
   手机访问: https://resend-zone-cross.ngrok-free.dev/monitor

✅ Serenity 看板已启动
   手机访问: https://resend-zone-cross.ngrok-free.dev/monitor

✅ Serenity 看板已启动
   手机访问: https://resend-zone-cross.ngrok-free.dev/monitor

✅ Serenity 看板已启动
   手机访问: https://resend-zone-cross.ngrok-free.dev/monitor

✅ Serenity 看板已启动
   手机访问: https://resend-zone-cross.ngrok-free.dev/monitor

✅ Serenity 看板已启动
   手机访问: https://resend-zone-cross.ngrok-free.dev/monitor

✅ Serenity 看板已启动
   手机访问: https://resend-zone-cross.ngrok-free.dev/monitor

✅ Serenity 看板已启动
   手机访问: https://resend-zone-cross.ngrok-free.dev/monitor

✅ Serenity 看板已启动
   手机访问: https://resend-zone-cross.ngrok-free.dev/monitor

✅ Serenity 看板已启动
   手机访问: https://resend-zone-cross.ngrok-free.dev/monitor

✅ Serenity 看板已启动
   手机访问: https://resend-zone-cross.ngrok-free.dev/monitor

✅ Serenity 看板已启动
   手机访问: https://resend-zone-cross.ngrok-free.dev/monitor

✅ Serenity 看板已启动
   手机访问: https://resend-zone-cross.ngrok-free.dev/monitor

✅ Serenity 看板已启动
   手机访问: https://resend-zone-cross.ngrok-free.dev/monitor

✅ Serenity 看板已启动
   手机访问: https://resend-zone-cross.ngrok-free.dev/monitor

✅ Serenity 看板已启动
   手机访问: https://resend-zone-cross.ngrok-free.dev/monitor

✅ Serenity 看板已启动
   手机访问: https://resend-zone-cross.ngrok-free.dev/monitor

✅ Serenity 看板已启动
   手机访问: https://resend-zone-cross.ngrok-free.dev/monitor

✅ Serenity 看板已启动
   手机访问: https://resend-zone-cross.ngrok-free.dev/monitor

✅ Serenity 看板已启动
   手机访问: https://resend-zone-cross.ngrok-free.dev/monitor

✅ Serenity 看板已启动
   手机访问: https://resend-zone-cross.ngrok-free.dev/monitor

✅ Serenity 看板已启动
   手机访问: https://resend-zone-cross.ngrok-free.dev/monitor

✅ Serenity 看板已启动
   手机访问: https://resend-zone-cross.ngrok-free.dev/monitor

✅ Serenity 看板已启动
   手机访问: https://resend-zone-cross.ngrok-free.dev/monitor

✅ Serenity 看板已启动
   手机访问: https://resend-zone-cross.ngrok-free.dev/monitor

✅ Serenity 看板已启动
   手机访问: https://resend-zone-cross.ngrok-free.dev/monitor

✅ Serenity 看板已启动
   手机访问: https://resend-zone-cross.ngrok-free.dev/monitor

✅ Serenity 看板已启动
   手机访问: https://resend-zone-cross.ngrok-free.dev/monitor

✅ Serenity 看板已启动
   手机访问: https://resend-zone-cross.ngrok-free.dev/monitor

✅ Serenity 看板已启动
   手机访问: https://resend-zone-cross.ngrok-free.dev/monitor

✅ Serenity 看板已启动
   手机访问: https://resend-zone-cross.ngrok-free.dev/monitor

✅ Serenity 看板已启动
   手机访问: https://resend-zone-cross.ngrok-free.dev/monitor

✅ Serenity 看板已启动
   手机访问: https://resend-zone-cross.ngrok-free.dev/monitor

✅ Serenity 看板已启动
   手机访问: https://resend-zone-cross.ngrok-free.dev/monitor

✅ Serenity 看板已启动
   手机访问: https://resend-zone-cross.ngrok-free.dev/monitor

✅ Serenity 看板已启动
   手机访问: https://resend-zone-cross.ngrok-free.dev/monitor

✅ Serenity 看板已启动
   手机访问: https://resend-zone-cross.ngrok-free.dev/monitor

✅ Serenity 看板已启动
   手机访问: https://resend-zone-cross.ngrok-free.dev/monitor

✅ Serenity 看板已启动
   手机访问: https://resend-zone-cross.ngrok-free.dev/monitor

✅ Serenity 看板已启动
   手机访问: https://resend-zone-cross.ngrok-free.dev/monitor

✅ Serenity 看板已启动
   手机访问: https://resend-zone-cross.ngrok-free.dev/monitor

✅ Serenity 看板已启动
   手机访问: https://resend-zone-cross.ngrok-free.dev/monitor

✅ Serenity 看板已启动
   手机访问: https://resend-zone-cross.ngrok-free.dev/monitor

✅ Serenity 看板已启动
   手机访问: https://resend-zone-cross.ngrok-free.dev/monitor

✅ Serenity 看板已启动
   手机访问: https://resend-zone-cross.ngrok-free.dev/monitor

✅ Serenity 看板已启动
   手机访问: https://resend-zone-cross.ngrok-free.dev/monitor

✅ Serenity 看板已启动
   手机访问: https://resend-zone-cross.ngrok-free.dev/monitor

✅ Serenity 看板已启动
   手机访问: https://resend-zone-cross.ngrok-free.dev/monitor

✅ Serenity 看板已启动
   手机访问: https://resend-zone-cross.ngrok-free.dev/monitor

✅ Serenity 看板已启动
   手机访问: https://resend-zone-cross.ngrok-free.dev/monitor

✅ Serenity 看板已启动
   手机访问: https://resend-zone-cross.ngrok-free.dev/monitor

✅ Serenity 看板已启动
   手机访问: https://resend-zone-cross.ngrok-free.dev/monitor

✅ Serenity 看板已启动
   手机访问: https://resend-zone-cross.ngrok-free.dev/monitor

✅ Serenity 看板已启动
   手机访问: https://resend-zone-cross.ngrok-free.dev/monitor

✅ Serenity 看板已启动
   手机访问: https://resend-zone-cross.ngrok-free.dev/monitor

✅ Serenity 看板已启动
   手机访问: https://resend-zone-cross.ngrok-free.dev/monitor

✅ Serenity 看板已启动
   手机访问: https://resend-zone-cross.ngrok-free.dev/monitor

✅ Serenity 看板已启动
   手机访问: https://resend-zone-cross.ngrok-free.dev/monitor

✅ Serenity 看板已启动
   手机访问: https://resend-zone-cross.ngrok-free.dev/monitor

✅ Serenity 看板已启动
   手机访问: https://resend-zone-cross.ngrok-free.dev/monitor

✅ Serenity 看板已启动
   手机访问: https://resend-zone-cross.ngrok-free.dev/monitor

✅ Serenity 看板已启动
   手机访问: https://resend-zone-cross.ngrok-free.dev/monitor

✅ Serenity 看板已启动
   手机访问: https://resend-zone-cross.ngrok-free.dev/monitor

✅ Serenity 看板已启动
   手机访问: https://resend-zone-cross.ngrok-free.dev/monitor

✅ Serenity 看板已启动
   手机访问: https://resend-zone-cross.ngrok-free.dev/monitor

✅ Serenity 看板已启动
   手机访问: https://resend-zone-cross.ngrok-free.dev/monitor

✅ Serenity 看板已启动
   手机访问: https://resend-zone-cross.ngrok-free.dev/monitor

✅ Serenity 看板已启动
   手机访问: https://resend-zone-cross.ngrok-free.dev/monitor

✅ Serenity 看板已启动
   手机访问: https://resend-zone-cross.ngrok-free.dev/monitor

✅ Serenity 看板已启动
   手机访问: https://resend-zone-cross.ngrok-free.dev/monitor

✅ Serenity 看板已启动
   手机访问: https://resend-zone-cross.ngrok-free.dev/monitor

✅ Serenity 看板已启动
   手机访问: https://resend-zone-cross.ngrok-free.dev/monitor

✅ Serenity 看板已启动
   手机访问: https://resend-zone-cross.ngrok-free.dev/monitor

✅ Serenity 看板已启动
   手机访问: https://resend-zone-cross.ngrok-free.dev/monitor

✅ Serenity 看板已启动
   手机访问: https://resend-zone-cross.ngrok-free.dev/monitor

✅ Serenity 看板已启动
   手机访问: https://resend-zone-cross.ngrok-free.dev/monitor

✅ Serenity 看板已启动
   手机访问: https://resend-zone-cross.ngrok-free.dev/monitor

✅ Serenity 看板已启动
   手机访问: https://resend-zone-cross.ngrok-free.dev/monitor

✅ Serenity 看板已启动
   手机访问: https://resend-zone-cross.ngrok-free.dev/monitor

✅ Serenity 看板已启动
   手机访问: https://resend-zone-cross.ngrok-free.dev/monitor

✅ Serenity 看板已启动
   手机访问: https://resend-zone-cross.ngrok-free.dev/monitor

✅ Serenity 看板已启动
   手机访问: https://resend-zone-cross.ngrok-free.dev/monitor

✅ Serenity 看板已启动
   手机访问: https://resend-zone-cross.ngrok-free.dev/monitor

✅ Serenity 看板已启动
   手机访问: https://resend-zone-cross.ngrok-free.dev/monitor

✅ Serenity 看板已启动
   手机访问: https://resend-zone-cross.ngrok-free.dev/monitor

✅ Serenity 看板已启动
   手机访问: https://resend-zone-cross.ngrok-free.dev/monitor

✅ Serenity 看板已启动
   手机访问: https://resend-zone-cross.ngrok-free.dev/monitor

✅ Serenity 看板已启动
   手机访问: https://resend-zone-cross.ngrok-free.dev/monitor

✅ Serenity 看板已启动
   手机访问: https://resend-zone-cross.ngrok-free.dev/monitor

✅ Serenity 看板已启动
   手机访问: https://resend-zone-cross.ngrok-free.dev/monitor

✅ Serenity 看板已启动
   手机访问: https://resend-zone-cross.ngrok-free.dev/monitor

✅ Serenity 看板已启动
   手机访问: https://resend-zone-cross.ngrok-free.dev/monitor

✅ Serenity 看板已启动
   手机访问: https://resend-zone-cross.ngrok-free.dev/monitor

✅ Serenity 看板已启动
   手机访问: https://resend-zone-cross.ngrok-free.dev/monitor

✅ Serenity 看板已启动
   手机访问: https://resend-zone-cross.ngrok-free.dev/monitor

✅ Serenity 看板已启动
   手机访问: https://resend-zone-cross.ngrok-free.dev/monitor

✅ Serenity 看板已启动
   手机访问: https://resend-zone-cross.ngrok-free.dev/monitor

✅ Serenity 看板已启动
   手机访问: https://resend-zone-cross.ngrok-free.dev/monitor

✅ Serenity 看板已启动
   手机访问: https://resend-zone-cross.ngrok-free.dev/monitor

✅ Serenity 看板已启动
   手机访问: https://resend-zone-cross.ngrok-free.dev/monitor

✅ Serenity 看板已启动
   手机访问: https://resend-zone-cross.ngrok-free.dev/monitor

✅ Serenity 看板已启动
   手机访问: https://resend-zone-cross.ngrok-free.dev/monitor

✅ Serenity 看板已启动
   手机访问: https://resend-zone-cross.ngrok-free.dev/monitor

✅ Serenity 看板已启动
   手机访问: https://resend-zone-cross.ngrok-free.dev/monitor

✅ Serenity 看板已启动
   手机访问: https://resend-zone-cross.ngrok-free.dev/monitor

✅ Serenity 看板已启动
   手机访问: https://resend-zone-cross.ngrok-free.dev/monitor

✅ Serenity 看板已启动
   手机访问: https://resend-zone-cross.ngrok-free.dev/monitor

✅ Serenity 看板已启动
   手机访问: https://resend-zone-cross.ngrok-free.dev/monitor

✅ Serenity 看板已启动
   手机访问: https://resend-zone-cross.ngrok-free.dev/monitor

✅ Serenity 看板已启动
   手机访问: https://resend-zone-cross.ngrok-free.dev/monitor

✅ Serenity 看板已启动
   手机访问: https://resend-zone-cross.ngrok-free.dev/monitor

✅ Serenity 看板已启动
   手机访问: https://resend-zone-cross.ngrok-free.dev/monitor

✅ Serenity 看板已启动
   手机访问: https://resend-zone-cross.ngrok-free.dev/monitor

✅ Serenity 看板已启动
   手机访问: https://resend-zone-cross.ngrok-free.dev/monitor

✅ Serenity 看板已启动
   手机访问: https://resend-zone-cross.ngrok-free.dev/monitor

✅ Serenity 看板已启动
   手机访问: https://resend-zone-cross.ngrok-free.dev/monitor

✅ Serenity 看板已启动
   手机访问: https://resend-zone-cross.ngrok-free.dev/monitor

✅ Serenity 看板已启动
   手机访问: https://resend-zone-cross.ngrok-free.dev/monitor

✅ Serenity 看板已启动
   手机访问: https://resend-zone-cross.ngrok-free.dev/monitor

✅ Serenity 看板已启动
   手机访问: https://resend-zone-cross.ngrok-free.dev/monitor

✅ Serenity 看板已启动
   手机访问: https://resend-zone-cross.ngrok-free.dev/monitor

✅ Serenity 看板已启动
   手机访问: https://resend-zone-cross.ngrok-free.dev/monitor

✅ Serenity 看板已启动
   手机访问: https://resend-zone-cross.ngrok-free.dev/monitor

✅ Serenity 看板已启动
   手机访问: https://resend-zone-cross.ngrok-free.dev/monitor

✅ Serenity 看板已启动
   手机访问: https://resend-zone-cross.ngrok-free.dev/monitor

✅ Serenity 看板已启动
   手机访问: https://resend-zone-cross.ngrok-free.dev/monitor

✅ Serenity 看板已启动
   手机访问: https://resend-zone-cross.ngrok-free.dev/monitor

✅ Serenity 看板已启动
   手机访问: https://resend-zone-cross.ngrok-free.dev/monitor

✅ Serenity 看板已启动
   手机访问: https://resend-zone-cross.ngrok-free.dev/monitor

✅ Serenity 看板已启动
   手机访问: https://resend-zone-cross.ngrok-free.dev/monitor

✅ Serenity 看板已启动
   手机访问: https://resend-zone-cross.ngrok-free.dev/monitor

✅ Serenity 看板已启动
   手机访问: https://resend-zone-cross.ngrok-free.dev/monitor

✅ Serenity 看板已启动
   手机访问: https://resend-zone-cross.ngrok-free.dev/monitor

✅ Serenity 看板已启动
   手机访问: https://resend-zone-cross.ngrok-free.dev/monitor

✅ Serenity 看板已启动
   手机访问: https://resend-zone-cross.ngrok-free.dev/monitor

✅ Serenity 看板已启动
   手机访问: https://resend-zone-cross.ngrok-free.dev/monitor

✅ Serenity 看板已启动
   手机访问: https://resend-zone-cross.ngrok-free.dev/monitor

✅ Serenity 看板已启动
   手机访问: https://resend-zone-cross.ngrok-free.dev/monitor

✅ Serenity 看板已启动
   手机访问: https://resend-zone-cross.ngrok-free.dev/monitor

✅ Serenity 看板已启动
   手机访问: https://resend-zone-cross.ngrok-free.dev/monitor

✅ Serenity 看板已启动
   手机访问: https://resend-zone-cross.ngrok-free.dev/monitor

✅ Serenity 看板已启动
   手机访问: https://resend-zone-cross.ngrok-free.dev/monitor

✅ Serenity 看板已启动
   手机访问: https://resend-zone-cross.ngrok-free.dev/monitor

✅ Serenity 看板已启动
   手机访问: https://resend-zone-cross.ngrok-free.dev/monitor

✅ Serenity 看板已启动
   手机访问: https://resend-zone-cross.ngrok-free.dev/monitor

✅ Serenity 看板已启动
   手机访问: https://resend-zone-cross.ngrok-free.dev/monitor

✅ Serenity 看板已启动
   手机访问: https://resend-zone-cross.ngrok-free.dev/monitor

✅ Serenity 看板已启动
   手机访问: https://resend-zone-cross.ngrok-free.dev/monitor

✅ Serenity 看板已启动
   手机访问: https://resend-zone-cross.ngrok-free.dev/monitor

✅ Serenity 看板已启动
   手机访问: https://resend-zone-cross.ngrok-free.dev/monitor

✅ Serenity 看板已启动
   手机访问: https://resend-zone-cross.ngrok-free.dev/monitor

✅ Serenity 看板已启动
   手机访问: https://resend-zone-cross.ngrok-free.dev/monitor

✅ Serenity 看板已启动
   手机访问: https://resend-zone-cross.ngrok-free.dev/monitor

✅ Serenity 看板已启动
   手机访问: https://resend-zone-cross.ngrok-free.dev/monitor

✅ Serenity 看板已启动
   手机访问: https://resend-zone-cross.ngrok-free.dev/monitor

✅ Serenity 看板已启动
   手机访问: https://resend-zone-cross.ngrok-free.dev/monitor

✅ Serenity 看板已启动
   手机访问: https://resend-zone-cross.ngrok-free.dev/monitor

✅ Serenity 看板已启动
   手机访问: https://resend-zone-cross.ngrok-free.dev/monitor

✅ Serenity 看板已启动
   手机访问: https://resend-zone-cross.ngrok-free.dev/monitor

✅ Serenity 看板已启动
   手机访问: https://resend-zone-cross.ngrok-free.dev/monitor

✅ Serenity 看板已启动
   手机访问: https://resend-zone-cross.ngrok-free.dev/monitor

✅ Serenity 看板已启动
   手机访问: https://resend-zone-cross.ngrok-free.dev/monitor

✅ Serenity 看板已启动
   手机访问: https://resend-zone-cross.ngrok-free.dev/monitor

✅ Serenity 看板已启动
   手机访问: https://resend-zone-cross.ngrok-free.dev/monitor

✅ Serenity 看板已启动
   手机访问: https://resend-zone-cross.ngrok-free.dev/monitor

✅ Serenity 看板已启动
   手机访问: https://resend-zone-cross.ngrok-free.dev/monitor

✅ Serenity 看板已启动
   手机访问: https://resend-zone-cross.ngrok-free.dev/monitor

✅ Serenity 看板已启动
   手机访问: https://resend-zone-cross.ngrok-free.dev/monitor

✅ Serenity 看板已启动
   手机访问: https://resend-zone-cross.ngrok-free.dev/monitor

✅ Serenity 看板已启动
   手机访问: https://resend-zone-cross.ngrok-free.dev/monitor

✅ Serenity 看板已启动
   手机访问: https://resend-zone-cross.ngrok-free.dev/monitor

✅ Serenity 看板已启动
   手机访问: https://resend-zone-cross.ngrok-free.dev/monitor

✅ Serenity 看板已启动
   手机访问: https://resend-zone-cross.ngrok-free.dev/monitor

✅ Serenity 看板已启动
   手机访问: https://resend-zone-cross.ngrok-free.dev/monitor

✅ Serenity 看板已启动
   手机访问: https://resend-zone-cross.ngrok-free.dev/monitor

✅ Serenity 看板已启动
   手机访问: https://resend-zone-cross.ngrok-free.dev/monitor

✅ Serenity 看板已启动
   手机访问: https://resend-zone-cross.ngrok-free.dev/monitor

✅ Serenity 看板已启动
   手机访问: https://resend-zone-cross.ngrok-free.dev/monitor

✅ Serenity 看板已启动
   手机访问: https://resend-zone-cross.ngrok-free.dev/monitor

✅ Serenity 看板已启动
   手机访问: https://resend-zone-cross.ngrok-free.dev/monitor

✅ Serenity 看板已启动
   手机访问: https://resend-zone-cross.ngrok-free.dev/monitor

✅ Serenity 看板已启动
   手机访问: https://resend-zone-cross.ngrok-free.dev/monitor

✅ Serenity 看板已启动
   手机访问: https://resend-zone-cross.ngrok-free.dev/monitor

✅ Serenity 看板已启动
   手机访问: https://resend-zone-cross.ngrok-free.dev/monitor

✅ Serenity 看板已启动
   手机访问: https://resend-zone-cross.ngrok-free.dev/monitor

✅ Serenity 看板已启动
   手机访问: https://resend-zone-cross.ngrok-free.dev/monitor

✅ Serenity 看板已启动
   手机访问: https://resend-zone-cross.ngrok-free.dev/monitor

✅ Serenity 看板已启动
   手机访问: https://resend-zone-cross.ngrok-free.dev/monitor

✅ Serenity 看板已启动
   手机访问: https://resend-zone-cross.ngrok-free.dev/monitor

✅ Serenity 看板已启动
   手机访问: https://resend-zone-cross.ngrok-free.dev/monitor

✅ Serenity 看板已启动
   手机访问: https://resend-zone-cross.ngrok-free.dev/monitor

✅ Serenity 看板已启动
   手机访问: https://resend-zone-cross.ngrok-free.dev/monitor

✅ Serenity 看板已启动
   手机访问: https://resend-zone-cross.ngrok-free.dev/monitor

✅ Serenity 看板已启动
   手机访问: https://resend-zone-cross.ngrok-free.dev/monitor

✅ Serenity 看板已启动
   手机访问: https://resend-zone-cross.ngrok-free.dev/monitor

✅ Serenity 看板已启动
   手机访问: https://resend-zone-cross.ngrok-free.dev/monitor

✅ Serenity 看板已启动
   手机访问: https://resend-zone-cross.ngrok-free.dev/monitor

✅ Serenity 看板已启动
   手机访问: https://resend-zone-cross.ngrok-free.dev/monitor

✅ Serenity 看板已启动
   手机访问: https://resend-zone-cross.ngrok-free.dev/monitor

✅ Serenity 看板已启动
   手机访问: https://resend-zone-cross.ngrok-free.dev/monitor

✅ Serenity 看板已启动
   手机访问: https://resend-zone-cross.ngrok-free.dev/monitor

✅ Serenity 看板已启动
   手机访问: https://resend-zone-cross.ngrok-free.dev/monitor

✅ Serenity 看板已启动
   手机访问: https://resend-zone-cross.ngrok-free.dev/monitor

✅ Serenity 看板已启动
   手机访问: https://resend-zone-cross.ngrok-free.dev/monitor

✅ Serenity 看板已启动
   手机访问: https://resend-zone-cross.ngrok-free.dev/monitor

✅ Serenity 看板已启动
   手机访问: https://resend-zone-cross.ngrok-free.dev/monitor

✅ Serenity 看板已启动
   手机访问: https://resend-zone-cross.ngrok-free.dev/monitor

✅ Serenity 看板已启动
   手机访问: https://resend-zone-cross.ngrok-free.dev/monitor

✅ Serenity 看板已启动
   手机访问: https://resend-zone-cross.ngrok-free.dev/monitor

✅ Serenity 看板已启动
   手机访问: https://resend-zone-cross.ngrok-free.dev/monitor

✅ Serenity 看板已启动
   手机访问: https://resend-zone-cross.ngrok-free.dev/monitor

✅ Serenity 看板已启动
   手机访问: https://resend-zone-cross.ngrok-free.dev/monitor

✅ Serenity 看板已启动
   手机访问: https://resend-zone-cross.ngrok-free.dev/monitor

✅ Serenity 看板已启动
   手机访问: https://resend-zone-cross.ngrok-free.dev/monitor

✅ Serenity 看板已启动
   手机访问: https://resend-zone-cross.ngrok-free.dev/monitor

✅ Serenity 看板已启动
   手机访问: https://resend-zone-cross.ngrok-free.dev/monitor

✅ Serenity 看板已启动
   手机访问: https://resend-zone-cross.ngrok-free.dev/monitor

✅ Serenity 看板已启动
   手机访问: https://resend-zone-cross.ngrok-free.dev/monitor

✅ Serenity 看板已启动
   手机访问: https://resend-zone-cross.ngrok-free.dev/monitor

✅ Serenity 看板已启动
   手机访问: https://resend-zone-cross.ngrok-free.dev/monitor

✅ Serenity 看板已启动
   手机访问: https://resend-zone-cross.ngrok-free.dev/monitor

✅ Serenity 看板已启动
   手机访问: https://resend-zone-cross.ngrok-free.dev/monitor

✅ Serenity 看板已启动
   手机访问: https://resend-zone-cross.ngrok-free.dev/monitor

✅ Serenity 看板已启动
   手机访问: https://resend-zone-cross.ngrok-free.dev/monitor

✅ Serenity 看板已启动
   手机访问: https://resend-zone-cross.ngrok-free.dev/monitor

✅ Serenity 看板已启动
   手机访问: https://resend-zone-cross.ngrok-free.dev/monitor

✅ Serenity 看板已启动
   手机访问: https://resend-zone-cross.ngrok-free.dev/monitor

✅ Serenity 看板已启动
   手机访问: https://resend-zone-cross.ngrok-free.dev/monitor

✅ Serenity 看板已启动
   手机访问: https://resend-zone-cross.ngrok-free.dev/monitor

✅ Serenity 看板已启动
   手机访问: https://resend-zone-cross.ngrok-free.dev/monitor

✅ Serenity 看板已启动
   手机访问: https://resend-zone-cross.ngrok-free.dev/monitor

✅ Serenity 看板已启动
   手机访问: https://resend-zone-cross.ngrok-free.dev/monitor

✅ Serenity 看板已启动
   手机访问: https://resend-zone-cross.ngrok-free.dev/monitor

✅ Serenity 看板已启动
   手机访问: https://resend-zone-cross.ngrok-free.dev/monitor

✅ Serenity 看板已启动
   手机访问: https://resend-zone-cross.ngrok-free.dev/monitor

✅ Serenity 看板已启动
   手机访问: https://resend-zone-cross.ngrok-free.dev/monitor

✅ Serenity 看板已启动
   手机访问: https://resend-zone-cross.ngrok-free.dev/monitor

✅ Serenity 看板已启动
   手机访问: https://resend-zone-cross.ngrok-free.dev/monitor

✅ Serenity 看板已启动
   手机访问: https://resend-zone-cross.ngrok-free.dev/monitor

✅ Serenity 看板已启动
   手机访问: https://resend-zone-cross.ngrok-free.dev/monitor

✅ Serenity 看板已启动
   手机访问: https://resend-zone-cross.ngrok-free.dev/monitor

✅ Serenity 看板已启动
   手机访问: https://resend-zone-cross.ngrok-free.dev/monitor

✅ Serenity 看板已启动
   手机访问: https://resend-zone-cross.ngrok-free.dev/monitor

✅ Serenity 看板已启动
   手机访问: https://resend-zone-cross.ngrok-free.dev/monitor

✅ Serenity 看板已启动
   手机访问: https://resend-zone-cross.ngrok-free.dev/monitor

✅ Serenity 看板已启动
   手机访问: https://resend-zone-cross.ngrok-free.dev/monitor

✅ Serenity 看板已启动
   手机访问: https://resend-zone-cross.ngrok-free.dev/monitor

✅ Serenity 看板已启动
   手机访问: https://resend-zone-cross.ngrok-free.dev/monitor

✅ Serenity 看板已启动
   手机访问: https://resend-zone-cross.ngrok-free.dev/monitor

✅ Serenity 看板已启动
   手机访问: https://resend-zone-cross.ngrok-free.dev/monitor

✅ Serenity 看板已启动
   手机访问: https://resend-zone-cross.ngrok-free.dev/monitor

✅ Serenity 看板已启动
   手机访问: https://resend-zone-cross.ngrok-free.dev/monitor

✅ Serenity 看板已启动
   手机访问: https://resend-zone-cross.ngrok-free.dev/monitor

✅ Serenity 看板已启动
   手机访问: https://resend-zone-cross.ngrok-free.dev/monitor

✅ Serenity 看板已启动
   手机访问: https://resend-zone-cross.ngrok-free.dev/monitor
[INFO   ] 市场状态: 震荡市 → [内核冻结] 忽略市场体制权重偏移，使用固定权重
[WARNING] ⚠️ 均值回归模式激活 — 负IC因子(动量/量能/技术面)将自动翻转

✅ Serenity 看板已启动
   手机访问: https://resend-zone-cross.ngrok-free.dev/monitor
[WARNING] _fetch_page 失败(第1/2次): timed out, 0.6s后重试
[INFO   ] 🔧 [MR模式] 因子翻转激活: ['factor', 'moat', 'technical', 'volume']
[INFO   ] 🔧 [MR模式] 因子翻转激活: ['factor', 'moat', 'technical', 'volume']
[INFO   ] 🔧 [MR模式] 因子翻转激活: ['factor', 'moat', 'technical', 'volume']
[INFO   ] 🔧 [MR模式] 因子翻转激活: ['factor', 'moat', 'technical', 'volume']
[INFO   ] 🔧 [MR模式] 因子翻转激活: ['factor', 'moat', 'technical', 'volume']
[INFO   ] 🔧 [MR模式] 因子翻转激活: ['factor', 'moat', 'technical', 'volume']
[INFO   ] 🔧 [MR模式] 因子翻转激活: ['factor', 'moat', 'technical', 'volume']
[INFO   ] 🔧 [MR模式] 因子翻转激活: ['factor', 'moat', 'technical', 'volume']
[INFO   ] 🔧 [MR模式] 因子翻转激活: ['factor', 'moat', 'technical', 'volume']
[INFO   ] 🔧 [MR模式] 因子翻转激活: ['factor', 'moat', 'technical', 'volume']
[INFO   ] 🔧 [MR模式] 因子翻转激活: ['factor', 'moat', 'technical', 'volume']
[INFO   ] 🔧 [MR模式] 因子翻转激活: ['factor', 'moat', 'technical', 'volume']

✅ Serenity 看板已启动
   手机访问: https://resend-zone-cross.ngrok-free.dev/monitor
[INFO   ] 🔧 [MR模式] 因子翻转激活: ['factor', 'moat', 'technical', 'volume']
[INFO   ] 🔧 [MR模式] 因子翻转激活: ['factor', 'moat', 'technical', 'volume']
[INFO   ] 🔧 [MR模式] 因子翻转激活: ['factor', 'moat', 'technical', 'volume']
[INFO   ] 🔧 [MR模式] 因子翻转激活: ['factor', 'moat', 'technical', 'volume']
[INFO   ] 🔧 [MR模式] 因子翻转激活: ['factor', 'moat', 'technical', 'volume']
[INFO   ] 🔧 [MR模式] 因子翻转激活: ['factor', 'moat', 'technical', 'volume']
[INFO   ] 🔧 [MR模式] 因子翻转激活: ['factor', 'moat', 'technical', 'volume']
[INFO   ] 🔧 [MR模式] 因子翻转激活: ['factor', 'moat', 'technical', 'volume']
[INFO   ]   🛡️ 非持仓SELL降级 士兰微: SELL → WATCH (历史胜率仅20%)

✅ Serenity 看板已启动
   手机访问: https://resend-zone-cross.ngrok-free.dev/monitor
[INFO   ]   🛡️ 非持仓SELL降级 兆易创新: SELL → WATCH (历史胜率仅20%)
[INFO   ]   🛡️ 非持仓SELL降级 中国巨石: SELL → WATCH (历史胜率仅20%)
[INFO   ]   🟡 CAUTION_BUY 精筛拦截 海螺水泥: 量能确认:缩量0.0x MA20
[INFO   ]   🟡 CAUTION_BUY 精筛拦截 工商银行: 量能确认:缩量0.0x MA20
[INFO   ]   🟡 CAUTION_BUY 精筛拦截 大秦铁路: 量能确认:缩量0.0x MA20
[INFO   ]   🛡️ 非持仓SELL降级 紫光股份: SELL → WATCH (历史胜率仅20%)

✅ Serenity 看板已启动
   手机访问: https://resend-zone-cross.ngrok-free.dev/monitor
[INFO   ]   🛡️ 非持仓SELL降级 恒立液压: SELL → WATCH (历史胜率仅20%)

✅ Serenity 看板已启动
   手机访问: https://resend-zone-cross.ngrok-free.dev/monitor
2026-07-10 09:00:51,148 [INFO] HTTP Request: GET http://qt.gtimg.cn/q=sz000988,sh600036 "HTTP/1.1 200 OK"
2026-07-10 09:00:51,211 [DEBUG] 审计记录写入: d2c757117a9a42f0 002281 HOLD score=58
2026-07-10 09:00:56,936 [INFO] HTTP Request: GET http://qt.gtimg.cn/q=sz000988,sh600036 "HTTP/1.1 200 OK"
2026-07-10 09:00:56,965 [DEBUG] 审计记录写入: 68fd6a2692e54e27 000988 HOLD score=56

✅ Serenity 看板已启动
   手机访问: https://resend-zone-cross.ngrok-free.dev/monitor
2026-07-10 09:01:02,924 [INFO] HTTP Request: GET http://qt.gtimg.cn/q=sz000988,sh600036 "HTTP/1.1 200 OK"
2026-07-10 09:01:02,954 [DEBUG] 审计记录写入: cf195e8a1f934f1d 600141 HOLD score=59
2026-07-10 09:01:09,303 [INFO] HTTP Request: GET http://qt.gtimg.cn/q=sz000988,sh600036 "HTTP/1.1 200 OK"
2026-07-10 09:01:09,335 [DEBUG] 审计记录写入: 4c75b47608ff4406 603083 HOLD score=54

✅ Serenity 看板已启动
   手机访问: https://resend-zone-cross.ngrok-free.dev/monitor
2026-07-10 09:01:16,652 [INFO] HTTP Request: GET http://qt.gtimg.cn/q=sz000988,sh600036 "HTTP/1.1 200 OK"
2026-07-10 09:01:16,679 [DEBUG] 审计记录写入: de02aca2e8674471 600487 CAUTION_BUY score=61

✅ Serenity 看板已启动
   手机访问: https://resend-zone-cross.ngrok-free.dev/monitor
2026-07-10 09:01:22,610 [INFO] HTTP Request: GET http://qt.gtimg.cn/q=sz000988,sh600036 "HTTP/1.1 200 OK"
2026-07-10 09:01:22,638 [DEBUG] 审计记录写入: 8d0134f702274b3f 002428 HOLD score=54
2026-07-10 09:01:29,121 [INFO] HTTP Request: GET http://qt.gtimg.cn/q=sz000988,sh600036 "HTTP/1.1 200 OK"
2026-07-10 09:01:29,154 [DEBUG] 审计记录写入: f549f478c42f4d6d 600460 SELL score=43

✅ Serenity 看板已启动
   手机访问: https://resend-zone-cross.ngrok-free.dev/monitor
2026-07-10 09:01:35,352 [INFO] HTTP Request: GET http://qt.gtimg.cn/q=sz000988,sh600036 "HTTP/1.1 200 OK"
2026-07-10 09:01:35,380 [DEBUG] 审计记录写入: cf7ed1dde2174396 603986 SELL score=41
2026-07-10 09:01:42,138 [INFO] HTTP Request: GET http://qt.gtimg.cn/q=sz000988,sh600036 "HTTP/1.1 200 OK"
2026-07-10 09:01:42,171 [DEBUG] 审计记录写入: 604cdb1936f84aac 600176 SELL score=42

✅ Serenity 看板已启动
   手机访问: https://resend-zone-cross.ngrok-free.dev/monitor
2026-07-10 09:01:48,512 [INFO] HTTP Request: GET http://qt.gtimg.cn/q=sz000988,sh600036 "HTTP/1.1 200 OK"
2026-07-10 09:01:48,532 [DEBUG] 审计记录写入: 4f310af4daa84db2 600036 BUY score=70

✅ Serenity 看板已启动
   手机访问: https://resend-zone-cross.ngrok-free.dev/monitor
2026-07-10 09:01:54,813 [INFO] HTTP Request: GET http://qt.gtimg.cn/q=sz000988,sh600036 "HTTP/1.1 200 OK"
2026-07-10 09:01:54,838 [DEBUG] 审计记录写入: bd52e60b7a174ee8 600585 BUY score=66
2026-07-10 09:02:01,087 [INFO] HTTP Request: GET http://qt.gtimg.cn/q=sz000988,sh600036 "HTTP/1.1 200 OK"
2026-07-10 09:02:01,107 [DEBUG] 审计记录写入: 916cafc72dd14f3b 600900 CAUTION_BUY score=65

✅ Serenity 看板已启动
   手机访问: https://resend-zone-cross.ngrok-free.dev/monitor
2026-07-10 09:02:07,711 [INFO] HTTP Request: GET http://qt.gtimg.cn/q=sz000988,sh600036 "HTTP/1.1 200 OK"
2026-07-10 09:02:07,737 [DEBUG] 审计记录写入: 2264657f13614ec7 601398 BUY score=71
2026-07-10 09:02:13,898 [INFO] HTTP Request: GET http://qt.gtimg.cn/q=sz000988,sh600036 "HTTP/1.1 200 OK"
2026-07-10 09:02:13,922 [DEBUG] 审计记录写入: ad76d45d8c6a4fb9 601006 BUY score=70

✅ Serenity 看板已启动
   手机访问: https://resend-zone-cross.ngrok-free.dev/monitor
2026-07-10 09:02:20,068 [INFO] HTTP Request: GET http://qt.gtimg.cn/q=sz000988,sh600036 "HTTP/1.1 200 OK"
2026-07-10 09:02:20,088 [DEBUG] 审计记录写入: 8d6157bb31014ad3 000938 WATCH score=46

✅ Serenity 看板已启动
   手机访问: https://resend-zone-cross.ngrok-free.dev/monitor
2026-07-10 09:02:26,537 [INFO] HTTP Request: GET http://qt.gtimg.cn/q=sz000988,sh600036 "HTTP/1.1 200 OK"
2026-07-10 09:02:26,569 [DEBUG] 审计记录写入: 6376acaeb09d4c5a 601689 CAUTION_BUY score=62
2026-07-10 09:02:33,047 [INFO] HTTP Request: GET http://qt.gtimg.cn/q=sz000988,sh600036 "HTTP/1.1 200 OK"
2026-07-10 09:02:33,082 [DEBUG] 审计记录写入: e9a1246212024091 002050 CAUTION_BUY score=62

✅ Serenity 看板已启动
   手机访问: https://resend-zone-cross.ngrok-free.dev/monitor
2026-07-10 09:02:39,427 [INFO] HTTP Request: GET http://qt.gtimg.cn/q=sz000988,sh600036 "HTTP/1.1 200 OK"
2026-07-10 09:02:39,454 [DEBUG] 审计记录写入: 6750b6da23384116 601100 WATCH score=46

✅ Serenity 看板已启动
   手机访问: https://resend-zone-cross.ngrok-free.dev/monitor
2026-07-10 09:02:45,506 [INFO] HTTP Request: GET http://qt.gtimg.cn/q=sz000988,sh600036 "HTTP/1.1 200 OK"
2026-07-10 09:02:45,533 [DEBUG] 审计记录写入: de6c9027ee784d49 600580 HOLD score=51
2026-07-10 09:02:51,502 [INFO] HTTP Request: GET http://qt.gtimg.cn/q=sz000988,sh600036 "HTTP/1.1 200 OK"
2026-07-10 09:02:51,526 [DEBUG] 审计记录写入: 80d092d735864fda 002896 HOLD score=50
2026-07-10 09:02:55,035 [INFO] HTTP Request: GET http://qt.gtimg.cn/q=sz002281,sz000988,sh600141,sh603083,sh600487,sz002428,sh600460,sh603986,sh600176,sh600036,sh600585,sh600900,sh601398,sh601006,sz000938,sh601689,sz002050,sh601100,sh600580,sz002896 "HTTP/1.1 200 OK"

✅ Serenity 看板已启动
   手机访问: https://resend-zone-cross.ngrok-free.dev/monitor
2026-07-10 09:02:55,952 [INFO] HTTP Request: GET http://qt.gtimg.cn/q=sz000988,sh600036 "HTTP/1.1 200 OK"
2026-07-10 09:02:56,896 [INFO] HTTP Request: GET http://qt.gtimg.cn/q=sz000988,sh600036 "HTTP/1.1 200 OK"
2026-07-10 09:02:57,873 [INFO] HTTP Request: GET http://qt.gtimg.cn/q=sz000988,sh600036 "HTTP/1.1 200 OK"
2026-07-10 09:02:58,845 [INFO] HTTP Request: GET http://qt.gtimg.cn/q=sz000988,sh600036 "HTTP/1.1 200 OK"
2026-07-10 09:02:59,786 [INFO] HTTP Request: GET http://qt.gtimg.cn/q=sz000988,sh600036 "HTTP/1.1 200 OK"
[INFO   ]   🟡 CAUTION_BUY 精筛拦截 亨通光电: 量能确认:缩量0.1x MA20
2026-07-10 09:02:59,805 [INFO]   🟡 CAUTION_BUY 精筛拦截 亨通光电: 量能确认:缩量0.1x MA20
2026-07-10 09:03:00,783 [INFO] HTTP Request: GET http://qt.gtimg.cn/q=sz000988,sh600036 "HTTP/1.1 200 OK"
2026-07-10 09:03:01,750 [INFO] HTTP Request: GET http://qt.gtimg.cn/q=sz000988,sh600036 "HTTP/1.1 200 OK"
[INFO   ]   🛡️ 非持仓SELL降级 士兰微: SELL → WATCH (历史胜率仅20%)
2026-07-10 09:03:01,767 [INFO]   🛡️ 非持仓SELL降级 士兰微: SELL → WATCH (历史胜率仅20%)
2026-07-10 09:03:02,736 [INFO] HTTP Request: GET http://qt.gtimg.cn/q=sz000988,sh600036 "HTTP/1.1 200 OK"
[INFO   ]   🛡️ 非持仓SELL降级 兆易创新: SELL → WATCH (历史胜率仅20%)
2026-07-10 09:03:02,754 [INFO]   🛡️ 非持仓SELL降级 兆易创新: SELL → WATCH (历史胜率仅20%)
2026-07-10 09:03:03,689 [INFO] HTTP Request: GET http://qt.gtimg.cn/q=sz000988,sh600036 "HTTP/1.1 200 OK"
[INFO   ]   🛡️ 非持仓SELL降级 中国巨石: SELL → WATCH (历史胜率仅20%)
2026-07-10 09:03:03,707 [INFO]   🛡️ 非持仓SELL降级 中国巨石: SELL → WATCH (历史胜率仅20%)
2026-07-10 09:03:04,653 [INFO] HTTP Request: GET http://qt.gtimg.cn/q=sz000988,sh600036 "HTTP/1.1 200 OK"
2026-07-10 09:03:05,642 [INFO] HTTP Request: GET http://qt.gtimg.cn/q=sz000988,sh600036 "HTTP/1.1 200 OK"

✅ Serenity 看板已启动
   手机访问: https://resend-zone-cross.ngrok-free.dev/monitor
2026-07-10 09:03:06,576 [INFO] HTTP Request: GET http://qt.gtimg.cn/q=sz000988,sh600036 "HTTP/1.1 200 OK"
2026-07-10 09:03:07,502 [INFO] HTTP Request: GET http://qt.gtimg.cn/q=sh600585 "HTTP/1.1 200 OK"
2026-07-10 09:03:08,508 [INFO] HTTP Request: GET http://qt.gtimg.cn/q=sz000988,sh600036 "HTTP/1.1 200 OK"
2026-07-10 09:03:09,476 [INFO] HTTP Request: GET http://qt.gtimg.cn/q=sz000988,sh600036 "HTTP/1.1 200 OK"
2026-07-10 09:03:10,645 [INFO] HTTP Request: GET http://qt.gtimg.cn/q=sz000988,sh600036 "HTTP/1.1 200 OK"
2026-07-10 09:03:11,610 [INFO] HTTP Request: GET http://qt.gtimg.cn/q=sz000988,sh600036 "HTTP/1.1 200 OK"
2026-07-10 09:03:12,604 [INFO] HTTP Request: GET http://qt.gtimg.cn/q=sh601006 "HTTP/1.1 200 OK"
2026-07-10 09:03:13,937 [INFO] HTTP Request: GET http://qt.gtimg.cn/q=sz000988,sh600036 "HTTP/1.1 200 OK"
2026-07-10 09:03:14,912 [INFO] HTTP Request: GET http://qt.gtimg.cn/q=sz000988,sh600036 "HTTP/1.1 200 OK"
[INFO   ]   🟡 CAUTION_BUY 精筛拦截 拓普集团: 量能确认:缩量0.0x MA20
2026-07-10 09:03:14,931 [INFO]   🟡 CAUTION_BUY 精筛拦截 拓普集团: 量能确认:缩量0.0x MA20
2026-07-10 09:03:16,066 [INFO] HTTP Request: GET http://qt.gtimg.cn/q=sz000988,sh600036 "HTTP/1.1 200 OK"
[INFO   ]   🟡 CAUTION_BUY 精筛拦截 三花智控: 量能确认:缩量0.0x MA20
2026-07-10 09:03:16,090 [INFO]   🟡 CAUTION_BUY 精筛拦截 三花智控: 量能确认:缩量0.0x MA20

✅ Serenity 看板已启动
   手机访问: https://resend-zone-cross.ngrok-free.dev/monitor
2026-07-10 09:03:17,044 [INFO] HTTP Request: GET http://qt.gtimg.cn/q=sz000988,sh600036 "HTTP/1.1 200 OK"
2026-07-10 09:03:18,336 [INFO] HTTP Request: GET http://qt.gtimg.cn/q=sz000988,sh600036 "HTTP/1.1 200 OK"
2026-07-10 09:03:19,303 [INFO] HTTP Request: GET http://qt.gtimg.cn/q=sz000988,sh600036 "HTTP/1.1 200 OK"
=======================================================
  📡 Serenity 交易信号 | 2026-07-10
=======================================================

  🟢 #1 工商银行 (601398) — CAUTION_BUY
     综合评分: 74.1
     现价: 7.27 | 买入区: 7-8 | 目标: 10
     建议仓位: 0元 (0股 @ ~7.27)
     全球最大银行，股息率5%+ — 国家队护盘标的，系统性重要 | 多周期共振[5d+20d↑] | 多周期共振[5d+20d↑]

  🟢🟢 #2 大秦铁路 (601006) — BUY
     综合评分: 70.1
     现价: 4.81 | 买入区: 4-5 | 目标: 7
     建议仓位: 4329元 (900股 @ ~4.81)
     煤炭运输专线，稳定现金流 — 高股息+低波动，红利策略核心

  ⚪ #3 招商银行 (600036) — STRONG_HOLD
     综合评分: 69.8
     现价: 37.55 | 买入区: 34-42 | 目标: 52
     零售银行龙头，高股息防御 — 震荡市资金避风港，ROE行业领先

  ⚪ #4 长江电力 (600900) — HOLD
     综合评分: 67.7
     现价: 27.77 | 买入区: 24-30 | 目标: 36
     建议仓位: 0元 (0股 @ ~27.77)
     水电绝对龙头，现金流稳定 — 类债券属性，极端行情避险首选 | 多周期共振[5d+20d↑]

  🟢🟢 #5 海螺水泥 (600585) — BUY
     综合评分: 66.2
     现价: 16.74 | 买入区: 16-20 | 目标: 24
     建议仓位: 3348元 (200股 @ ~16.74)
     水泥龙头+高分红 — 基建稳增长受益，低估值防御属性强

  ⚪ #6 三花智控 (002050) — HOLD
     综合评分: 62.5
     现价: 42.85 | 买入区: 28-38 | 目标: 48
     建议仓位: 0元 (0股 @ ~42.85)
     热管理/执行器龙头 — 特斯拉供应链核心，公募持仓60亿+，机器人+汽零双驱动

  ⚪ #7 拓普集团 (601689) — HOLD
     综合评分: 62.0
     现价: 55.83 | 买入区: 80-105 | 目标: 135
     建议仓位: 0元 (0股 @ ~55.83)
     特斯拉Optimus执行器模组核心供应商 — 机器人+汽车双主线，公募持仓40亿+

  ⚪ #8 亨通光电 (600487) — HOLD
     综合评分: 61.2
     现价: 80.06 | 买入区: 82-115 | 目标: 145
     建议仓位: 0元 (0股 @ ~80.06)
     光纤光缆龙头，CPO光纤阵列(FAU)受益 — 防守型+补涨逻辑

  ⚪ #9 兴发集团 (600141) — HOLD
     综合评分: 58.6
     现价: 36.2 | 买入区: 30-36 | 目标: 44
     磷化工龙头，红磷/磷化学品用于CPO光对准和Rubin半导体热管理 — Serenity红磷主题映射

  ⚪ #10 光迅科技 (002281) — HOLD
     综合评分: 57.7
     现价: 238.49 | 买入区: 175-220 | 目标: 300
     光器件全产业链龙头，AI光互联核心受益 — CPO检测/FAU直接映射Serenity的SIVE瓶颈逻辑

  ⚪ #11 华工科技 (000988) — TAKE_PROFIT
     综合评分: 56.3
     现价: 159.0 | 买入区: 130-165 | 目标: 220
     光模块+激光双主线，AI算力配套 — 激光器+光引擎赛道与SIVE逻辑高度重合

  ⚪ #12 剑桥科技 (603083) — HOLD
     综合评分: 54.4
     现价: 202.0 | 买入区: 155-190 | 目标: 270
     高速光模块弹性标的，800G/1.6T放量 — 受益于CPO光学引擎需求爆发

  ⚪ #13 云南锗业 (002428) — HOLD
     综合评分: 53.8
     现价: 102.98 | 买入区: 78-96 | 目标: 120
     锗衬底材料，CPO用InP衬底的替代表达 — Serenity持有AXTI的映射逻辑

  ⚪ #14 卧龙电驱 (600580) — HOLD
     综合评分: 50.9
     现价: 33.2 | 买入区: 18-25 | 目标: 32
     伺服电机龙头 — 机器人动力系统核心供应商，国产伺服替代受益

  ⚪ #15 中大力德 (002896) — HOLD
     综合评分: 50.3
     现价: 74.6 | 买入区: 35-48 | 目标: 62
     RV减速器+电机一体化 — 国产减速器替代，机器人关节核心部件

  ⚪ #16 紫光股份 (000938) — WATCH
     综合评分: 45.9
     现价: 35.68 | 买入区: 22-30 | 目标: 38
     AI算力交换机龙头，新华三核心资产 — 数据中心交换机+服务器双主线，AI基建核心受益

  ⚪ #17 恒立液压 (601100) — WATCH
     综合评分: 45.8
     现价: 107.7 | 买入区: 55-72 | 目标: 92
     液压件龙头→人形机器人丝杠 — 技术壁垒高，国产替代+机器人新增量逻辑

  ⚪ #18 士兰微 (600460) — WATCH
     综合评分: 43.3
     现价: 48.4 | 买入区: 28-34 | 目标: 42
     功率半导体IDM龙头，800VDC数据中心供电架构受益 — 映射Serenity NVTS/POWI功率半主题

  ⚪ #19 中国巨石 (600176) — WATCH
     综合评分: 41.8
     现价: 58.7 | 买入区: 36-44 | 目标: 54
     玻纤/电子布全球龙头，AI服务器PCB基材需求爆发 — 6月金股(7家券商推荐)，同赛道宏和科技已20倍

  ⚪ #20 兆易创新 (603986) — WATCH
     综合评分: 40.6
     现价: 663.49 | 买入区: 410-505 | 目标: 625
     NOR Flash/DRAM，AI数据中心存储需求外溢 — Serenity重仓SNDK的映射逻辑

=======================================================
  共 20 个信号 | 可用资金: 4949 元
=======================================================

✅ Serenity 看板已启动
   手机访问: https://resend-zone-cross.ngrok-free.dev/monitor

✅ Serenity 看板已启动
   手机访问: https://resend-zone-cross.ngrok-free.dev/monitor

✅ Serenity 看板已启动
   手机访问: https://resend-zone-cross.ngrok-free.dev/monitor

✅ Serenity 看板已启动
   手机访问: https://resend-zone-cross.ngrok-free.dev/monitor

✅ Serenity 看板已启动
   手机访问: https://resend-zone-cross.ngrok-free.dev/monitor

✅ Serenity 看板已启动
   手机访问: https://resend-zone-cross.ngrok-free.dev/monitor

✅ Serenity 看板已启动
   手机访问: https://resend-zone-cross.ngrok-free.dev/monitor

✅ Serenity 看板已启动
   手机访问: https://resend-zone-cross.ngrok-free.dev/monitor

✅ Serenity 看板已启动
   手机访问: https://resend-zone-cross.ngrok-free.dev/monitor

✅ Serenity 看板已启动
   手机访问: https://resend-zone-cross.ngrok-free.dev/monitor

✅ Serenity 看板已启动
   手机访问: https://resend-zone-cross.ngrok-free.dev/monitor

✅ Serenity 看板已启动
   手机访问: https://resend-zone-cross.ngrok-free.dev/monitor

✅ Serenity 看板已启动
   手机访问: https://resend-zone-cross.ngrok-free.dev/monitor

✅ Serenity 看板已启动
   手机访问: https://resend-zone-cross.ngrok-free.dev/monitor

✅ Serenity 看板已启动
   手机访问: https://resend-zone-cross.ngrok-free.dev/monitor

✅ Serenity 看板已启动
   手机访问: https://resend-zone-cross.ngrok-free.dev/monitor

✅ Serenity 看板已启动
   手机访问: https://resend-zone-cross.ngrok-free.dev/monitor

✅ Serenity 看板已启动
   手机访问: https://resend-zone-cross.ngrok-free.dev/monitor

✅ Serenity 看板已启动
   手机访问: https://resend-zone-cross.ngrok-free.dev/monitor

✅ Serenity 看板已启动
   手机访问: https://resend-zone-cross.ngrok-free.dev/monitor

✅ Serenity 看板已启动
   手机访问: https://resend-zone-cross.ngrok-free.dev/monitor

✅ Serenity 看板已启动
   手机访问: https://resend-zone-cross.ngrok-free.dev/monitor

✅ Serenity 看板已启动
   手机访问: https://resend-zone-cross.ngrok-free.dev/monitor

✅ Serenity 看板已启动
   手机访问: https://resend-zone-cross.ngrok-free.dev/monitor

✅ Serenity 看板已启动
   手机访问: https://resend-zone-cross.ngrok-free.dev/monitor

✅ Serenity 看板已启动
   手机访问: https://resend-zone-cross.ngrok-free.dev/monitor

✅ Serenity 看板已启动
   手机访问: https://resend-zone-cross.ngrok-free.dev/monitor

✅ Serenity 看板已启动
   手机访问: https://resend-zone-cross.ngrok-free.dev/monitor

✅ Serenity 看板已启动
   手机访问: https://resend-zone-cross.ngrok-free.dev/monitor

✅ Serenity 看板已启动
   手机访问: https://resend-zone-cross.ngrok-free.dev/monitor

✅ Serenity 看板已启动
   手机访问: https://resend-zone-cross.ngrok-free.dev/monitor

✅ Serenity 看板已启动
   手机访问: https://resend-zone-cross.ngrok-free.dev/monitor

✅ Serenity 看板已启动
   手机访问: https://resend-zone-cross.ngrok-free.dev/monitor

✅ Serenity 看板已启动
   手机访问: https://resend-zone-cross.ngrok-free.dev/monitor

✅ Serenity 看板已启动
   手机访问: https://resend-zone-cross.ngrok-free.dev/monitor

✅ Serenity 看板已启动
   手机访问: https://resend-zone-cross.ngrok-free.dev/monitor

✅ Serenity 看板已启动
   手机访问: https://resend-zone-cross.ngrok-free.dev/monitor

✅ Serenity 看板已启动
   手机访问: https://resend-zone-cross.ngrok-free.dev/monitor

✅ Serenity 看板已启动
   手机访问: https://resend-zone-cross.ngrok-free.dev/monitor

✅ Serenity 看板已启动
   手机访问: https://resend-zone-cross.ngrok-free.dev/monitor

✅ Serenity 看板已启动
   手机访问: https://resend-zone-cross.ngrok-free.dev/monitor

✅ Serenity 看板已启动
   手机访问: https://resend-zone-cross.ngrok-free.dev/monitor

✅ Serenity 看板已启动
   手机访问: https://resend-zone-cross.ngrok-free.dev/monitor

✅ Serenity 看板已启动
   手机访问: https://resend-zone-cross.ngrok-free.dev/monitor

✅ Serenity 看板已启动
   手机访问: https://resend-zone-cross.ngrok-free.dev/monitor

✅ Serenity 看板已启动
   手机访问: https://resend-zone-cross.ngrok-free.dev/monitor

✅ Serenity 看板已启动
   手机访问: https://resend-zone-cross.ngrok-free.dev/monitor

✅ Serenity 看板已启动
   手机访问: https://resend-zone-cross.ngrok-free.dev/monitor

✅ Serenity 看板已启动
   手机访问: https://resend-zone-cross.ngrok-free.dev/monitor

✅ Serenity 看板已启动
   手机访问: https://resend-zone-cross.ngrok-free.dev/monitor

✅ Serenity 看板已启动
   手机访问: https://resend-zone-cross.ngrok-free.dev/monitor

✅ Serenity 看板已启动
   手机访问: https://resend-zone-cross.ngrok-free.dev/monitor

✅ Serenity 看板已启动
   手机访问: https://resend-zone-cross.ngrok-free.dev/monitor

✅ Serenity 看板已启动
   手机访问: https://resend-zone-cross.ngrok-free.dev/monitor

✅ Serenity 看板已启动
   手机访问: https://resend-zone-cross.ngrok-free.dev/monitor

✅ Serenity 看板已启动
   手机访问: https://resend-zone-cross.ngrok-free.dev/monitor

✅ Serenity 看板已启动
   手机访问: https://resend-zone-cross.ngrok-free.dev/monitor

✅ Serenity 看板已启动
   手机访问: https://resend-zone-cross.ngrok-free.dev/monitor

✅ Serenity 看板已启动
   手机访问: https://resend-zone-cross.ngrok-free.dev/monitor

✅ Serenity 看板已启动
   手机访问: https://resend-zone-cross.ngrok-free.dev/monitor

✅ Serenity 看板已启动
   手机访问: https://resend-zone-cross.ngrok-free.dev/monitor

✅ Serenity 看板已启动
   手机访问: https://resend-zone-cross.ngrok-free.dev/monitor

✅ Serenity 看板已启动
   手机访问: https://resend-zone-cross.ngrok-free.dev/monitor

✅ Serenity 看板已启动
   手机访问: https://resend-zone-cross.ngrok-free.dev/monitor

✅ Serenity 看板已启动
   手机访问: https://resend-zone-cross.ngrok-free.dev/monitor

✅ Serenity 看板已启动
   手机访问: https://resend-zone-cross.ngrok-free.dev/monitor

✅ Serenity 看板已启动
   手机访问: https://resend-zone-cross.ngrok-free.dev/monitor

✅ Serenity 看板已启动
   手机访问: https://resend-zone-cross.ngrok-free.dev/monitor

✅ Serenity 看板已启动
   手机访问: https://resend-zone-cross.ngrok-free.dev/monitor

✅ Serenity 看板已启动
   手机访问: https://resend-zone-cross.ngrok-free.dev/monitor

✅ Serenity 看板已启动
   手机访问: https://resend-zone-cross.ngrok-free.dev/monitor

✅ Serenity 看板已启动
   手机访问: https://resend-zone-cross.ngrok-free.dev/monitor

✅ Serenity 看板已启动
   手机访问: https://resend-zone-cross.ngrok-free.dev/monitor

✅ Serenity 看板已启动
   手机访问: https://resend-zone-cross.ngrok-free.dev/monitor

✅ Serenity 看板已启动
   手机访问: https://resend-zone-cross.ngrok-free.dev/monitor

✅ Serenity 看板已启动
   手机访问: https://resend-zone-cross.ngrok-free.dev/monitor

✅ Serenity 看板已启动
   手机访问: https://resend-zone-cross.ngrok-free.dev/monitor

✅ Serenity 看板已启动
   手机访问: https://resend-zone-cross.ngrok-free.dev/monitor

✅ Serenity 看板已启动
   手机访问: https://resend-zone-cross.ngrok-free.dev/monitor

✅ Serenity 看板已启动
   手机访问: https://resend-zone-cross.ngrok-free.dev/monitor

✅ Serenity 看板已启动
   手机访问: https://resend-zone-cross.ngrok-free.dev/monitor

✅ Serenity 看板已启动
   手机访问: https://resend-zone-cross.ngrok-free.dev/monitor

✅ Serenity 看板已启动
   手机访问: https://resend-zone-cross.ngrok-free.dev/monitor

✅ Serenity 看板已启动
   手机访问: https://resend-zone-cross.ngrok-free.dev/monitor

✅ Serenity 看板已启动
   手机访问: https://resend-zone-cross.ngrok-free.dev/monitor

✅ Serenity 看板已启动
   手机访问: https://resend-zone-cross.ngrok-free.dev/monitor

✅ Serenity 看板已启动
   手机访问: https://resend-zone-cross.ngrok-free.dev/monitor

✅ Serenity 看板已启动
   手机访问: https://resend-zone-cross.ngrok-free.dev/monitor

✅ Serenity 看板已启动
   手机访问: https://resend-zone-cross.ngrok-free.dev/monitor

✅ Serenity 看板已启动
   手机访问: https://resend-zone-cross.ngrok-free.dev/monitor

✅ Serenity 看板已启动
   手机访问: https://resend-zone-cross.ngrok-free.dev/monitor

✅ Serenity 看板已启动
   手机访问: https://resend-zone-cross.ngrok-free.dev/monitor

✅ Serenity 看板已启动
   手机访问: https://resend-zone-cross.ngrok-free.dev/monitor

✅ Serenity 看板已启动
   手机访问: https://resend-zone-cross.ngrok-free.dev/monitor

✅ Serenity 看板已启动
   手机访问: https://resend-zone-cross.ngrok-free.dev/monitor

✅ Serenity 看板已启动
   手机访问: https://resend-zone-cross.ngrok-free.dev/monitor

✅ Serenity 看板已启动
   手机访问: https://resend-zone-cross.ngrok-free.dev/monitor

✅ Serenity 看板已启动
   手机访问: https://resend-zone-cross.ngrok-free.dev/monitor

✅ Serenity 看板已启动
   手机访问: https://resend-zone-cross.ngrok-free.dev/monitor

✅ Serenity 看板已启动
   手机访问: https://resend-zone-cross.ngrok-free.dev/monitor

✅ Serenity 看板已启动
   手机访问: https://resend-zone-cross.ngrok-free.dev/monitor

✅ Serenity 看板已启动
   手机访问: https://resend-zone-cross.ngrok-free.dev/monitor

✅ Serenity 看板已启动
   手机访问: https://resend-zone-cross.ngrok-free.dev/monitor

✅ Serenity 看板已启动
   手机访问: https://resend-zone-cross.ngrok-free.dev/monitor

✅ Serenity 看板已启动
   手机访问: https://resend-zone-cross.ngrok-free.dev/monitor

✅ Serenity 看板已启动
   手机访问: https://resend-zone-cross.ngrok-free.dev/monitor

✅ Serenity 看板已启动
   手机访问: https://resend-zone-cross.ngrok-free.dev/monitor

✅ Serenity 看板已启动
   手机访问: https://resend-zone-cross.ngrok-free.dev/monitor

✅ Serenity 看板已启动
   手机访问: https://resend-zone-cross.ngrok-free.dev/monitor

✅ Serenity 看板已启动
   手机访问: https://resend-zone-cross.ngrok-free.dev/monitor

✅ Serenity 看板已启动
   手机访问: https://resend-zone-cross.ngrok-free.dev/monitor

✅ Serenity 看板已启动
   手机访问: https://resend-zone-cross.ngrok-free.dev/monitor

✅ Serenity 看板已启动
   手机访问: https://resend-zone-cross.ngrok-free.dev/monitor

✅ Serenity 看板已启动
   手机访问: https://resend-zone-cross.ngrok-free.dev/monitor

✅ Serenity 看板已启动
   手机访问: https://resend-zone-cross.ngrok-free.dev/monitor

✅ Serenity 看板已启动
   手机访问: https://resend-zone-cross.ngrok-free.dev/monitor

✅ Serenity 看板已启动
   手机访问: https://resend-zone-cross.ngrok-free.dev/monitor

✅ Serenity 看板已启动
   手机访问: https://resend-zone-cross.ngrok-free.dev/monitor

✅ Serenity 看板已启动
   手机访问: https://resend-zone-cross.ngrok-free.dev/monitor

✅ Serenity 看板已启动
   手机访问: https://resend-zone-cross.ngrok-free.dev/monitor

✅ Serenity 看板已启动
   手机访问: https://resend-zone-cross.ngrok-free.dev/monitor

✅ Serenity 看板已启动
   手机访问: https://resend-zone-cross.ngrok-free.dev/monitor

✅ Serenity 看板已启动
   手机访问: https://resend-zone-cross.ngrok-free.dev/monitor

✅ Serenity 看板已启动
   手机访问: https://resend-zone-cross.ngrok-free.dev/monitor

✅ Serenity 看板已启动
   手机访问: https://resend-zone-cross.ngrok-free.dev/monitor

✅ Serenity 看板已启动
   手机访问: https://resend-zone-cross.ngrok-free.dev/monitor

✅ Serenity 看板已启动
   手机访问: https://resend-zone-cross.ngrok-free.dev/monitor

✅ Serenity 看板已启动
   手机访问: https://resend-zone-cross.ngrok-free.dev/monitor

✅ Serenity 看板已启动
   手机访问: https://resend-zone-cross.ngrok-free.dev/monitor

✅ Serenity 看板已启动
   手机访问: https://resend-zone-cross.ngrok-free.dev/monitor

✅ Serenity 看板已启动
   手机访问: https://resend-zone-cross.ngrok-free.dev/monitor

✅ Serenity 看板已启动
   手机访问: https://resend-zone-cross.ngrok-free.dev/monitor

✅ Serenity 看板已启动
   手机访问: https://resend-zone-cross.ngrok-free.dev/monitor

✅ Serenity 看板已启动
   手机访问: https://resend-zone-cross.ngrok-free.dev/monitor

✅ Serenity 看板已启动
   手机访问: https://resend-zone-cross.ngrok-free.dev/monitor

✅ Serenity 看板已启动
   手机访问: https://resend-zone-cross.ngrok-free.dev/monitor

✅ Serenity 看板已启动
   手机访问: https://resend-zone-cross.ngrok-free.dev/monitor

✅ Serenity 看板已启动
   手机访问: https://resend-zone-cross.ngrok-free.dev/monitor

✅ Serenity 看板已启动
   手机访问: https://resend-zone-cross.ngrok-free.dev/monitor

✅ Serenity 看板已启动
   手机访问: https://resend-zone-cross.ngrok-free.dev/monitor

✅ Serenity 看板已启动
   手机访问: https://resend-zone-cross.ngrok-free.dev/monitor

✅ Serenity 看板已启动
   手机访问: https://resend-zone-cross.ngrok-free.dev/monitor

✅ Serenity 看板已启动
   手机访问: https://resend-zone-cross.ngrok-free.dev/monitor

✅ Serenity 看板已启动
   手机访问: https://resend-zone-cross.ngrok-free.dev/monitor

✅ Serenity 看板已启动
   手机访问: https://resend-zone-cross.ngrok-free.dev/monitor

✅ Serenity 看板已启动
   手机访问: https://resend-zone-cross.ngrok-free.dev/monitor

✅ Serenity 看板已启动
   手机访问: https://resend-zone-cross.ngrok-free.dev/monitor

✅ Serenity 看板已启动
   手机访问: https://resend-zone-cross.ngrok-free.dev/monitor

✅ Serenity 看板已启动
   手机访问: https://resend-zone-cross.ngrok-free.dev/monitor

✅ Serenity 看板已启动
   手机访问: https://resend-zone-cross.ngrok-free.dev/monitor

✅ Serenity 看板已启动
   手机访问: https://resend-zone-cross.ngrok-free.dev/monitor

✅ Serenity 看板已启动
   手机访问: https://resend-zone-cross.ngrok-free.dev/monitor

✅ Serenity 看板已启动
   手机访问: https://resend-zone-cross.ngrok-free.dev/monitor
[INFO   ] 市场状态: 震荡市 → [内核冻结] 忽略市场体制权重偏移，使用固定权重
[WARNING] ⚠️ 均值回归模式激活 — 负IC因子(动量/量能/技术面)将自动翻转

✅ Serenity 看板已启动
   手机访问: https://resend-zone-cross.ngrok-free.dev/monitor
⏱️ 盘中监控 [09:30] — 检测 3 只持仓
触发 1 条预警

⚠️ [B] 华工科技: 止盈 T5: 10.6% ≥ 5%, 建议出 50%


✅ Serenity 看板已启动
   手机访问: https://resend-zone-cross.ngrok-free.dev/monitor

✅ Serenity 看板已启动
   手机访问: https://resend-zone-cross.ngrok-free.dev/monitor

✅ Serenity 看板已启动
   手机访问: https://resend-zone-cross.ngrok-free.dev/monitor

✅ Serenity 看板已启动
   手机访问: https://resend-zone-cross.ngrok-free.dev/monitor

✅ Serenity 看板已启动
   手机访问: https://resend-zone-cross.ngrok-free.dev/monitor

✅ Serenity 看板已启动
   手机访问: https://resend-zone-cross.ngrok-free.dev/monitor

✅ Serenity 看板已启动
   手机访问: https://resend-zone-cross.ngrok-free.dev/monitor

✅ Serenity 看板已启动
   手机访问: https://resend-zone-cross.ngrok-free.dev/monitor

✅ Serenity 看板已启动
   手机访问: https://resend-zone-cross.ngrok-free.dev/monitor

✅ Serenity 看板已启动
   手机访问: https://resend-zone-cross.ngrok-free.dev/monitor

✅ Serenity 看板已启动
   手机访问: https://resend-zone-cross.ngrok-free.dev/monitor

✅ Serenity 看板已启动
   手机访问: https://resend-zone-cross.ngrok-free.dev/monitor

✅ Serenity 看板已启动
   手机访问: https://resend-zone-cross.ngrok-free.dev/monitor

✅ Serenity 看板已启动
   手机访问: https://resend-zone-cross.ngrok-free.dev/monitor

✅ Serenity 看板已启动
   手机访问: https://resend-zone-cross.ngrok-free.dev/monitor

✅ Serenity 看板已启动
   手机访问: https://resend-zone-cross.ngrok-free.dev/monitor

✅ Serenity 看板已启动
   手机访问: https://resend-zone-cross.ngrok-free.dev/monitor

✅ Serenity 看板已启动
   手机访问: https://resend-zone-cross.ngrok-free.dev/monitor

✅ Serenity 看板已启动
   手机访问: https://resend-zone-cross.ngrok-free.dev/monitor

✅ Serenity 看板已启动
   手机访问: https://resend-zone-cross.ngrok-free.dev/monitor

✅ Serenity 看板已启动
   手机访问: https://resend-zone-cross.ngrok-free.dev/monitor

✅ Serenity 看板已启动
   手机访问: https://resend-zone-cross.ngrok-free.dev/monitor

✅ Serenity 看板已启动
   手机访问: https://resend-zone-cross.ngrok-free.dev/monitor

✅ Serenity 看板已启动
   手机访问: https://resend-zone-cross.ngrok-free.dev/monitor

✅ Serenity 看板已启动
   手机访问: https://resend-zone-cross.ngrok-free.dev/monitor

✅ Serenity 看板已启动
   手机访问: https://resend-zone-cross.ngrok-free.dev/monitor

✅ Serenity 看板已启动
   手机访问: https://resend-zone-cross.ngrok-free.dev/monitor

✅ Serenity 看板已启动
   手机访问: https://resend-zone-cross.ngrok-free.dev/monitor

✅ Serenity 看板已启动
   手机访问: https://resend-zone-cross.ngrok-free.dev/monitor

✅ Serenity 看板已启动
   手机访问: https://resend-zone-cross.ngrok-free.dev/monitor

✅ Serenity 看板已启动
   手机访问: https://resend-zone-cross.ngrok-free.dev/monitor

✅ Serenity 看板已启动
   手机访问: https://resend-zone-cross.ngrok-free.dev/monitor

✅ Serenity 看板已启动
   手机访问: https://resend-zone-cross.ngrok-free.dev/monitor

✅ Serenity 看板已启动
   手机访问: https://resend-zone-cross.ngrok-free.dev/monitor

✅ Serenity 看板已启动
   手机访问: https://resend-zone-cross.ngrok-free.dev/monitor

✅ Serenity 看板已启动
   手机访问: https://resend-zone-cross.ngrok-free.dev/monitor

✅ Serenity 看板已启动
   手机访问: https://resend-zone-cross.ngrok-free.dev/monitor

✅ Serenity 看板已启动
   手机访问: https://resend-zone-cross.ngrok-free.dev/monitor

✅ Serenity 看板已启动
   手机访问: https://resend-zone-cross.ngrok-free.dev/monitor

✅ Serenity 看板已启动
   手机访问: https://resend-zone-cross.ngrok-free.dev/monitor

✅ Serenity 看板已启动
   手机访问: https://resend-zone-cross.ngrok-free.dev/monitor

✅ Serenity 看板已启动
   手机访问: https://resend-zone-cross.ngrok-free.dev/monitor

✅ Serenity 看板已启动
   手机访问: https://resend-zone-cross.ngrok-free.dev/monitor

✅ Serenity 看板已启动
   手机访问: https://resend-zone-cross.ngrok-free.dev/monitor

✅ Serenity 看板已启动
   手机访问: https://resend-zone-cross.ngrok-free.dev/monitor

✅ Serenity 看板已启动
   手机访问: https://resend-zone-cross.ngrok-free.dev/monitor

✅ Serenity 看板已启动
   手机访问: https://resend-zone-cross.ngrok-free.dev/monitor

✅ Serenity 看板已启动
   手机访问: https://resend-zone-cross.ngrok-free.dev/monitor

✅ Serenity 看板已启动
   手机访问: https://resend-zone-cross.ngrok-free.dev/monitor

✅ Serenity 看板已启动
   手机访问: https://resend-zone-cross.ngrok-free.dev/monitor

✅ Serenity 看板已启动
   手机访问: https://resend-zone-cross.ngrok-free.dev/monitor

✅ Serenity 看板已启动
   手机访问: https://resend-zone-cross.ngrok-free.dev/monitor

✅ Serenity 看板已启动
   手机访问: https://resend-zone-cross.ngrok-free.dev/monitor

✅ Serenity 看板已启动
   手机访问: https://resend-zone-cross.ngrok-free.dev/monitor

✅ Serenity 看板已启动
   手机访问: https://resend-zone-cross.ngrok-free.dev/monitor

✅ Serenity 看板已启动
   手机访问: https://resend-zone-cross.ngrok-free.dev/monitor

✅ Serenity 看板已启动
   手机访问: https://resend-zone-cross.ngrok-free.dev/monitor

✅ Serenity 看板已启动
   手机访问: https://resend-zone-cross.ngrok-free.dev/monitor

✅ Serenity 看板已启动
   手机访问: https://resend-zone-cross.ngrok-free.dev/monitor

✅ Serenity 看板已启动
   手机访问: https://resend-zone-cross.ngrok-free.dev/monitor

✅ Serenity 看板已启动
   手机访问: https://resend-zone-cross.ngrok-free.dev/monitor

✅ Serenity 看板已启动
   手机访问: https://resend-zone-cross.ngrok-free.dev/monitor

✅ Serenity 看板已启动
   手机访问: https://resend-zone-cross.ngrok-free.dev/monitor

✅ Serenity 看板已启动
   手机访问: https://resend-zone-cross.ngrok-free.dev/monitor

✅ Serenity 看板已启动
   手机访问: https://resend-zone-cross.ngrok-free.dev/monitor

✅ Serenity 看板已启动
   手机访问: https://resend-zone-cross.ngrok-free.dev/monitor

✅ Serenity 看板已启动
   手机访问: https://resend-zone-cross.ngrok-free.dev/monitor

✅ Serenity 看板已启动
   手机访问: https://resend-zone-cross.ngrok-free.dev/monitor

✅ Serenity 看板已启动
   手机访问: https://resend-zone-cross.ngrok-free.dev/monitor

✅ Serenity 看板已启动
   手机访问: https://resend-zone-cross.ngrok-free.dev/monitor

✅ Serenity 看板已启动
   手机访问: https://resend-zone-cross.ngrok-free.dev/monitor

✅ Serenity 看板已启动
   手机访问: https://resend-zone-cross.ngrok-free.dev/monitor

✅ Serenity 看板已启动
   手机访问: https://resend-zone-cross.ngrok-free.dev/monitor

✅ Serenity 看板已启动
   手机访问: https://resend-zone-cross.ngrok-free.dev/monitor

✅ Serenity 看板已启动
   手机访问: https://resend-zone-cross.ngrok-free.dev/monitor

✅ Serenity 看板已启动
   手机访问: https://resend-zone-cross.ngrok-free.dev/monitor

✅ Serenity 看板已启动
   手机访问: https://resend-zone-cross.ngrok-free.dev/monitor

✅ Serenity 看板已启动
   手机访问: https://resend-zone-cross.ngrok-free.dev/monitor

✅ Serenity 看板已启动
   手机访问: https://resend-zone-cross.ngrok-free.dev/monitor

✅ Serenity 看板已启动
   手机访问: https://resend-zone-cross.ngrok-free.dev/monitor

✅ Serenity 看板已启动
   手机访问: https://resend-zone-cross.ngrok-free.dev/monitor

✅ Serenity 看板已启动
   手机访问: https://resend-zone-cross.ngrok-free.dev/monitor

✅ Serenity 看板已启动
   手机访问: https://resend-zone-cross.ngrok-free.dev/monitor

✅ Serenity 看板已启动
   手机访问: https://resend-zone-cross.ngrok-free.dev/monitor

✅ Serenity 看板已启动
   手机访问: https://resend-zone-cross.ngrok-free.dev/monitor

✅ Serenity 看板已启动
   手机访问: https://resend-zone-cross.ngrok-free.dev/monitor

✅ Serenity 看板已启动
   手机访问: https://resend-zone-cross.ngrok-free.dev/monitor

✅ Serenity 看板已启动
   手机访问: https://resend-zone-cross.ngrok-free.dev/monitor

✅ Serenity 看板已启动
   手机访问: https://resend-zone-cross.ngrok-free.dev/monitor

✅ Serenity 看板已启动
   手机访问: https://resend-zone-cross.ngrok-free.dev/monitor

✅ Serenity 看板已启动
   手机访问: https://resend-zone-cross.ngrok-free.dev/monitor

✅ Serenity 看板已启动
   手机访问: https://resend-zone-cross.ngrok-free.dev/monitor

✅ Serenity 看板已启动
   手机访问: https://resend-zone-cross.ngrok-free.dev/monitor

✅ Serenity 看板已启动
   手机访问: https://resend-zone-cross.ngrok-free.dev/monitor

✅ Serenity 看板已启动
   手机访问: https://resend-zone-cross.ngrok-free.dev/monitor

✅ Serenity 看板已启动
   手机访问: https://resend-zone-cross.ngrok-free.dev/monitor

✅ Serenity 看板已启动
   手机访问: https://resend-zone-cross.ngrok-free.dev/monitor

✅ Serenity 看板已启动
   手机访问: https://resend-zone-cross.ngrok-free.dev/monitor

✅ Serenity 看板已启动
   手机访问: https://resend-zone-cross.ngrok-free.dev/monitor

✅ Serenity 看板已启动
   手机访问: https://resend-zone-cross.ngrok-free.dev/monitor

✅ Serenity 看板已启动
   手机访问: https://resend-zone-cross.ngrok-free.dev/monitor

✅ Serenity 看板已启动
   手机访问: https://resend-zone-cross.ngrok-free.dev/monitor

✅ Serenity 看板已启动
   手机访问: https://resend-zone-cross.ngrok-free.dev/monitor

✅ Serenity 看板已启动
   手机访问: https://resend-zone-cross.ngrok-free.dev/monitor

✅ Serenity 看板已启动
   手机访问: https://resend-zone-cross.ngrok-free.dev/monitor

✅ Serenity 看板已启动
   手机访问: https://resend-zone-cross.ngrok-free.dev/monitor

✅ Serenity 看板已启动
   手机访问: https://resend-zone-cross.ngrok-free.dev/monitor

✅ Serenity 看板已启动
   手机访问: https://resend-zone-cross.ngrok-free.dev/monitor

✅ Serenity 看板已启动
   手机访问: https://resend-zone-cross.ngrok-free.dev/monitor

✅ Serenity 看板已启动
   手机访问: https://resend-zone-cross.ngrok-free.dev/monitor

✅ Serenity 看板已启动
   手机访问: https://resend-zone-cross.ngrok-free.dev/monitor

✅ Serenity 看板已启动
   手机访问: https://resend-zone-cross.ngrok-free.dev/monitor

✅ Serenity 看板已启动
   手机访问: https://resend-zone-cross.ngrok-free.dev/monitor

✅ Serenity 看板已启动
   手机访问: https://resend-zone-cross.ngrok-free.dev/monitor

✅ Serenity 看板已启动
   手机访问: https://resend-zone-cross.ngrok-free.dev/monitor

✅ Serenity 看板已启动
   手机访问: https://resend-zone-cross.ngrok-free.dev/monitor

✅ Serenity 看板已启动
   手机访问: https://resend-zone-cross.ngrok-free.dev/monitor

✅ Serenity 看板已启动
   手机访问: https://resend-zone-cross.ngrok-free.dev/monitor

✅ Serenity 看板已启动
   手机访问: https://resend-zone-cross.ngrok-free.dev/monitor

✅ Serenity 看板已启动
   手机访问: https://resend-zone-cross.ngrok-free.dev/monitor

✅ Serenity 看板已启动
   手机访问: https://resend-zone-cross.ngrok-free.dev/monitor

✅ Serenity 看板已启动
   手机访问: https://resend-zone-cross.ngrok-free.dev/monitor

✅ Serenity 看板已启动
   手机访问: https://resend-zone-cross.ngrok-free.dev/monitor

✅ Serenity 看板已启动
   手机访问: https://resend-zone-cross.ngrok-free.dev/monitor

✅ Serenity 看板已启动
   手机访问: https://resend-zone-cross.ngrok-free.dev/monitor

✅ Serenity 看板已启动
   手机访问: https://resend-zone-cross.ngrok-free.dev/monitor

✅ Serenity 看板已启动
   手机访问: https://resend-zone-cross.ngrok-free.dev/monitor

✅ Serenity 看板已启动
   手机访问: https://resend-zone-cross.ngrok-free.dev/monitor

✅ Serenity 看板已启动
   手机访问: https://resend-zone-cross.ngrok-free.dev/monitor

✅ Serenity 看板已启动
   手机访问: https://resend-zone-cross.ngrok-free.dev/monitor

✅ Serenity 看板已启动
   手机访问: https://resend-zone-cross.ngrok-free.dev/monitor

✅ Serenity 看板已启动
   手机访问: https://resend-zone-cross.ngrok-free.dev/monitor

✅ Serenity 看板已启动
   手机访问: https://resend-zone-cross.ngrok-free.dev/monitor

✅ Serenity 看板已启动
   手机访问: https://resend-zone-cross.ngrok-free.dev/monitor

✅ Serenity 看板已启动
   手机访问: https://resend-zone-cross.ngrok-free.dev/monitor

✅ Serenity 看板已启动
   手机访问: https://resend-zone-cross.ngrok-free.dev/monitor

✅ Serenity 看板已启动
   手机访问: https://resend-zone-cross.ngrok-free.dev/monitor

✅ Serenity 看板已启动
   手机访问: https://resend-zone-cross.ngrok-free.dev/monitor

✅ Serenity 看板已启动
   手机访问: https://resend-zone-cross.ngrok-free.dev/monitor

✅ Serenity 看板已启动
   手机访问: https://resend-zone-cross.ngrok-free.dev/monitor

✅ Serenity 看板已启动
   手机访问: https://resend-zone-cross.ngrok-free.dev/monitor

✅ Serenity 看板已启动
   手机访问: https://resend-zone-cross.ngrok-free.dev/monitor

✅ Serenity 看板已启动
   手机访问: https://resend-zone-cross.ngrok-free.dev/monitor

✅ Serenity 看板已启动
   手机访问: https://resend-zone-cross.ngrok-free.dev/monitor

✅ Serenity 看板已启动
   手机访问: https://resend-zone-cross.ngrok-free.dev/monitor

✅ Serenity 看板已启动
   手机访问: https://resend-zone-cross.ngrok-free.dev/monitor

✅ Serenity 看板已启动
   手机访问: https://resend-zone-cross.ngrok-free.dev/monitor

✅ Serenity 看板已启动
   手机访问: https://resend-zone-cross.ngrok-free.dev/monitor

✅ Serenity 看板已启动
   手机访问: https://resend-zone-cross.ngrok-free.dev/monitor

✅ Serenity 看板已启动
   手机访问: https://resend-zone-cross.ngrok-free.dev/monitor

✅ Serenity 看板已启动
   手机访问: https://resend-zone-cross.ngrok-free.dev/monitor

✅ Serenity 看板已启动
   手机访问: https://resend-zone-cross.ngrok-free.dev/monitor

✅ Serenity 看板已启动
   手机访问: https://resend-zone-cross.ngrok-free.dev/monitor

✅ Serenity 看板已启动
   手机访问: https://resend-zone-cross.ngrok-free.dev/monitor

✅ Serenity 看板已启动
   手机访问: https://resend-zone-cross.ngrok-free.dev/monitor

✅ Serenity 看板已启动
   手机访问: https://resend-zone-cross.ngrok-free.dev/monitor

✅ Serenity 看板已启动
   手机访问: https://resend-zone-cross.ngrok-free.dev/monitor

✅ Serenity 看板已启动
   手机访问: https://resend-zone-cross.ngrok-free.dev/monitor

✅ Serenity 看板已启动
   手机访问: https://resend-zone-cross.ngrok-free.dev/monitor

✅ Serenity 看板已启动
   手机访问: https://resend-zone-cross.ngrok-free.dev/monitor

✅ Serenity 看板已启动
   手机访问: https://resend-zone-cross.ngrok-free.dev/monitor

✅ Serenity 看板已启动
   手机访问: https://resend-zone-cross.ngrok-free.dev/monitor

✅ Serenity 看板已启动
   手机访问: https://resend-zone-cross.ngrok-free.dev/monitor

✅ Serenity 看板已启动
   手机访问: https://resend-zone-cross.ngrok-free.dev/monitor

✅ Serenity 看板已启动
   手机访问: https://resend-zone-cross.ngrok-free.dev/monitor

✅ Serenity 看板已启动
   手机访问: https://resend-zone-cross.ngrok-free.dev/monitor

✅ Serenity 看板已启动
   手机访问: https://resend-zone-cross.ngrok-free.dev/monitor

✅ Serenity 看板已启动
   手机访问: https://resend-zone-cross.ngrok-free.dev/monitor

✅ Serenity 看板已启动
   手机访问: https://resend-zone-cross.ngrok-free.dev/monitor

✅ Serenity 看板已启动
   手机访问: https://resend-zone-cross.ngrok-free.dev/monitor

✅ Serenity 看板已启动
   手机访问: https://resend-zone-cross.ngrok-free.dev/monitor

✅ Serenity 看板已启动
   手机访问: https://resend-zone-cross.ngrok-free.dev/monitor
[INFO   ] 市场状态: 震荡市 → [内核冻结] 忽略市场体制权重偏移，使用固定权重
[WARNING] ⚠️ 均值回归模式激活 — 负IC因子(动量/量能/技术面)将自动翻转

✅ Serenity 看板已启动
   手机访问: https://resend-zone-cross.ngrok-free.dev/monitor
[WARNING] _fetch_page 失败(第1/2次): timed out, 0.6s后重试
[INFO   ] 🔧 [MR模式] 因子翻转激活: ['factor', 'moat', 'technical', 'volume']
[INFO   ] 🔧 [MR模式] 因子翻转激活: ['factor', 'moat', 'technical', 'volume']
[INFO   ] [moat] 600141: akshare 获取 10 期财务数据 ✅
[INFO   ] 🔧 [MR模式] 因子翻转激活: ['factor', 'moat', 'technical', 'volume']
[INFO   ] [moat] 603083: akshare 获取 10 期财务数据 ✅
[INFO   ] 🔧 [MR模式] 因子翻转激活: ['factor', 'moat', 'technical', 'volume']

✅ Serenity 看板已启动
   手机访问: https://resend-zone-cross.ngrok-free.dev/monitor
[INFO   ] [moat] 600487: akshare 获取 10 期财务数据 ✅
[INFO   ] 🔧 [MR模式] 因子翻转激活: ['factor', 'moat', 'technical', 'volume']
[INFO   ] [moat] 002428: akshare 获取 10 期财务数据 ✅
[INFO   ] 🔧 [MR模式] 因子翻转激活: ['factor', 'moat', 'technical', 'volume']
[INFO   ] [moat] 600460: akshare 获取 10 期财务数据 ✅
[INFO   ] 🔧 [MR模式] 因子翻转激活: ['factor', 'moat', 'technical', 'volume']
[INFO   ] [moat] 603986: akshare 获取 10 期财务数据 ✅
[INFO   ] 🔧 [MR模式] 因子翻转激活: ['factor', 'moat', 'technical', 'volume']
[INFO   ] [moat] 600176: akshare 获取 10 期财务数据 ✅
[INFO   ] 🔧 [MR模式] 因子翻转激活: ['factor', 'moat', 'technical', 'volume']
[INFO   ] 🔧 [MR模式] 因子翻转激活: ['factor', 'moat', 'technical', 'volume']

✅ Serenity 看板已启动
   手机访问: https://resend-zone-cross.ngrok-free.dev/monitor
[INFO   ] [moat] 600585: akshare 获取 10 期财务数据 ✅
[INFO   ] 🔧 [MR模式] 因子翻转激活: ['factor', 'moat', 'technical', 'volume']
[INFO   ] 🔧 [MR模式] 因子翻转激活: ['factor', 'moat', 'technical', 'volume']
[INFO   ] 🔧 [MR模式] 因子翻转激活: ['factor', 'moat', 'technical', 'volume']
[INFO   ] 🔧 [MR模式] 因子翻转激活: ['factor', 'moat', 'technical', 'volume']
[INFO   ] 🔧 [MR模式] 因子翻转激活: ['factor', 'moat', 'technical', 'volume']
[INFO   ] 🔧 [MR模式] 因子翻转激活: ['factor', 'moat', 'technical', 'volume']
[INFO   ] 🔧 [MR模式] 因子翻转激活: ['factor', 'moat', 'technical', 'volume']
[INFO   ] 🔧 [MR模式] 因子翻转激活: ['factor', 'moat', 'technical', 'volume']
[INFO   ] 🔧 [MR模式] 因子翻转激活: ['factor', 'moat', 'technical', 'volume']
[INFO   ] 🔧 [MR模式] 因子翻转激活: ['factor', 'moat', 'technical', 'volume']

✅ Serenity 看板已启动
   手机访问: https://resend-zone-cross.ngrok-free.dev/monitor
[INFO   ]   🛡️ 非持仓SELL降级 兆易创新: SELL → WATCH (历史胜率仅20%)
[INFO   ]   🛡️ 非持仓SELL降级 中国巨石: SELL → WATCH (历史胜率仅20%)
[INFO   ]   🟡 CAUTION_BUY 精筛拦截 海螺水泥: 量能确认:缩量0.0x MA20; 动量底线[MR]:动量分85(15-65期望)
[INFO   ]   🟡 CAUTION_BUY 精筛拦截 大秦铁路: 量能确认:缩量0.0x MA20; 动量底线[MR]:动量分85(15-65期望)
[INFO   ]   🛡️ 非持仓SELL降级 紫光股份: SELL → WATCH (历史胜率仅20%)
[INFO   ]   🟡 CAUTION_BUY 精筛拦截 拓普集团: 量能确认:缩量0.0x MA20

✅ Serenity 看板已启动
   手机访问: https://resend-zone-cross.ngrok-free.dev/monitor
[INFO   ]   🟡 CAUTION_BUY 精筛拦截 三花智控: 量能确认:缩量0.0x MA20
2026-07-10 10:01:04,932 [INFO] HTTP Request: GET http://qt.gtimg.cn/q=sz000988,sh600036 "HTTP/1.1 200 OK"
2026-07-10 10:01:04,987 [DEBUG] 审计记录写入: 27c1fbb45cdd46ca 002281 HOLD score=57

✅ Serenity 看板已启动
   手机访问: https://resend-zone-cross.ngrok-free.dev/monitor
2026-07-10 10:01:10,990 [INFO] HTTP Request: GET http://qt.gtimg.cn/q=sz000988,sh600036 "HTTP/1.1 200 OK"
2026-07-10 10:01:11,016 [DEBUG] 审计记录写入: 3605b004a77d41f3 000988 HOLD score=57

✅ Serenity 看板已启动
   手机访问: https://resend-zone-cross.ngrok-free.dev/monitor
2026-07-10 10:01:17,546 [INFO] HTTP Request: GET http://qt.gtimg.cn/q=sz000988,sh600036 "HTTP/1.1 200 OK"
2026-07-10 10:01:17,571 [DEBUG] 审计记录写入: d6cb3d4bde08448f 600141 HOLD score=57
2026-07-10 10:01:24,342 [INFO] HTTP Request: GET http://qt.gtimg.cn/q=sz000988,sh600036 "HTTP/1.1 200 OK"
2026-07-10 10:01:24,371 [DEBUG] 审计记录写入: a4adde5ed7fd49c8 603083 HOLD score=53

✅ Serenity 看板已启动
   手机访问: https://resend-zone-cross.ngrok-free.dev/monitor
2026-07-10 10:01:30,618 [INFO] HTTP Request: GET http://qt.gtimg.cn/q=sz000988,sh600036 "HTTP/1.1 200 OK"
2026-07-10 10:01:30,642 [DEBUG] 审计记录写入: 63c6bd7de57d4ddd 600487 HOLD score=58

✅ Serenity 看板已启动
   手机访问: https://resend-zone-cross.ngrok-free.dev/monitor
2026-07-10 10:01:36,986 [INFO] HTTP Request: GET http://qt.gtimg.cn/q=sz000988,sh600036 "HTTP/1.1 200 OK"
2026-07-10 10:01:37,009 [DEBUG] 审计记录写入: bc12901ae2d649b4 002428 HOLD score=54
2026-07-10 10:01:43,277 [INFO] HTTP Request: GET http://qt.gtimg.cn/q=sz000988,sh600036 "HTTP/1.1 200 OK"
2026-07-10 10:01:43,299 [DEBUG] 审计记录写入: 379c35700c7c4a00 600460 WATCH score=47

✅ Serenity 看板已启动
   手机访问: https://resend-zone-cross.ngrok-free.dev/monitor
2026-07-10 10:01:49,972 [INFO] HTTP Request: GET http://qt.gtimg.cn/q=sz000988,sh600036 "HTTP/1.1 200 OK"
2026-07-10 10:01:50,002 [DEBUG] 审计记录写入: b97e64b0b973401a 603986 SELL score=44
2026-07-10 10:01:56,348 [INFO] HTTP Request: GET http://qt.gtimg.cn/q=sz000988,sh600036 "HTTP/1.1 200 OK"
2026-07-10 10:01:56,367 [DEBUG] 审计记录写入: bc28c04b31424440 600176 SELL score=40

✅ Serenity 看板已启动
   手机访问: https://resend-zone-cross.ngrok-free.dev/monitor
2026-07-10 10:02:03,077 [INFO] HTTP Request: GET http://qt.gtimg.cn/q=sz000988,sh600036 "HTTP/1.1 200 OK"
2026-07-10 10:02:03,107 [DEBUG] 审计记录写入: dd6c048326af4674 600036 BUY score=67

✅ Serenity 看板已启动
   手机访问: https://resend-zone-cross.ngrok-free.dev/monitor
2026-07-10 10:02:09,568 [INFO] HTTP Request: GET http://qt.gtimg.cn/q=sz000988,sh600036 "HTTP/1.1 200 OK"
2026-07-10 10:02:09,599 [DEBUG] 审计记录写入: b9b62cbc6eba4474 600585 CAUTION_BUY score=63
[INFO   ] [moat] 600900: akshare 获取 10 期财务数据 ✅
2026-07-10 10:02:12,307 [INFO] [moat] 600900: akshare 获取 10 期财务数据 ✅
2026-07-10 10:02:17,741 [INFO] HTTP Request: GET http://qt.gtimg.cn/q=sz000988,sh600036 "HTTP/1.1 200 OK"
2026-07-10 10:02:17,769 [DEBUG] 审计记录写入: 59b520e526454860 600900 HOLD score=63

✅ Serenity 看板已启动
   手机访问: https://resend-zone-cross.ngrok-free.dev/monitor
[INFO   ] [moat] 601398: akshare 获取 10 期财务数据 ✅
2026-07-10 10:02:20,098 [INFO] [moat] 601398: akshare 获取 10 期财务数据 ✅
2026-07-10 10:02:25,983 [INFO] HTTP Request: GET http://qt.gtimg.cn/q=sz000988,sh600036 "HTTP/1.1 200 OK"
2026-07-10 10:02:26,011 [DEBUG] 审计记录写入: c854d40c6c8f459d 601398 CAUTION_BUY score=68
[INFO   ] [moat] 601006: akshare 获取 10 期财务数据 ✅
2026-07-10 10:02:27,627 [INFO] [moat] 601006: akshare 获取 10 期财务数据 ✅

✅ Serenity 看板已启动
   手机访问: https://resend-zone-cross.ngrok-free.dev/monitor
2026-07-10 10:02:34,601 [INFO] HTTP Request: GET http://qt.gtimg.cn/q=sz000988,sh600036 "HTTP/1.1 200 OK"
2026-07-10 10:02:34,630 [DEBUG] 审计记录写入: 25ba156459f84d46 601006 BUY score=67
[INFO   ] [moat] 000938: akshare 获取 10 期财务数据 ✅
2026-07-10 10:02:36,382 [INFO] [moat] 000938: akshare 获取 10 期财务数据 ✅

✅ Serenity 看板已启动
   手机访问: https://resend-zone-cross.ngrok-free.dev/monitor
2026-07-10 10:02:41,843 [INFO] HTTP Request: GET http://qt.gtimg.cn/q=sz000988,sh600036 "HTTP/1.1 200 OK"
2026-07-10 10:02:41,868 [DEBUG] 审计记录写入: 03ea3e94043b4c6e 000938 SELL score=43
[INFO   ] [moat] 601689: akshare 获取 10 期财务数据 ✅
2026-07-10 10:02:44,903 [INFO] [moat] 601689: akshare 获取 10 期财务数据 ✅

✅ Serenity 看板已启动
   手机访问: https://resend-zone-cross.ngrok-free.dev/monitor
2026-07-10 10:02:52,401 [INFO] HTTP Request: GET http://qt.gtimg.cn/q=sz000988,sh600036 "HTTP/1.1 200 OK"
2026-07-10 10:02:52,419 [DEBUG] 审计记录写入: 3f889a9e9bc244f0 601689 CAUTION_BUY score=61
[INFO   ] [moat] 002050: akshare 获取 10 期财务数据 ✅
2026-07-10 10:02:54,158 [INFO] [moat] 002050: akshare 获取 10 期财务数据 ✅

✅ Serenity 看板已启动
   手机访问: https://resend-zone-cross.ngrok-free.dev/monitor
2026-07-10 10:03:00,103 [INFO] HTTP Request: GET http://qt.gtimg.cn/q=sz000988,sh600036 "HTTP/1.1 200 OK"
2026-07-10 10:03:00,128 [DEBUG] 审计记录写入: 96acc81c3cc04939 002050 CAUTION_BUY score=62
[INFO   ] [moat] 601100: akshare 获取 10 期财务数据 ✅
2026-07-10 10:03:01,764 [INFO] [moat] 601100: akshare 获取 10 期财务数据 ✅
2026-07-10 10:03:07,318 [INFO] HTTP Request: GET http://qt.gtimg.cn/q=sz000988,sh600036 "HTTP/1.1 200 OK"
2026-07-10 10:03:07,346 [DEBUG] 审计记录写入: b601fbdbc8dd400f 601100 WATCH score=47
[INFO   ] [moat] 600580: akshare 获取 10 期财务数据 ✅
2026-07-10 10:03:08,991 [INFO] [moat] 600580: akshare 获取 10 期财务数据 ✅

✅ Serenity 看板已启动
   手机访问: https://resend-zone-cross.ngrok-free.dev/monitor
2026-07-10 10:03:14,836 [INFO] HTTP Request: GET http://qt.gtimg.cn/q=sz000988,sh600036 "HTTP/1.1 200 OK"
2026-07-10 10:03:14,866 [DEBUG] 审计记录写入: 3b9678db23c5487b 600580 HOLD score=51
[INFO   ] [moat] 002896: akshare 获取 10 期财务数据 ✅
2026-07-10 10:03:16,473 [INFO] [moat] 002896: akshare 获取 10 期财务数据 ✅

✅ Serenity 看板已启动
   手机访问: https://resend-zone-cross.ngrok-free.dev/monitor
2026-07-10 10:03:22,131 [INFO] HTTP Request: GET http://qt.gtimg.cn/q=sz000988,sh600036 "HTTP/1.1 200 OK"
2026-07-10 10:03:22,158 [DEBUG] 审计记录写入: b8f7e2f4f04a47c5 002896 WATCH score=48
2026-07-10 10:03:25,489 [INFO] HTTP Request: GET http://qt.gtimg.cn/q=sz002281,sz000988,sh600141,sh603083,sh600487,sz002428,sh600460,sh603986,sh600176,sh600036,sh600585,sh600900,sh601398,sh601006,sz000938,sh601689,sz002050,sh601100,sh600580,sz002896 "HTTP/1.1 200 OK"
2026-07-10 10:03:26,426 [INFO] HTTP Request: GET http://qt.gtimg.cn/q=sz000988,sh600036 "HTTP/1.1 200 OK"
2026-07-10 10:03:27,351 [INFO] HTTP Request: GET http://qt.gtimg.cn/q=sz000988,sh600036 "HTTP/1.1 200 OK"
2026-07-10 10:03:28,327 [INFO] HTTP Request: GET http://qt.gtimg.cn/q=sz000988,sh600036 "HTTP/1.1 200 OK"
2026-07-10 10:03:29,274 [INFO] HTTP Request: GET http://qt.gtimg.cn/q=sz000988,sh600036 "HTTP/1.1 200 OK"
2026-07-10 10:03:30,241 [INFO] HTTP Request: GET http://qt.gtimg.cn/q=sz000988,sh600036 "HTTP/1.1 200 OK"
2026-07-10 10:03:31,169 [INFO] HTTP Request: GET http://qt.gtimg.cn/q=sz000988,sh600036 "HTTP/1.1 200 OK"

✅ Serenity 看板已启动
   手机访问: https://resend-zone-cross.ngrok-free.dev/monitor
2026-07-10 10:03:32,125 [INFO] HTTP Request: GET http://qt.gtimg.cn/q=sz000988,sh600036 "HTTP/1.1 200 OK"
2026-07-10 10:03:33,045 [INFO] HTTP Request: GET http://qt.gtimg.cn/q=sz000988,sh600036 "HTTP/1.1 200 OK"
[INFO   ]   🛡️ 非持仓SELL降级 兆易创新: SELL → WATCH (历史胜率仅20%)
2026-07-10 10:03:33,061 [INFO]   🛡️ 非持仓SELL降级 兆易创新: SELL → WATCH (历史胜率仅20%)
2026-07-10 10:03:33,967 [INFO] HTTP Request: GET http://qt.gtimg.cn/q=sz000988,sh600036 "HTTP/1.1 200 OK"
[INFO   ]   🛡️ 非持仓SELL降级 中国巨石: SELL → WATCH (历史胜率仅20%)
2026-07-10 10:03:33,985 [INFO]   🛡️ 非持仓SELL降级 中国巨石: SELL → WATCH (历史胜率仅20%)
2026-07-10 10:03:34,895 [INFO] HTTP Request: GET http://qt.gtimg.cn/q=sz000988,sh600036 "HTTP/1.1 200 OK"
2026-07-10 10:03:35,847 [INFO] HTTP Request: GET http://qt.gtimg.cn/q=sz000988,sh600036 "HTTP/1.1 200 OK"
[INFO   ]   🟡 CAUTION_BUY 精筛拦截 海螺水泥: 量能确认:缩量0.0x MA20; 动量底线[MR]:动量分75(15-65期望)
2026-07-10 10:03:35,868 [INFO]   🟡 CAUTION_BUY 精筛拦截 海螺水泥: 量能确认:缩量0.0x MA20; 动量底线[MR]:动量分75(15-65期望)
2026-07-10 10:03:36,778 [INFO] HTTP Request: GET http://qt.gtimg.cn/q=sz000988,sh600036 "HTTP/1.1 200 OK"
2026-07-10 10:03:37,709 [INFO] HTTP Request: GET http://qt.gtimg.cn/q=sz000988,sh600036 "HTTP/1.1 200 OK"
2026-07-10 10:03:38,649 [INFO] HTTP Request: GET http://qt.gtimg.cn/q=sz000988,sh600036 "HTTP/1.1 200 OK"
2026-07-10 10:03:39,551 [INFO] HTTP Request: GET http://qt.gtimg.cn/q=sz000988,sh600036 "HTTP/1.1 200 OK"
2026-07-10 10:03:40,471 [INFO] HTTP Request: GET http://qt.gtimg.cn/q=sh601006 "HTTP/1.1 200 OK"
2026-07-10 10:03:41,422 [INFO] HTTP Request: GET http://qt.gtimg.cn/q=sz000988,sh600036 "HTTP/1.1 200 OK"
[INFO   ]   🛡️ 非持仓SELL降级 紫光股份: SELL → WATCH (历史胜率仅20%)
2026-07-10 10:03:41,442 [INFO]   🛡️ 非持仓SELL降级 紫光股份: SELL → WATCH (历史胜率仅20%)

✅ Serenity 看板已启动
   手机访问: https://resend-zone-cross.ngrok-free.dev/monitor
2026-07-10 10:03:42,360 [INFO] HTTP Request: GET http://qt.gtimg.cn/q=sz000988,sh600036 "HTTP/1.1 200 OK"
[INFO   ]   🟡 CAUTION_BUY 精筛拦截 拓普集团: 量能确认:缩量0.0x MA20; 动量底线[MR]:动量分75(15-65期望)
2026-07-10 10:03:42,381 [INFO]   🟡 CAUTION_BUY 精筛拦截 拓普集团: 量能确认:缩量0.0x MA20; 动量底线[MR]:动量分75(15-65期望)
2026-07-10 10:03:43,297 [INFO] HTTP Request: GET http://qt.gtimg.cn/q=sz000988,sh600036 "HTTP/1.1 200 OK"
[INFO   ]   🟡 CAUTION_BUY 精筛拦截 三花智控: 量能确认:缩量0.0x MA20; 动量底线[MR]:动量分75(15-65期望)
2026-07-10 10:03:43,318 [INFO]   🟡 CAUTION_BUY 精筛拦截 三花智控: 量能确认:缩量0.0x MA20; 动量底线[MR]:动量分75(15-65期望)
2026-07-10 10:03:44,206 [INFO] HTTP Request: GET http://qt.gtimg.cn/q=sz000988,sh600036 "HTTP/1.1 200 OK"
2026-07-10 10:03:45,168 [INFO] HTTP Request: GET http://qt.gtimg.cn/q=sz000988,sh600036 "HTTP/1.1 200 OK"
2026-07-10 10:03:46,122 [INFO] HTTP Request: GET http://qt.gtimg.cn/q=sz000988,sh600036 "HTTP/1.1 200 OK"
=======================================================
  📡 Serenity 交易信号 | 2026-07-10
=======================================================

  🟢 #1 工商银行 (601398) — CAUTION_BUY
     综合评分: 70.8
     现价: 7.27 | 买入区: 7-8 | 目标: 10
     建议仓位: 0元 (0股 @ ~7.27)
     全球最大银行，股息率5%+ — 国家队护盘标的，系统性重要 | 多周期共振[5d+20d↑] | 多周期共振[5d+20d↑]

  🟢🟢 #2 大秦铁路 (601006) — BUY
     综合评分: 67.3
     现价: 4.66 | 买入区: 4-5 | 目标: 7
     建议仓位: 4194元 (900股 @ ~4.66)
     煤炭运输专线，稳定现金流 — 高股息+低波动，红利策略核心

  ⚪ #3 招商银行 (600036) — STRONG_HOLD
     综合评分: 66.8
     现价: 36.64 | 买入区: 34-42 | 目标: 52
     零售银行龙头，高股息防御 — 震荡市资金避风港，ROE行业领先

  ⚪ #4 长江电力 (600900) — HOLD
     综合评分: 66.1
     现价: 27.67 | 买入区: 24-30 | 目标: 36
     建议仓位: 0元 (0股 @ ~27.67)
     水电绝对龙头，现金流稳定 — 类债券属性，极端行情避险首选 | 多周期共振[5d+20d↑] | 多周期共振[5d+20d↑]

  ⚪ #5 海螺水泥 (600585) — HOLD
     综合评分: 63.1
     现价: 16.79 | 买入区: 16-20 | 目标: 24
     建议仓位: 0元 (0股 @ ~16.79)
     水泥龙头+高分红 — 基建稳增长受益，低估值防御属性强

  ⚪ #6 三花智控 (002050) — HOLD
     综合评分: 61.7
     现价: 43.24 | 买入区: 28-38 | 目标: 48
     建议仓位: 0元 (0股 @ ~43.24)
     热管理/执行器龙头 — 特斯拉供应链核心，公募持仓60亿+，机器人+汽零双驱动

  ⚪ #7 拓普集团 (601689) — HOLD
     综合评分: 60.8
     现价: 56.36 | 买入区: 80-105 | 目标: 135
     建议仓位: 0元 (0股 @ ~56.36)
     特斯拉Optimus执行器模组核心供应商 — 机器人+汽车双主线，公募持仓40亿+

  ⚪ #8 亨通光电 (600487) — HOLD
     综合评分: 57.9
     现价: 83.9 | 买入区: 82-115 | 目标: 145
     光纤光缆龙头，CPO光纤阵列(FAU)受益 — 防守型+补涨逻辑

  ⚪ #9 兴发集团 (600141) — HOLD
     综合评分: 57.4
     现价: 36.2 | 买入区: 30-36 | 目标: 44
     磷化工龙头，红磷/磷化学品用于CPO光对准和Rubin半导体热管理 — Serenity红磷主题映射

  ⚪ #10 光迅科技 (002281) — HOLD
     综合评分: 57.2
     现价: 252.0 | 买入区: 175-220 | 目标: 300
     光器件全产业链龙头，AI光互联核心受益 — CPO检测/FAU直接映射Serenity的SIVE瓶颈逻辑

  ⚪ #11 华工科技 (000988) — TAKE_PROFIT
     综合评分: 57.0
     现价: 165.68 | 买入区: 130-165 | 目标: 220
     光模块+激光双主线，AI算力配套 — 激光器+光引擎赛道与SIVE逻辑高度重合

  ⚪ #12 云南锗业 (002428) — HOLD
     综合评分: 53.6
     现价: 104.2 | 买入区: 78-96 | 目标: 120
     锗衬底材料，CPO用InP衬底的替代表达 — Serenity持有AXTI的映射逻辑

  ⚪ #13 剑桥科技 (603083) — HOLD
     综合评分: 52.9
     现价: 211.74 | 买入区: 155-190 | 目标: 270
     高速光模块弹性标的，800G/1.6T放量 — 受益于CPO光学引擎需求爆发

  ⚪ #14 卧龙电驱 (600580) — HOLD
     综合评分: 50.8
     现价: 33.35 | 买入区: 18-25 | 目标: 32
     伺服电机龙头 — 机器人动力系统核心供应商，国产伺服替代受益

  ⚪ #15 中大力德 (002896) — WATCH
     综合评分: 47.7
     现价: 74.64 | 买入区: 35-48 | 目标: 62
     RV减速器+电机一体化 — 国产减速器替代，机器人关节核心部件

  ⚪ #16 恒立液压 (601100) — WATCH
     综合评分: 47.4
     现价: 107.25 | 买入区: 55-72 | 目标: 92
     液压件龙头→人形机器人丝杠 — 技术壁垒高，国产替代+机器人新增量逻辑

  ⚪ #17 士兰微 (600460) — WATCH
     综合评分: 47.3
     现价: 47.94 | 买入区: 28-34 | 目标: 42
     功率半导体IDM龙头，800VDC数据中心供电架构受益 — 映射Serenity NVTS/POWI功率半主题

  ⚪ #18 兆易创新 (603986) — WATCH
     综合评分: 43.6
     现价: 690.0 | 买入区: 410-505 | 目标: 625
     NOR Flash/DRAM，AI数据中心存储需求外溢 — Serenity重仓SNDK的映射逻辑

  ⚪ #19 紫光股份 (000938) — WATCH
     综合评分: 43.4
     现价: 39.04 | 买入区: 22-30 | 目标: 38
     AI算力交换机龙头，新华三核心资产 — 数据中心交换机+服务器双主线，AI基建核心受益

  ⚪ #20 中国巨石 (600176) — WATCH
     综合评分: 39.6
     现价: 60.88 | 买入区: 36-44 | 目标: 54
     玻纤/电子布全球龙头，AI服务器PCB基材需求爆发 — 6月金股(7家券商推荐)，同赛道宏和科技已20倍

=======================================================
  共 20 个信号 | 可用资金: 4949 元
=======================================================
[INFO   ] 市场状态: 震荡市 → [内核冻结] 忽略市场体制权重偏移，使用固定权重
[WARNING] ⚠️ 均值回归模式激活 — 负IC因子(动量/量能/技术面)将自动翻转
⏱️ 盘中监控 [10:03] — 检测 3 只持仓
触发 1 条预警

⚠️ [B] 华工科技: 止盈 T5: 10.7% ≥ 5%, 建议出 50%


✅ Serenity 看板已启动
   手机访问: https://resend-zone-cross.ngrok-free.dev/monitor

✅ Serenity 看板已启动
   手机访问: https://resend-zone-cross.ngrok-free.dev/monitor

✅ Serenity 看板已启动
   手机访问: https://resend-zone-cross.ngrok-free.dev/monitor

✅ Serenity 看板已启动
   手机访问: https://resend-zone-cross.ngrok-free.dev/monitor

✅ Serenity 看板已启动
   手机访问: https://resend-zone-cross.ngrok-free.dev/monitor

✅ Serenity 看板已启动
   手机访问: https://resend-zone-cross.ngrok-free.dev/monitor

✅ Serenity 看板已启动
   手机访问: https://resend-zone-cross.ngrok-free.dev/monitor

✅ Serenity 看板已启动
   手机访问: https://resend-zone-cross.ngrok-free.dev/monitor

✅ Serenity 看板已启动
   手机访问: https://resend-zone-cross.ngrok-free.dev/monitor

✅ Serenity 看板已启动
   手机访问: https://resend-zone-cross.ngrok-free.dev/monitor

✅ Serenity 看板已启动
   手机访问: https://resend-zone-cross.ngrok-free.dev/monitor

✅ Serenity 看板已启动
   手机访问: https://resend-zone-cross.ngrok-free.dev/monitor

✅ Serenity 看板已启动
   手机访问: https://resend-zone-cross.ngrok-free.dev/monitor

✅ Serenity 看板已启动
   手机访问: https://resend-zone-cross.ngrok-free.dev/monitor

✅ Serenity 看板已启动
   手机访问: https://resend-zone-cross.ngrok-free.dev/monitor

✅ Serenity 看板已启动
   手机访问: https://resend-zone-cross.ngrok-free.dev/monitor

✅ Serenity 看板已启动
   手机访问: https://resend-zone-cross.ngrok-free.dev/monitor

✅ Serenity 看板已启动
   手机访问: https://resend-zone-cross.ngrok-free.dev/monitor

✅ Serenity 看板已启动
   手机访问: https://resend-zone-cross.ngrok-free.dev/monitor

✅ Serenity 看板已启动
   手机访问: https://resend-zone-cross.ngrok-free.dev/monitor

✅ Serenity 看板已启动
   手机访问: https://resend-zone-cross.ngrok-free.dev/monitor

✅ Serenity 看板已启动
   手机访问: https://resend-zone-cross.ngrok-free.dev/monitor

✅ Serenity 看板已启动
   手机访问: https://resend-zone-cross.ngrok-free.dev/monitor

✅ Serenity 看板已启动
   手机访问: https://resend-zone-cross.ngrok-free.dev/monitor

✅ Serenity 看板已启动
   手机访问: https://resend-zone-cross.ngrok-free.dev/monitor

✅ Serenity 看板已启动
   手机访问: https://resend-zone-cross.ngrok-free.dev/monitor

✅ Serenity 看板已启动
   手机访问: https://resend-zone-cross.ngrok-free.dev/monitor

✅ Serenity 看板已启动
   手机访问: https://resend-zone-cross.ngrok-free.dev/monitor

✅ Serenity 看板已启动
   手机访问: https://resend-zone-cross.ngrok-free.dev/monitor

✅ Serenity 看板已启动
   手机访问: https://resend-zone-cross.ngrok-free.dev/monitor

✅ Serenity 看板已启动
   手机访问: https://resend-zone-cross.ngrok-free.dev/monitor

✅ Serenity 看板已启动
   手机访问: https://resend-zone-cross.ngrok-free.dev/monitor

✅ Serenity 看板已启动
   手机访问: https://resend-zone-cross.ngrok-free.dev/monitor

✅ Serenity 看板已启动
   手机访问: https://resend-zone-cross.ngrok-free.dev/monitor

✅ Serenity 看板已启动
   手机访问: https://resend-zone-cross.ngrok-free.dev/monitor

✅ Serenity 看板已启动
   手机访问: https://resend-zone-cross.ngrok-free.dev/monitor

✅ Serenity 看板已启动
   手机访问: https://resend-zone-cross.ngrok-free.dev/monitor

✅ Serenity 看板已启动
   手机访问: https://resend-zone-cross.ngrok-free.dev/monitor

✅ Serenity 看板已启动
   手机访问: https://resend-zone-cross.ngrok-free.dev/monitor

✅ Serenity 看板已启动
   手机访问: https://resend-zone-cross.ngrok-free.dev/monitor

✅ Serenity 看板已启动
   手机访问: https://resend-zone-cross.ngrok-free.dev/monitor

✅ Serenity 看板已启动
   手机访问: https://resend-zone-cross.ngrok-free.dev/monitor

✅ Serenity 看板已启动
   手机访问: https://resend-zone-cross.ngrok-free.dev/monitor

✅ Serenity 看板已启动
   手机访问: https://resend-zone-cross.ngrok-free.dev/monitor

✅ Serenity 看板已启动
   手机访问: https://resend-zone-cross.ngrok-free.dev/monitor

✅ Serenity 看板已启动
   手机访问: https://resend-zone-cross.ngrok-free.dev/monitor

✅ Serenity 看板已启动
   手机访问: https://resend-zone-cross.ngrok-free.dev/monitor

✅ Serenity 看板已启动
   手机访问: https://resend-zone-cross.ngrok-free.dev/monitor

✅ Serenity 看板已启动
   手机访问: https://resend-zone-cross.ngrok-free.dev/monitor

✅ Serenity 看板已启动
   手机访问: https://resend-zone-cross.ngrok-free.dev/monitor

✅ Serenity 看板已启动
   手机访问: https://resend-zone-cross.ngrok-free.dev/monitor

✅ Serenity 看板已启动
   手机访问: https://resend-zone-cross.ngrok-free.dev/monitor

✅ Serenity 看板已启动
   手机访问: https://resend-zone-cross.ngrok-free.dev/monitor

✅ Serenity 看板已启动
   手机访问: https://resend-zone-cross.ngrok-free.dev/monitor

✅ Serenity 看板已启动
   手机访问: https://resend-zone-cross.ngrok-free.dev/monitor

✅ Serenity 看板已启动
   手机访问: https://resend-zone-cross.ngrok-free.dev/monitor

✅ Serenity 看板已启动
   手机访问: https://resend-zone-cross.ngrok-free.dev/monitor

✅ Serenity 看板已启动
   手机访问: https://resend-zone-cross.ngrok-free.dev/monitor

✅ Serenity 看板已启动
   手机访问: https://resend-zone-cross.ngrok-free.dev/monitor

✅ Serenity 看板已启动
   手机访问: https://resend-zone-cross.ngrok-free.dev/monitor

✅ Serenity 看板已启动
   手机访问: https://resend-zone-cross.ngrok-free.dev/monitor

✅ Serenity 看板已启动
   手机访问: https://resend-zone-cross.ngrok-free.dev/monitor

✅ Serenity 看板已启动
   手机访问: https://resend-zone-cross.ngrok-free.dev/monitor

✅ Serenity 看板已启动
   手机访问: https://resend-zone-cross.ngrok-free.dev/monitor

✅ Serenity 看板已启动
   手机访问: https://resend-zone-cross.ngrok-free.dev/monitor

✅ Serenity 看板已启动
   手机访问: https://resend-zone-cross.ngrok-free.dev/monitor

✅ Serenity 看板已启动
   手机访问: https://resend-zone-cross.ngrok-free.dev/monitor

✅ Serenity 看板已启动
   手机访问: https://resend-zone-cross.ngrok-free.dev/monitor

✅ Serenity 看板已启动
   手机访问: https://resend-zone-cross.ngrok-free.dev/monitor

✅ Serenity 看板已启动
   手机访问: https://resend-zone-cross.ngrok-free.dev/monitor

✅ Serenity 看板已启动
   手机访问: https://resend-zone-cross.ngrok-free.dev/monitor

✅ Serenity 看板已启动
   手机访问: https://resend-zone-cross.ngrok-free.dev/monitor

✅ Serenity 看板已启动
   手机访问: https://resend-zone-cross.ngrok-free.dev/monitor

✅ Serenity 看板已启动
   手机访问: https://resend-zone-cross.ngrok-free.dev/monitor

✅ Serenity 看板已启动
   手机访问: https://resend-zone-cross.ngrok-free.dev/monitor

✅ Serenity 看板已启动
   手机访问: https://resend-zone-cross.ngrok-free.dev/monitor

✅ Serenity 看板已启动
   手机访问: https://resend-zone-cross.ngrok-free.dev/monitor

✅ Serenity 看板已启动
   手机访问: https://resend-zone-cross.ngrok-free.dev/monitor

✅ Serenity 看板已启动
   手机访问: https://resend-zone-cross.ngrok-free.dev/monitor

✅ Serenity 看板已启动
   手机访问: https://resend-zone-cross.ngrok-free.dev/monitor

✅ Serenity 看板已启动
   手机访问: https://resend-zone-cross.ngrok-free.dev/monitor

✅ Serenity 看板已启动
   手机访问: https://resend-zone-cross.ngrok-free.dev/monitor

✅ Serenity 看板已启动
   手机访问: https://resend-zone-cross.ngrok-free.dev/monitor

✅ Serenity 看板已启动
   手机访问: https://resend-zone-cross.ngrok-free.dev/monitor

✅ Serenity 看板已启动
   手机访问: https://resend-zone-cross.ngrok-free.dev/monitor

✅ Serenity 看板已启动
   手机访问: https://resend-zone-cross.ngrok-free.dev/monitor

✅ Serenity 看板已启动
   手机访问: https://resend-zone-cross.ngrok-free.dev/monitor

✅ Serenity 看板已启动
   手机访问: https://resend-zone-cross.ngrok-free.dev/monitor

✅ Serenity 看板已启动
   手机访问: https://resend-zone-cross.ngrok-free.dev/monitor

✅ Serenity 看板已启动
   手机访问: https://resend-zone-cross.ngrok-free.dev/monitor

✅ Serenity 看板已启动
   手机访问: https://resend-zone-cross.ngrok-free.dev/monitor

✅ Serenity 看板已启动
   手机访问: https://resend-zone-cross.ngrok-free.dev/monitor

✅ Serenity 看板已启动
   手机访问: https://resend-zone-cross.ngrok-free.dev/monitor

✅ Serenity 看板已启动
   手机访问: https://resend-zone-cross.ngrok-free.dev/monitor

✅ Serenity 看板已启动
   手机访问: https://resend-zone-cross.ngrok-free.dev/monitor

✅ Serenity 看板已启动
   手机访问: https://resend-zone-cross.ngrok-free.dev/monitor

✅ Serenity 看板已启动
   手机访问: https://resend-zone-cross.ngrok-free.dev/monitor

✅ Serenity 看板已启动
   手机访问: https://resend-zone-cross.ngrok-free.dev/monitor

✅ Serenity 看板已启动
   手机访问: https://resend-zone-cross.ngrok-free.dev/monitor

✅ Serenity 看板已启动
   手机访问: https://resend-zone-cross.ngrok-free.dev/monitor

✅ Serenity 看板已启动
   手机访问: https://resend-zone-cross.ngrok-free.dev/monitor

✅ Serenity 看板已启动
   手机访问: https://resend-zone-cross.ngrok-free.dev/monitor

✅ Serenity 看板已启动
   手机访问: https://resend-zone-cross.ngrok-free.dev/monitor

✅ Serenity 看板已启动
   手机访问: https://resend-zone-cross.ngrok-free.dev/monitor

✅ Serenity 看板已启动
   手机访问: https://resend-zone-cross.ngrok-free.dev/monitor

✅ Serenity 看板已启动
   手机访问: https://resend-zone-cross.ngrok-free.dev/monitor

✅ Serenity 看板已启动
   手机访问: https://resend-zone-cross.ngrok-free.dev/monitor

✅ Serenity 看板已启动
   手机访问: https://resend-zone-cross.ngrok-free.dev/monitor

✅ Serenity 看板已启动
   手机访问: https://resend-zone-cross.ngrok-free.dev/monitor

✅ Serenity 看板已启动
   手机访问: https://resend-zone-cross.ngrok-free.dev/monitor

✅ Serenity 看板已启动
   手机访问: https://resend-zone-cross.ngrok-free.dev/monitor

✅ Serenity 看板已启动
   手机访问: https://resend-zone-cross.ngrok-free.dev/monitor

✅ Serenity 看板已启动
   手机访问: https://resend-zone-cross.ngrok-free.dev/monitor

✅ Serenity 看板已启动
   手机访问: https://resend-zone-cross.ngrok-free.dev/monitor

✅ Serenity 看板已启动
   手机访问: https://resend-zone-cross.ngrok-free.dev/monitor

✅ Serenity 看板已启动
   手机访问: https://resend-zone-cross.ngrok-free.dev/monitor

✅ Serenity 看板已启动
   手机访问: https://resend-zone-cross.ngrok-free.dev/monitor

✅ Serenity 看板已启动
   手机访问: https://resend-zone-cross.ngrok-free.dev/monitor

✅ Serenity 看板已启动
   手机访问: https://resend-zone-cross.ngrok-free.dev/monitor

✅ Serenity 看板已启动
   手机访问: https://resend-zone-cross.ngrok-free.dev/monitor

✅ Serenity 看板已启动
   手机访问: https://resend-zone-cross.ngrok-free.dev/monitor

✅ Serenity 看板已启动
   手机访问: https://resend-zone-cross.ngrok-free.dev/monitor

✅ Serenity 看板已启动
   手机访问: https://resend-zone-cross.ngrok-free.dev/monitor

✅ Serenity 看板已启动
   手机访问: https://resend-zone-cross.ngrok-free.dev/monitor

✅ Serenity 看板已启动
   手机访问: https://resend-zone-cross.ngrok-free.dev/monitor

✅ Serenity 看板已启动
   手机访问: https://resend-zone-cross.ngrok-free.dev/monitor

✅ Serenity 看板已启动
   手机访问: https://resend-zone-cross.ngrok-free.dev/monitor

✅ Serenity 看板已启动
   手机访问: https://resend-zone-cross.ngrok-free.dev/monitor

✅ Serenity 看板已启动
   手机访问: https://resend-zone-cross.ngrok-free.dev/monitor

✅ Serenity 看板已启动
   手机访问: https://resend-zone-cross.ngrok-free.dev/monitor

✅ Serenity 看板已启动
   手机访问: https://resend-zone-cross.ngrok-free.dev/monitor

✅ Serenity 看板已启动
   手机访问: https://resend-zone-cross.ngrok-free.dev/monitor

✅ Serenity 看板已启动
   手机访问: https://resend-zone-cross.ngrok-free.dev/monitor

✅ Serenity 看板已启动
   手机访问: https://resend-zone-cross.ngrok-free.dev/monitor

✅ Serenity 看板已启动
   手机访问: https://resend-zone-cross.ngrok-free.dev/monitor

✅ Serenity 看板已启动
   手机访问: https://resend-zone-cross.ngrok-free.dev/monitor

✅ Serenity 看板已启动
   手机访问: https://resend-zone-cross.ngrok-free.dev/monitor

✅ Serenity 看板已启动
   手机访问: https://resend-zone-cross.ngrok-free.dev/monitor

✅ Serenity 看板已启动
   手机访问: https://resend-zone-cross.ngrok-free.dev/monitor

✅ Serenity 看板已启动
   手机访问: https://resend-zone-cross.ngrok-free.dev/monitor

✅ Serenity 看板已启动
   手机访问: https://resend-zone-cross.ngrok-free.dev/monitor

✅ Serenity 看板已启动
   手机访问: https://resend-zone-cross.ngrok-free.dev/monitor

✅ Serenity 看板已启动
   手机访问: https://resend-zone-cross.ngrok-free.dev/monitor

✅ Serenity 看板已启动
   手机访问: https://resend-zone-cross.ngrok-free.dev/monitor

✅ Serenity 看板已启动
   手机访问: https://resend-zone-cross.ngrok-free.dev/monitor

✅ Serenity 看板已启动
   手机访问: https://resend-zone-cross.ngrok-free.dev/monitor

✅ Serenity 看板已启动
   手机访问: https://resend-zone-cross.ngrok-free.dev/monitor

✅ Serenity 看板已启动
   手机访问: https://resend-zone-cross.ngrok-free.dev/monitor

✅ Serenity 看板已启动
   手机访问: https://resend-zone-cross.ngrok-free.dev/monitor

✅ Serenity 看板已启动
   手机访问: https://resend-zone-cross.ngrok-free.dev/monitor

✅ Serenity 看板已启动
   手机访问: https://resend-zone-cross.ngrok-free.dev/monitor
[INFO   ] 市场状态: 震荡市 → [内核冻结] 忽略市场体制权重偏移，使用固定权重
[WARNING] ⚠️ 均值回归模式激活 — 负IC因子(动量/量能/技术面)将自动翻转
[INFO   ] 🔧 [MR模式] 因子翻转激活: ['factor', 'moat', 'technical', 'volume']
[INFO   ] 🔧 [MR模式] 因子翻转激活: ['factor', 'moat', 'technical', 'volume']
[INFO   ] 🔧 [MR模式] 因子翻转激活: ['factor', 'moat', 'technical', 'volume']
[INFO   ] 🔧 [MR模式] 因子翻转激活: ['factor', 'moat', 'technical', 'volume']
[INFO   ] 🔧 [MR模式] 因子翻转激活: ['factor', 'moat', 'technical', 'volume']
[INFO   ] 🔧 [MR模式] 因子翻转激活: ['factor', 'moat', 'technical', 'volume']
[INFO   ] 🔧 [MR模式] 因子翻转激活: ['factor', 'moat', 'technical', 'volume']
[INFO   ] 🔧 [MR模式] 因子翻转激活: ['factor', 'moat', 'technical', 'volume']
[INFO   ] 🔧 [MR模式] 因子翻转激活: ['factor', 'moat', 'technical', 'volume']
[INFO   ] 🔧 [MR模式] 因子翻转激活: ['factor', 'moat', 'technical', 'volume']
[INFO   ] 🔧 [MR模式] 因子翻转激活: ['factor', 'moat', 'technical', 'volume']
[INFO   ] 🔧 [MR模式] 因子翻转激活: ['factor', 'moat', 'technical', 'volume']
[INFO   ] 🔧 [MR模式] 因子翻转激活: ['factor', 'moat', 'technical', 'volume']
[INFO   ] 🔧 [MR模式] 因子翻转激活: ['factor', 'moat', 'technical', 'volume']
[INFO   ] 🔧 [MR模式] 因子翻转激活: ['factor', 'moat', 'technical', 'volume']
[INFO   ] 🔧 [MR模式] 因子翻转激活: ['factor', 'moat', 'technical', 'volume']
[INFO   ] 🔧 [MR模式] 因子翻转激活: ['factor', 'moat', 'technical', 'volume']
[INFO   ] 🔧 [MR模式] 因子翻转激活: ['factor', 'moat', 'technical', 'volume']
[INFO   ] 🔧 [MR模式] 因子翻转激活: ['factor', 'moat', 'technical', 'volume']
[INFO   ] 🔧 [MR模式] 因子翻转激活: ['factor', 'moat', 'technical', 'volume']

✅ Serenity 看板已启动
   手机访问: https://resend-zone-cross.ngrok-free.dev/monitor
[INFO   ]   🟡 CAUTION_BUY 精筛拦截 兴发集团: 量能确认:缩量0.0x MA20; 动量底线[MR]:动量分75(15-65期望)
[INFO   ]   🛡️ 非持仓SELL降级 士兰微: SELL → WATCH (历史胜率仅20%)
[INFO   ]   🛡️ 非持仓SELL降级 兆易创新: SELL → WATCH (历史胜率仅20%)

✅ Serenity 看板已启动
   手机访问: https://resend-zone-cross.ngrok-free.dev/monitor
[INFO   ]   🟡 CAUTION_BUY 精筛拦截 海螺水泥: 量能确认:缩量0.0x MA20; 动量底线[MR]:动量分75(15-65期望)
[INFO   ]   🟡 CAUTION_BUY 精筛拦截 大秦铁路: 量能确认:缩量0.0x MA20; 动量底线[MR]:动量分85(15-65期望)
[INFO   ]   🛡️ 非持仓SELL降级 紫光股份: SELL → WATCH (历史胜率仅20%)
[INFO   ]   🟡 CAUTION_BUY 精筛拦截 拓普集团: 量能确认:缩量0.0x MA20; 动量底线[MR]:动量分75(15-65期望)
[INFO   ]   🟡 CAUTION_BUY 精筛拦截 三花智控: 量能确认:缩量0.0x MA20; 动量底线[MR]:动量分75(15-65期望)

✅ Serenity 看板已启动
   手机访问: https://resend-zone-cross.ngrok-free.dev/monitor
2026-07-10 10:30:36,881 [INFO] HTTP Request: GET http://qt.gtimg.cn/q=sz000988,sh600036 "HTTP/1.1 200 OK"
2026-07-10 10:30:36,924 [DEBUG] 审计记录写入: 7873c98eb8a44252 002281 CAUTION_BUY score=62

✅ Serenity 看板已启动
   手机访问: https://resend-zone-cross.ngrok-free.dev/monitor
2026-07-10 10:30:43,417 [INFO] HTTP Request: GET http://qt.gtimg.cn/q=sz000988,sh600036 "HTTP/1.1 200 OK"
2026-07-10 10:30:43,443 [DEBUG] 审计记录写入: d1478da7f6c748bf 000988 HOLD score=59
2026-07-10 10:30:50,142 [INFO] HTTP Request: GET http://qt.gtimg.cn/q=sz000988,sh600036 "HTTP/1.1 200 OK"
2026-07-10 10:30:50,171 [DEBUG] 审计记录写入: 95154b8b17a240ed 600141 CAUTION_BUY score=60

✅ Serenity 看板已启动
   手机访问: https://resend-zone-cross.ngrok-free.dev/monitor
2026-07-10 10:30:56,806 [INFO] HTTP Request: GET http://qt.gtimg.cn/q=sz000988,sh600036 "HTTP/1.1 200 OK"
2026-07-10 10:30:56,832 [DEBUG] 审计记录写入: 54286268e3e14557 603083 HOLD score=57

✅ Serenity 看板已启动
   手机访问: https://resend-zone-cross.ngrok-free.dev/monitor
2026-07-10 10:31:03,232 [INFO] HTTP Request: GET http://qt.gtimg.cn/q=sz000988,sh600036 "HTTP/1.1 200 OK"
2026-07-10 10:31:03,261 [DEBUG] 审计记录写入: 586e7286976340ab 600487 CAUTION_BUY score=61
2026-07-10 10:31:09,840 [INFO] HTTP Request: GET http://qt.gtimg.cn/q=sz000988,sh600036 "HTTP/1.1 200 OK"
2026-07-10 10:31:09,861 [DEBUG] 审计记录写入: dab39cbf37b544c1 002428 HOLD score=55

✅ Serenity 看板已启动
   手机访问: https://resend-zone-cross.ngrok-free.dev/monitor
2026-07-10 10:31:16,985 [INFO] HTTP Request: GET http://qt.gtimg.cn/q=sz000988,sh600036 "HTTP/1.1 200 OK"
2026-07-10 10:31:17,012 [DEBUG] 审计记录写入: ad713d3b43034d44 600460 SELL score=43

✅ Serenity 看板已启动
   手机访问: https://resend-zone-cross.ngrok-free.dev/monitor
2026-07-10 10:31:23,473 [INFO] HTTP Request: GET http://qt.gtimg.cn/q=sz000988,sh600036 "HTTP/1.1 200 OK"
2026-07-10 10:31:23,501 [DEBUG] 审计记录写入: 4d47e5724fcb4cdb 603986 SELL score=43
2026-07-10 10:31:29,729 [INFO] HTTP Request: GET http://qt.gtimg.cn/q=sz000988,sh600036 "HTTP/1.1 200 OK"
2026-07-10 10:31:29,758 [DEBUG] 审计记录写入: 2e2cbf0b34a444dc 600176 WATCH score=48

✅ Serenity 看板已启动
   手机访问: https://resend-zone-cross.ngrok-free.dev/monitor
2026-07-10 10:31:35,713 [INFO] HTTP Request: GET http://qt.gtimg.cn/q=sz000988,sh600036 "HTTP/1.1 200 OK"
2026-07-10 10:31:35,740 [DEBUG] 审计记录写入: e1e0c62d1c874743 600036 BUY score=68
2026-07-10 10:31:42,285 [INFO] HTTP Request: GET http://qt.gtimg.cn/q=sz000988,sh600036 "HTTP/1.1 200 OK"
2026-07-10 10:31:42,314 [DEBUG] 审计记录写入: 8d133d00488847e1 600585 CAUTION_BUY score=64

✅ Serenity 看板已启动
   手机访问: https://resend-zone-cross.ngrok-free.dev/monitor
2026-07-10 10:31:48,447 [INFO] HTTP Request: GET http://qt.gtimg.cn/q=sz000988,sh600036 "HTTP/1.1 200 OK"
2026-07-10 10:31:48,473 [DEBUG] 审计记录写入: e6ab358c0da147d1 600900 CAUTION_BUY score=61

✅ Serenity 看板已启动
   手机访问: https://resend-zone-cross.ngrok-free.dev/monitor
2026-07-10 10:31:54,943 [INFO] HTTP Request: GET http://qt.gtimg.cn/q=sz000988,sh600036 "HTTP/1.1 200 OK"
2026-07-10 10:31:54,969 [DEBUG] 审计记录写入: f48197260a384958 601398 CAUTION_BUY score=69
2026-07-10 10:32:01,507 [INFO] HTTP Request: GET http://qt.gtimg.cn/q=sz000988,sh600036 "HTTP/1.1 200 OK"
2026-07-10 10:32:01,534 [DEBUG] 审计记录写入: f8019204ec604fd5 601006 BUY score=68

✅ Serenity 看板已启动
   手机访问: https://resend-zone-cross.ngrok-free.dev/monitor
2026-07-10 10:32:08,096 [INFO] HTTP Request: GET http://qt.gtimg.cn/q=sz000988,sh600036 "HTTP/1.1 200 OK"
2026-07-10 10:32:08,121 [DEBUG] 审计记录写入: 55e4c7f056ad4ea6 000938 SELL score=44
2026-07-10 10:32:14,326 [INFO] HTTP Request: GET http://qt.gtimg.cn/q=sz000988,sh600036 "HTTP/1.1 200 OK"
2026-07-10 10:32:14,352 [DEBUG] 审计记录写入: 1ffd2cb68fc94f19 601689 CAUTION_BUY score=61

✅ Serenity 看板已启动
   手机访问: https://resend-zone-cross.ngrok-free.dev/monitor
2026-07-10 10:32:21,038 [INFO] HTTP Request: GET http://qt.gtimg.cn/q=sz000988,sh600036 "HTTP/1.1 200 OK"
2026-07-10 10:32:21,064 [DEBUG] 审计记录写入: 3bed0e40dc884934 002050 CAUTION_BUY score=61

✅ Serenity 看板已启动
   手机访问: https://resend-zone-cross.ngrok-free.dev/monitor
2026-07-10 10:32:27,611 [INFO] HTTP Request: GET http://qt.gtimg.cn/q=sz000988,sh600036 "HTTP/1.1 200 OK"
2026-07-10 10:32:27,635 [DEBUG] 审计记录写入: 6a821c6169184615 601100 WATCH score=47
2026-07-10 10:32:34,218 [INFO] HTTP Request: GET http://qt.gtimg.cn/q=sz000988,sh600036 "HTTP/1.1 200 OK"
2026-07-10 10:32:34,247 [DEBUG] 审计记录写入: b78b95d8828a4c29 600580 HOLD score=51

✅ Serenity 看板已启动
   手机访问: https://resend-zone-cross.ngrok-free.dev/monitor
2026-07-10 10:32:43,575 [INFO] HTTP Request: GET http://qt.gtimg.cn/q=sz000988,sh600036 "HTTP/1.1 200 OK"
2026-07-10 10:32:43,598 [DEBUG] 审计记录写入: ce827b5a9ca4470b 002896 WATCH score=48

✅ Serenity 看板已启动
   手机访问: https://resend-zone-cross.ngrok-free.dev/monitor
2026-07-10 10:32:47,136 [INFO] HTTP Request: GET http://qt.gtimg.cn/q=sz002281,sz000988,sh600141,sh603083,sh600487,sz002428,sh600460,sh603986,sh600176,sh600036,sh600585,sh600900,sh601398,sh601006,sz000938,sh601689,sz002050,sh601100,sh600580,sz002896 "HTTP/1.1 200 OK"
2026-07-10 10:32:48,227 [INFO] HTTP Request: GET http://qt.gtimg.cn/q=sz000988,sh600036 "HTTP/1.1 200 OK"
[INFO   ]   🟡 CAUTION_BUY 精筛拦截 光迅科技: 量能确认:缩量0.0x MA20
2026-07-10 10:32:48,250 [INFO]   🟡 CAUTION_BUY 精筛拦截 光迅科技: 量能确认:缩量0.0x MA20
2026-07-10 10:32:49,202 [INFO] HTTP Request: GET http://qt.gtimg.cn/q=sz000988,sh600036 "HTTP/1.1 200 OK"
2026-07-10 10:32:50,215 [INFO] HTTP Request: GET http://qt.gtimg.cn/q=sz000988,sh600036 "HTTP/1.1 200 OK"
[INFO   ]   🟡 CAUTION_BUY 精筛拦截 兴发集团: 量能确认:缩量0.0x MA20; 动量底线[MR]:动量分85(15-65期望)
2026-07-10 10:32:50,242 [INFO]   🟡 CAUTION_BUY 精筛拦截 兴发集团: 量能确认:缩量0.0x MA20; 动量底线[MR]:动量分85(15-65期望)
2026-07-10 10:32:51,320 [INFO] HTTP Request: GET http://qt.gtimg.cn/q=sz000988,sh600036 "HTTP/1.1 200 OK"
2026-07-10 10:32:52,262 [INFO] HTTP Request: GET http://qt.gtimg.cn/q=sz000988,sh600036 "HTTP/1.1 200 OK"
[INFO   ]   🟡 CAUTION_BUY 精筛拦截 亨通光电: 量能确认:缩量0.0x MA20
2026-07-10 10:32:52,288 [INFO]   🟡 CAUTION_BUY 精筛拦截 亨通光电: 量能确认:缩量0.0x MA20
2026-07-10 10:32:53,247 [INFO] HTTP Request: GET http://qt.gtimg.cn/q=sz000988,sh600036 "HTTP/1.1 200 OK"
2026-07-10 10:32:54,256 [INFO] HTTP Request: GET http://qt.gtimg.cn/q=sz000988,sh600036 "HTTP/1.1 200 OK"
[INFO   ]   🛡️ 非持仓SELL降级 士兰微: SELL → WATCH (历史胜率仅20%)
2026-07-10 10:32:54,275 [INFO]   🛡️ 非持仓SELL降级 士兰微: SELL → WATCH (历史胜率仅20%)
2026-07-10 10:32:55,251 [INFO] HTTP Request: GET http://qt.gtimg.cn/q=sz000988,sh600036 "HTTP/1.1 200 OK"
[INFO   ]   🛡️ 非持仓SELL降级 兆易创新: SELL → WATCH (历史胜率仅20%)
2026-07-10 10:32:55,277 [INFO]   🛡️ 非持仓SELL降级 兆易创新: SELL → WATCH (历史胜率仅20%)
2026-07-10 10:32:56,246 [INFO] HTTP Request: GET http://qt.gtimg.cn/q=sz000988,sh600036 "HTTP/1.1 200 OK"

✅ Serenity 看板已启动
   手机访问: https://resend-zone-cross.ngrok-free.dev/monitor
2026-07-10 10:32:57,239 [INFO] HTTP Request: GET http://qt.gtimg.cn/q=sz000988,sh600036 "HTTP/1.1 200 OK"
2026-07-10 10:32:58,208 [INFO] HTTP Request: GET http://qt.gtimg.cn/q=sz000988,sh600036 "HTTP/1.1 200 OK"
[INFO   ]   🟡 CAUTION_BUY 精筛拦截 海螺水泥: 量能确认:缩量0.0x MA20; 动量底线[MR]:动量分75(15-65期望)
2026-07-10 10:32:58,235 [INFO]   🟡 CAUTION_BUY 精筛拦截 海螺水泥: 量能确认:缩量0.0x MA20; 动量底线[MR]:动量分75(15-65期望)
2026-07-10 10:32:59,200 [INFO] HTTP Request: GET http://qt.gtimg.cn/q=sz000988,sh600036 "HTTP/1.1 200 OK"
2026-07-10 10:33:00,196 [INFO] HTTP Request: GET http://qt.gtimg.cn/q=sz000988,sh600036 "HTTP/1.1 200 OK"
2026-07-10 10:33:01,201 [INFO] HTTP Request: GET http://qt.gtimg.cn/q=sz000988,sh600036 "HTTP/1.1 200 OK"
2026-07-10 10:33:02,226 [INFO] HTTP Request: GET http://qt.gtimg.cn/q=sz000988,sh600036 "HTTP/1.1 200 OK"
2026-07-10 10:33:03,122 [INFO] HTTP Request: GET http://qt.gtimg.cn/q=sh601006 "HTTP/1.1 200 OK"
2026-07-10 10:33:04,087 [INFO] HTTP Request: GET http://qt.gtimg.cn/q=sz000988,sh600036 "HTTP/1.1 200 OK"
[INFO   ]   🛡️ 非持仓SELL降级 紫光股份: SELL → WATCH (历史胜率仅20%)
2026-07-10 10:33:04,112 [INFO]   🛡️ 非持仓SELL降级 紫光股份: SELL → WATCH (历史胜率仅20%)
2026-07-10 10:33:05,080 [INFO] HTTP Request: GET http://qt.gtimg.cn/q=sz000988,sh600036 "HTTP/1.1 200 OK"
[INFO   ]   🟡 CAUTION_BUY 精筛拦截 拓普集团: 量能确认:缩量0.0x MA20; 动量底线[MR]:动量分75(15-65期望)
2026-07-10 10:33:05,108 [INFO]   🟡 CAUTION_BUY 精筛拦截 拓普集团: 量能确认:缩量0.0x MA20; 动量底线[MR]:动量分75(15-65期望)
2026-07-10 10:33:06,016 [INFO] HTTP Request: GET http://qt.gtimg.cn/q=sz000988,sh600036 "HTTP/1.1 200 OK"
[INFO   ]   🟡 CAUTION_BUY 精筛拦截 三花智控: 量能确认:缩量0.0x MA20; 动量底线[MR]:动量分75(15-65期望)
2026-07-10 10:33:06,042 [INFO]   🟡 CAUTION_BUY 精筛拦截 三花智控: 量能确认:缩量0.0x MA20; 动量底线[MR]:动量分75(15-65期望)
2026-07-10 10:33:06,996 [INFO] HTTP Request: GET http://qt.gtimg.cn/q=sz000988,sh600036 "HTTP/1.1 200 OK"

✅ Serenity 看板已启动
   手机访问: https://resend-zone-cross.ngrok-free.dev/monitor
2026-07-10 10:33:07,970 [INFO] HTTP Request: GET http://qt.gtimg.cn/q=sz000988,sh600036 "HTTP/1.1 200 OK"
2026-07-10 10:33:08,929 [INFO] HTTP Request: GET http://qt.gtimg.cn/q=sz000988,sh600036 "HTTP/1.1 200 OK"
=======================================================
  📡 Serenity 交易信号 | 2026-07-10
=======================================================

  🟢 #1 工商银行 (601398) — CAUTION_BUY
     综合评分: 72.4
     现价: 7.3 | 买入区: 7-8 | 目标: 10
     建议仓位: 0元 (0股 @ ~7.30)
     全球最大银行，股息率5%+ — 国家队护盘标的，系统性重要 | 多周期共振[5d+20d↑] | 多周期共振[5d+20d↑]

  🟢🟢 #2 大秦铁路 (601006) — BUY
     综合评分: 67.9
     现价: 4.68 | 买入区: 4-5 | 目标: 7
     建议仓位: 4203元 (900股 @ ~4.68)
     煤炭运输专线，稳定现金流 — 高股息+低波动，红利策略核心

  ⚪ #3 招商银行 (600036) — STRONG_HOLD
     综合评分: 67.8
     现价: 36.76 | 买入区: 34-42 | 目标: 52
     零售银行龙头，高股息防御 — 震荡市资金避风港，ROE行业领先

  ⚪ #4 海螺水泥 (600585) — HOLD
     综合评分: 63.6
     现价: 16.95 | 买入区: 16-20 | 目标: 24
     建议仓位: 0元 (0股 @ ~16.95)
     水泥龙头+高分红 — 基建稳增长受益，低估值防御属性强

  ⚪ #5 长江电力 (600900) — HOLD
     综合评分: 63.6
     现价: 27.86 | 买入区: 24-30 | 目标: 36
     建议仓位: 0元 (0股 @ ~27.86)
     水电绝对龙头，现金流稳定 — 类债券属性，极端行情避险首选 | 多周期共振[5d+20d↑]

  ⚪ #6 光迅科技 (002281) — HOLD
     综合评分: 61.7
     现价: 246.56 | 买入区: 175-220 | 目标: 300
     建议仓位: 0元 (0股 @ ~246.56)
     光器件全产业链龙头，AI光互联核心受益 — CPO检测/FAU直接映射Serenity的SIVE瓶颈逻辑

  ⚪ #7 亨通光电 (600487) — HOLD
     综合评分: 60.9
     现价: 81.14 | 买入区: 82-115 | 目标: 145
     建议仓位: 0元 (0股 @ ~81.14)
     光纤光缆龙头，CPO光纤阵列(FAU)受益 — 防守型+补涨逻辑

  ⚪ #8 拓普集团 (601689) — HOLD
     综合评分: 60.9
     现价: 57.15 | 买入区: 80-105 | 目标: 135
     建议仓位: 0元 (0股 @ ~57.15)
     特斯拉Optimus执行器模组核心供应商 — 机器人+汽车双主线，公募持仓40亿+

  ⚪ #9 三花智控 (002050) — HOLD
     综合评分: 60.6
     现价: 43.69 | 买入区: 28-38 | 目标: 48
     建议仓位: 0元 (0股 @ ~43.69)
     热管理/执行器龙头 — 特斯拉供应链核心，公募持仓60亿+，机器人+汽零双驱动

  ⚪ #10 兴发集团 (600141) — HOLD
     综合评分: 60.4
     现价: 35.28 | 买入区: 30-36 | 目标: 44
     建议仓位: 0元 (0股 @ ~35.28)
     磷化工龙头，红磷/磷化学品用于CPO光对准和Rubin半导体热管理 — Serenity红磷主题映射

  ⚪ #11 华工科技 (000988) — TAKE_PROFIT
     综合评分: 58.8
     现价: 164.86 | 买入区: 130-165 | 目标: 220
     光模块+激光双主线，AI算力配套 — 激光器+光引擎赛道与SIVE逻辑高度重合

  ⚪ #12 剑桥科技 (603083) — HOLD
     综合评分: 56.7
     现价: 208.38 | 买入区: 155-190 | 目标: 270
     高速光模块弹性标的，800G/1.6T放量 — 受益于CPO光学引擎需求爆发

  ⚪ #13 云南锗业 (002428) — HOLD
     综合评分: 55.1
     现价: 104.26 | 买入区: 78-96 | 目标: 120
     锗衬底材料，CPO用InP衬底的替代表达 — Serenity持有AXTI的映射逻辑

  ⚪ #14 卧龙电驱 (600580) — HOLD
     综合评分: 50.8
     现价: 34.06 | 买入区: 18-25 | 目标: 32
     伺服电机龙头 — 机器人动力系统核心供应商，国产伺服替代受益

  ⚪ #15 中大力德 (002896) — WATCH
     综合评分: 47.6
     现价: 75.59 | 买入区: 35-48 | 目标: 62
     RV减速器+电机一体化 — 国产减速器替代，机器人关节核心部件

  ⚪ #16 中国巨石 (600176) — WATCH
     综合评分: 47.5
     现价: 58.72 | 买入区: 36-44 | 目标: 54
     玻纤/电子布全球龙头，AI服务器PCB基材需求爆发 — 6月金股(7家券商推荐)，同赛道宏和科技已20倍

  ⚪ #17 恒立液压 (601100) — WATCH
     综合评分: 47.4
     现价: 109.6 | 买入区: 55-72 | 目标: 92
     液压件龙头→人形机器人丝杠 — 技术壁垒高，国产替代+机器人新增量逻辑

  ⚪ #18 紫光股份 (000938) — WATCH
     综合评分: 43.5
     现价: 39.25 | 买入区: 22-30 | 目标: 38
     AI算力交换机龙头，新华三核心资产 — 数据中心交换机+服务器双主线，AI基建核心受益

  ⚪ #19 兆易创新 (603986) — WATCH
     综合评分: 43.4
     现价: 671.56 | 买入区: 410-505 | 目标: 625
     NOR Flash/DRAM，AI数据中心存储需求外溢 — Serenity重仓SNDK的映射逻辑

  ⚪ #20 士兰微 (600460) — WATCH
     综合评分: 43.3
     现价: 47.16 | 买入区: 28-34 | 目标: 42
     功率半导体IDM龙头，800VDC数据中心供电架构受益 — 映射Serenity NVTS/POWI功率半主题

=======================================================
  共 20 个信号 | 可用资金: 4949 元
=======================================================
[INFO   ] 市场状态: 震荡市 → [内核冻结] 忽略市场体制权重偏移，使用固定权重
[WARNING] ⚠️ 均值回归模式激活 — 负IC因子(动量/量能/技术面)将自动翻转
⏱️ 盘中监控 [10:33] — 检测 3 只持仓
触发 1 条预警

⚠️ [B] 华工科技: 止盈 T5: 10.0% ≥ 5%, 建议出 50%


✅ Serenity 看板已启动
   手机访问: https://resend-zone-cross.ngrok-free.dev/monitor

✅ Serenity 看板已启动
   手机访问: https://resend-zone-cross.ngrok-free.dev/monitor

✅ Serenity 看板已启动
   手机访问: https://resend-zone-cross.ngrok-free.dev/monitor

✅ Serenity 看板已启动
   手机访问: https://resend-zone-cross.ngrok-free.dev/monitor

✅ Serenity 看板已启动
   手机访问: https://resend-zone-cross.ngrok-free.dev/monitor

✅ Serenity 看板已启动
   手机访问: https://resend-zone-cross.ngrok-free.dev/monitor

✅ Serenity 看板已启动
   手机访问: https://resend-zone-cross.ngrok-free.dev/monitor

✅ Serenity 看板已启动
   手机访问: https://resend-zone-cross.ngrok-free.dev/monitor

✅ Serenity 看板已启动
   手机访问: https://resend-zone-cross.ngrok-free.dev/monitor

✅ Serenity 看板已启动
   手机访问: https://resend-zone-cross.ngrok-free.dev/monitor

✅ Serenity 看板已启动
   手机访问: https://resend-zone-cross.ngrok-free.dev/monitor

✅ Serenity 看板已启动
   手机访问: https://resend-zone-cross.ngrok-free.dev/monitor

✅ Serenity 看板已启动
   手机访问: https://resend-zone-cross.ngrok-free.dev/monitor

✅ Serenity 看板已启动
   手机访问: https://resend-zone-cross.ngrok-free.dev/monitor

✅ Serenity 看板已启动
   手机访问: https://resend-zone-cross.ngrok-free.dev/monitor

✅ Serenity 看板已启动
   手机访问: https://resend-zone-cross.ngrok-free.dev/monitor

✅ Serenity 看板已启动
   手机访问: https://resend-zone-cross.ngrok-free.dev/monitor

✅ Serenity 看板已启动
   手机访问: https://resend-zone-cross.ngrok-free.dev/monitor

✅ Serenity 看板已启动
   手机访问: https://resend-zone-cross.ngrok-free.dev/monitor

✅ Serenity 看板已启动
   手机访问: https://resend-zone-cross.ngrok-free.dev/monitor

✅ Serenity 看板已启动
   手机访问: https://resend-zone-cross.ngrok-free.dev/monitor

✅ Serenity 看板已启动
   手机访问: https://resend-zone-cross.ngrok-free.dev/monitor

✅ Serenity 看板已启动
   手机访问: https://resend-zone-cross.ngrok-free.dev/monitor

✅ Serenity 看板已启动
   手机访问: https://resend-zone-cross.ngrok-free.dev/monitor

✅ Serenity 看板已启动
   手机访问: https://resend-zone-cross.ngrok-free.dev/monitor

✅ Serenity 看板已启动
   手机访问: https://resend-zone-cross.ngrok-free.dev/monitor

✅ Serenity 看板已启动
   手机访问: https://resend-zone-cross.ngrok-free.dev/monitor

✅ Serenity 看板已启动
   手机访问: https://resend-zone-cross.ngrok-free.dev/monitor

✅ Serenity 看板已启动
   手机访问: https://resend-zone-cross.ngrok-free.dev/monitor

✅ Serenity 看板已启动
   手机访问: https://resend-zone-cross.ngrok-free.dev/monitor

✅ Serenity 看板已启动
   手机访问: https://resend-zone-cross.ngrok-free.dev/monitor

✅ Serenity 看板已启动
   手机访问: https://resend-zone-cross.ngrok-free.dev/monitor

✅ Serenity 看板已启动
   手机访问: https://resend-zone-cross.ngrok-free.dev/monitor

✅ Serenity 看板已启动
   手机访问: https://resend-zone-cross.ngrok-free.dev/monitor

✅ Serenity 看板已启动
   手机访问: https://resend-zone-cross.ngrok-free.dev/monitor

✅ Serenity 看板已启动
   手机访问: https://resend-zone-cross.ngrok-free.dev/monitor

✅ Serenity 看板已启动
   手机访问: https://resend-zone-cross.ngrok-free.dev/monitor

✅ Serenity 看板已启动
   手机访问: https://resend-zone-cross.ngrok-free.dev/monitor

✅ Serenity 看板已启动
   手机访问: https://resend-zone-cross.ngrok-free.dev/monitor

✅ Serenity 看板已启动
   手机访问: https://resend-zone-cross.ngrok-free.dev/monitor

✅ Serenity 看板已启动
   手机访问: https://resend-zone-cross.ngrok-free.dev/monitor

✅ Serenity 看板已启动
   手机访问: https://resend-zone-cross.ngrok-free.dev/monitor

✅ Serenity 看板已启动
   手机访问: https://resend-zone-cross.ngrok-free.dev/monitor

✅ Serenity 看板已启动
   手机访问: https://resend-zone-cross.ngrok-free.dev/monitor

✅ Serenity 看板已启动
   手机访问: https://resend-zone-cross.ngrok-free.dev/monitor

✅ Serenity 看板已启动
   手机访问: https://resend-zone-cross.ngrok-free.dev/monitor

✅ Serenity 看板已启动
   手机访问: https://resend-zone-cross.ngrok-free.dev/monitor

✅ Serenity 看板已启动
   手机访问: https://resend-zone-cross.ngrok-free.dev/monitor

✅ Serenity 看板已启动
   手机访问: https://resend-zone-cross.ngrok-free.dev/monitor

✅ Serenity 看板已启动
   手机访问: https://resend-zone-cross.ngrok-free.dev/monitor

✅ Serenity 看板已启动
   手机访问: https://resend-zone-cross.ngrok-free.dev/monitor

✅ Serenity 看板已启动
   手机访问: https://resend-zone-cross.ngrok-free.dev/monitor

✅ Serenity 看板已启动
   手机访问: https://resend-zone-cross.ngrok-free.dev/monitor

✅ Serenity 看板已启动
   手机访问: https://resend-zone-cross.ngrok-free.dev/monitor

✅ Serenity 看板已启动
   手机访问: https://resend-zone-cross.ngrok-free.dev/monitor

✅ Serenity 看板已启动
   手机访问: https://resend-zone-cross.ngrok-free.dev/monitor

✅ Serenity 看板已启动
   手机访问: https://resend-zone-cross.ngrok-free.dev/monitor

✅ Serenity 看板已启动
   手机访问: https://resend-zone-cross.ngrok-free.dev/monitor

✅ Serenity 看板已启动
   手机访问: https://resend-zone-cross.ngrok-free.dev/monitor

✅ Serenity 看板已启动
   手机访问: https://resend-zone-cross.ngrok-free.dev/monitor

✅ Serenity 看板已启动
   手机访问: https://resend-zone-cross.ngrok-free.dev/monitor

✅ Serenity 看板已启动
   手机访问: https://resend-zone-cross.ngrok-free.dev/monitor

✅ Serenity 看板已启动
   手机访问: https://resend-zone-cross.ngrok-free.dev/monitor

✅ Serenity 看板已启动
   手机访问: https://resend-zone-cross.ngrok-free.dev/monitor

✅ Serenity 看板已启动
   手机访问: https://resend-zone-cross.ngrok-free.dev/monitor

✅ Serenity 看板已启动
   手机访问: https://resend-zone-cross.ngrok-free.dev/monitor

✅ Serenity 看板已启动
   手机访问: https://resend-zone-cross.ngrok-free.dev/monitor

✅ Serenity 看板已启动
   手机访问: https://resend-zone-cross.ngrok-free.dev/monitor

✅ Serenity 看板已启动
   手机访问: https://resend-zone-cross.ngrok-free.dev/monitor

✅ Serenity 看板已启动
   手机访问: https://resend-zone-cross.ngrok-free.dev/monitor

✅ Serenity 看板已启动
   手机访问: https://resend-zone-cross.ngrok-free.dev/monitor

✅ Serenity 看板已启动
   手机访问: https://resend-zone-cross.ngrok-free.dev/monitor

✅ Serenity 看板已启动
   手机访问: https://resend-zone-cross.ngrok-free.dev/monitor

✅ Serenity 看板已启动
   手机访问: https://resend-zone-cross.ngrok-free.dev/monitor

✅ Serenity 看板已启动
   手机访问: https://resend-zone-cross.ngrok-free.dev/monitor

✅ Serenity 看板已启动
   手机访问: https://resend-zone-cross.ngrok-free.dev/monitor

✅ Serenity 看板已启动
   手机访问: https://resend-zone-cross.ngrok-free.dev/monitor

✅ Serenity 看板已启动
   手机访问: https://resend-zone-cross.ngrok-free.dev/monitor

✅ Serenity 看板已启动
   手机访问: https://resend-zone-cross.ngrok-free.dev/monitor

✅ Serenity 看板已启动
   手机访问: https://resend-zone-cross.ngrok-free.dev/monitor

✅ Serenity 看板已启动
   手机访问: https://resend-zone-cross.ngrok-free.dev/monitor

✅ Serenity 看板已启动
   手机访问: https://resend-zone-cross.ngrok-free.dev/monitor

✅ Serenity 看板已启动
   手机访问: https://resend-zone-cross.ngrok-free.dev/monitor

✅ Serenity 看板已启动
   手机访问: https://resend-zone-cross.ngrok-free.dev/monitor

✅ Serenity 看板已启动
   手机访问: https://resend-zone-cross.ngrok-free.dev/monitor

✅ Serenity 看板已启动
   手机访问: https://resend-zone-cross.ngrok-free.dev/monitor

✅ Serenity 看板已启动
   手机访问: https://resend-zone-cross.ngrok-free.dev/monitor

✅ Serenity 看板已启动
   手机访问: https://resend-zone-cross.ngrok-free.dev/monitor

✅ Serenity 看板已启动
   手机访问: https://resend-zone-cross.ngrok-free.dev/monitor

✅ Serenity 看板已启动
   手机访问: https://resend-zone-cross.ngrok-free.dev/monitor

✅ Serenity 看板已启动
   手机访问: https://resend-zone-cross.ngrok-free.dev/monitor

✅ Serenity 看板已启动
   手机访问: https://resend-zone-cross.ngrok-free.dev/monitor

✅ Serenity 看板已启动
   手机访问: https://resend-zone-cross.ngrok-free.dev/monitor

✅ Serenity 看板已启动
   手机访问: https://resend-zone-cross.ngrok-free.dev/monitor

✅ Serenity 看板已启动
   手机访问: https://resend-zone-cross.ngrok-free.dev/monitor

✅ Serenity 看板已启动
   手机访问: https://resend-zone-cross.ngrok-free.dev/monitor

✅ Serenity 看板已启动
   手机访问: https://resend-zone-cross.ngrok-free.dev/monitor

✅ Serenity 看板已启动
   手机访问: https://resend-zone-cross.ngrok-free.dev/monitor

✅ Serenity 看板已启动
   手机访问: https://resend-zone-cross.ngrok-free.dev/monitor

✅ Serenity 看板已启动
   手机访问: https://resend-zone-cross.ngrok-free.dev/monitor

✅ Serenity 看板已启动
   手机访问: https://resend-zone-cross.ngrok-free.dev/monitor

✅ Serenity 看板已启动
   手机访问: https://resend-zone-cross.ngrok-free.dev/monitor

✅ Serenity 看板已启动
   手机访问: https://resend-zone-cross.ngrok-free.dev/monitor

✅ Serenity 看板已启动
   手机访问: https://resend-zone-cross.ngrok-free.dev/monitor

✅ Serenity 看板已启动
   手机访问: https://resend-zone-cross.ngrok-free.dev/monitor

✅ Serenity 看板已启动
   手机访问: https://resend-zone-cross.ngrok-free.dev/monitor

✅ Serenity 看板已启动
   手机访问: https://resend-zone-cross.ngrok-free.dev/monitor

✅ Serenity 看板已启动
   手机访问: https://resend-zone-cross.ngrok-free.dev/monitor

✅ Serenity 看板已启动
   手机访问: https://resend-zone-cross.ngrok-free.dev/monitor

✅ Serenity 看板已启动
   手机访问: https://resend-zone-cross.ngrok-free.dev/monitor

✅ Serenity 看板已启动
   手机访问: https://resend-zone-cross.ngrok-free.dev/monitor

✅ Serenity 看板已启动
   手机访问: https://resend-zone-cross.ngrok-free.dev/monitor

✅ Serenity 看板已启动
   手机访问: https://resend-zone-cross.ngrok-free.dev/monitor

✅ Serenity 看板已启动
   手机访问: https://resend-zone-cross.ngrok-free.dev/monitor

✅ Serenity 看板已启动
   手机访问: https://resend-zone-cross.ngrok-free.dev/monitor

✅ Serenity 看板已启动
   手机访问: https://resend-zone-cross.ngrok-free.dev/monitor

✅ Serenity 看板已启动
   手机访问: https://resend-zone-cross.ngrok-free.dev/monitor

✅ Serenity 看板已启动
   手机访问: https://resend-zone-cross.ngrok-free.dev/monitor

✅ Serenity 看板已启动
   手机访问: https://resend-zone-cross.ngrok-free.dev/monitor

✅ Serenity 看板已启动
   手机访问: https://resend-zone-cross.ngrok-free.dev/monitor

✅ Serenity 看板已启动
   手机访问: https://resend-zone-cross.ngrok-free.dev/monitor

✅ Serenity 看板已启动
   手机访问: https://resend-zone-cross.ngrok-free.dev/monitor

✅ Serenity 看板已启动
   手机访问: https://resend-zone-cross.ngrok-free.dev/monitor

✅ Serenity 看板已启动
   手机访问: https://resend-zone-cross.ngrok-free.dev/monitor

✅ Serenity 看板已启动
   手机访问: https://resend-zone-cross.ngrok-free.dev/monitor

✅ Serenity 看板已启动
   手机访问: https://resend-zone-cross.ngrok-free.dev/monitor

✅ Serenity 看板已启动
   手机访问: https://resend-zone-cross.ngrok-free.dev/monitor

✅ Serenity 看板已启动
   手机访问: https://resend-zone-cross.ngrok-free.dev/monitor

✅ Serenity 看板已启动
   手机访问: https://resend-zone-cross.ngrok-free.dev/monitor

✅ Serenity 看板已启动
   手机访问: https://resend-zone-cross.ngrok-free.dev/monitor

✅ Serenity 看板已启动
   手机访问: https://resend-zone-cross.ngrok-free.dev/monitor

✅ Serenity 看板已启动
   手机访问: https://resend-zone-cross.ngrok-free.dev/monitor

✅ Serenity 看板已启动
   手机访问: https://resend-zone-cross.ngrok-free.dev/monitor

✅ Serenity 看板已启动
   手机访问: https://resend-zone-cross.ngrok-free.dev/monitor

✅ Serenity 看板已启动
   手机访问: https://resend-zone-cross.ngrok-free.dev/monitor

✅ Serenity 看板已启动
   手机访问: https://resend-zone-cross.ngrok-free.dev/monitor

✅ Serenity 看板已启动
   手机访问: https://resend-zone-cross.ngrok-free.dev/monitor

✅ Serenity 看板已启动
   手机访问: https://resend-zone-cross.ngrok-free.dev/monitor

✅ Serenity 看板已启动
   手机访问: https://resend-zone-cross.ngrok-free.dev/monitor

✅ Serenity 看板已启动
   手机访问: https://resend-zone-cross.ngrok-free.dev/monitor

✅ Serenity 看板已启动
   手机访问: https://resend-zone-cross.ngrok-free.dev/monitor

✅ Serenity 看板已启动
   手机访问: https://resend-zone-cross.ngrok-free.dev/monitor

✅ Serenity 看板已启动
   手机访问: https://resend-zone-cross.ngrok-free.dev/monitor

✅ Serenity 看板已启动
   手机访问: https://resend-zone-cross.ngrok-free.dev/monitor

✅ Serenity 看板已启动
   手机访问: https://resend-zone-cross.ngrok-free.dev/monitor

✅ Serenity 看板已启动
   手机访问: https://resend-zone-cross.ngrok-free.dev/monitor

✅ Serenity 看板已启动
   手机访问: https://resend-zone-cross.ngrok-free.dev/monitor

✅ Serenity 看板已启动
   手机访问: https://resend-zone-cross.ngrok-free.dev/monitor

✅ Serenity 看板已启动
   手机访问: https://resend-zone-cross.ngrok-free.dev/monitor

✅ Serenity 看板已启动
   手机访问: https://resend-zone-cross.ngrok-free.dev/monitor

✅ Serenity 看板已启动
   手机访问: https://resend-zone-cross.ngrok-free.dev/monitor

✅ Serenity 看板已启动
   手机访问: https://resend-zone-cross.ngrok-free.dev/monitor

✅ Serenity 看板已启动
   手机访问: https://resend-zone-cross.ngrok-free.dev/monitor

✅ Serenity 看板已启动
   手机访问: https://resend-zone-cross.ngrok-free.dev/monitor
[INFO   ] 市场状态: 震荡市 → [内核冻结] 忽略市场体制权重偏移，使用固定权重
[WARNING] ⚠️ 均值回归模式激活 — 负IC因子(动量/量能/技术面)将自动翻转

✅ Serenity 看板已启动
   手机访问: https://resend-zone-cross.ngrok-free.dev/monitor
[WARNING] _fetch_page 失败(第1/2次): timed out, 0.9s后重试
[WARNING] _fetch_page 失败(第1/2次): timed out, 0.7s后重试
[INFO   ] 🔧 [MR模式] 因子翻转激活: ['factor', 'moat', 'technical', 'volume']
[INFO   ] 🔧 [MR模式] 因子翻转激活: ['factor', 'moat', 'technical', 'volume']

✅ Serenity 看板已启动
   手机访问: https://resend-zone-cross.ngrok-free.dev/monitor
[INFO   ] 🔧 [MR模式] 因子翻转激活: ['factor', 'moat', 'technical', 'volume']
[INFO   ] 🔧 [MR模式] 因子翻转激活: ['factor', 'moat', 'technical', 'volume']
[INFO   ] 🔧 [MR模式] 因子翻转激活: ['factor', 'moat', 'technical', 'volume']
[INFO   ] 🔧 [MR模式] 因子翻转激活: ['factor', 'moat', 'technical', 'volume']
[INFO   ] 🔧 [MR模式] 因子翻转激活: ['factor', 'moat', 'technical', 'volume']
[INFO   ] 🔧 [MR模式] 因子翻转激活: ['factor', 'moat', 'technical', 'volume']
[INFO   ] 🔧 [MR模式] 因子翻转激活: ['factor', 'moat', 'technical', 'volume']
[INFO   ] 🔧 [MR模式] 因子翻转激活: ['factor', 'moat', 'technical', 'volume']
[INFO   ] 🔧 [MR模式] 因子翻转激活: ['factor', 'moat', 'technical', 'volume']
[INFO   ] 🔧 [MR模式] 因子翻转激活: ['factor', 'moat', 'technical', 'volume']
[INFO   ] 🔧 [MR模式] 因子翻转激活: ['factor', 'moat', 'technical', 'volume']
[INFO   ] 🔧 [MR模式] 因子翻转激活: ['factor', 'moat', 'technical', 'volume']
[INFO   ] 🔧 [MR模式] 因子翻转激活: ['factor', 'moat', 'technical', 'volume']
[INFO   ] 🔧 [MR模式] 因子翻转激活: ['factor', 'moat', 'technical', 'volume']
[INFO   ] 🔧 [MR模式] 因子翻转激活: ['factor', 'moat', 'technical', 'volume']
[INFO   ] 🔧 [MR模式] 因子翻转激活: ['factor', 'moat', 'technical', 'volume']
[INFO   ] 🔧 [MR模式] 因子翻转激活: ['factor', 'moat', 'technical', 'volume']
[INFO   ] 🔧 [MR模式] 因子翻转激活: ['factor', 'moat', 'technical', 'volume']

✅ Serenity 看板已启动
   手机访问: https://resend-zone-cross.ngrok-free.dev/monitor
[INFO   ]   🟡 CAUTION_BUY 精筛拦截 亨通光电: 量能确认:缩量0.0x MA20
[INFO   ]   🛡️ 非持仓SELL降级 士兰微: SELL → WATCH (历史胜率仅20%)
[INFO   ]   🛡️ 非持仓SELL降级 中国巨石: SELL → WATCH (历史胜率仅20%)
[INFO   ]   🟡 CAUTION_BUY 精筛拦截 海螺水泥: 量能确认:缩量0.0x MA20; 动量底线[MR]:动量分75(15-65期望)
[INFO   ]   🟡 CAUTION_BUY 精筛拦截 大秦铁路: 量能确认:缩量0.0x MA20; 动量底线[MR]:动量分85(15-65期望)

✅ Serenity 看板已启动
   手机访问: https://resend-zone-cross.ngrok-free.dev/monitor
[INFO   ]   🛡️ 非持仓SELL降级 紫光股份: SELL → WATCH (历史胜率仅20%)
[INFO   ]   🛡️ 非持仓SELL降级 恒立液压: SELL → WATCH (历史胜率仅20%)
[INFO   ]   🛡️ 非持仓SELL降级 卧龙电驱: SELL → WATCH (历史胜率仅20%)
[INFO   ]   🛡️ 非持仓SELL降级 中大力德: SELL → WATCH (历史胜率仅20%)

✅ Serenity 看板已启动
   手机访问: https://resend-zone-cross.ngrok-free.dev/monitor
2026-07-10 11:00:50,721 [INFO] HTTP Request: GET http://qt.gtimg.cn/q=sz000988,sh600036 "HTTP/1.1 200 OK"
2026-07-10 11:00:50,785 [DEBUG] 审计记录写入: 3bbad6d65b1f40b3 002281 CAUTION_BUY score=60
2026-07-10 11:00:57,905 [INFO] HTTP Request: GET http://qt.gtimg.cn/q=sz000988,sh600036 "HTTP/1.1 200 OK"
2026-07-10 11:00:57,933 [DEBUG] 审计记录写入: 05058a33163745d9 000988 HOLD score=59

✅ Serenity 看板已启动
   手机访问: https://resend-zone-cross.ngrok-free.dev/monitor
2026-07-10 11:01:03,972 [INFO] HTTP Request: GET http://qt.gtimg.cn/q=sz000988,sh600036 "HTTP/1.1 200 OK"
2026-07-10 11:01:03,997 [DEBUG] 审计记录写入: b42ad372361e46e9 600141 HOLD score=57

✅ Serenity 看板已启动
   手机访问: https://resend-zone-cross.ngrok-free.dev/monitor
2026-07-10 11:01:10,635 [INFO] HTTP Request: GET http://qt.gtimg.cn/q=sz000988,sh600036 "HTTP/1.1 200 OK"
2026-07-10 11:01:10,662 [DEBUG] 审计记录写入: 9a703ae4f52c43c2 603083 HOLD score=56
2026-07-10 11:01:17,302 [INFO] HTTP Request: GET http://qt.gtimg.cn/q=sz000988,sh600036 "HTTP/1.1 200 OK"
2026-07-10 11:01:17,328 [DEBUG] 审计记录写入: 7c8eccf1f0e14785 600487 CAUTION_BUY score=63

✅ Serenity 看板已启动
   手机访问: https://resend-zone-cross.ngrok-free.dev/monitor
2026-07-10 11:01:23,760 [INFO] HTTP Request: GET http://qt.gtimg.cn/q=sz000988,sh600036 "HTTP/1.1 200 OK"
2026-07-10 11:01:23,790 [DEBUG] 审计记录写入: d192aaf151444722 002428 HOLD score=55
2026-07-10 11:01:29,934 [INFO] HTTP Request: GET http://qt.gtimg.cn/q=sz000988,sh600036 "HTTP/1.1 200 OK"
2026-07-10 11:01:29,965 [DEBUG] 审计记录写入: 1faceec464b947fa 600460 SELL score=44

✅ Serenity 看板已启动
   手机访问: https://resend-zone-cross.ngrok-free.dev/monitor
2026-07-10 11:01:36,018 [INFO] HTTP Request: GET http://qt.gtimg.cn/q=sz000988,sh600036 "HTTP/1.1 200 OK"
2026-07-10 11:01:36,042 [DEBUG] 审计记录写入: bea5bd175b5d49d7 603986 WATCH score=50

✅ Serenity 看板已启动
   手机访问: https://resend-zone-cross.ngrok-free.dev/monitor
2026-07-10 11:01:42,683 [INFO] HTTP Request: GET http://qt.gtimg.cn/q=sz000988,sh600036 "HTTP/1.1 200 OK"
2026-07-10 11:01:42,716 [DEBUG] 审计记录写入: 3024b289e7374744 600176 SELL score=42
2026-07-10 11:01:48,885 [INFO] HTTP Request: GET http://qt.gtimg.cn/q=sz000988,sh600036 "HTTP/1.1 200 OK"
2026-07-10 11:01:48,913 [DEBUG] 审计记录写入: fcc26205dc3c46aa 600036 BUY score=69

✅ Serenity 看板已启动
   手机访问: https://resend-zone-cross.ngrok-free.dev/monitor
2026-07-10 11:01:55,288 [INFO] HTTP Request: GET http://qt.gtimg.cn/q=sz000988,sh600036 "HTTP/1.1 200 OK"
2026-07-10 11:01:55,313 [DEBUG] 审计记录写入: 2b281d40fae94fdd 600585 CAUTION_BUY score=64
2026-07-10 11:02:01,394 [INFO] HTTP Request: GET http://qt.gtimg.cn/q=sz000988,sh600036 "HTTP/1.1 200 OK"
2026-07-10 11:02:01,422 [DEBUG] 审计记录写入: f5f7dc8c410f47c9 600900 CAUTION_BUY score=62

✅ Serenity 看板已启动
   手机访问: https://resend-zone-cross.ngrok-free.dev/monitor
2026-07-10 11:02:07,634 [INFO] HTTP Request: GET http://qt.gtimg.cn/q=sz000988,sh600036 "HTTP/1.1 200 OK"
2026-07-10 11:02:07,660 [DEBUG] 审计记录写入: a7b0bd01a60a4ad6 601398 CAUTION_BUY score=69

✅ Serenity 看板已启动
   手机访问: https://resend-zone-cross.ngrok-free.dev/monitor
2026-07-10 11:02:14,189 [INFO] HTTP Request: GET http://qt.gtimg.cn/q=sz000988,sh600036 "HTTP/1.1 200 OK"
2026-07-10 11:02:14,212 [DEBUG] 审计记录写入: bac9eac014804be0 601006 BUY score=67
2026-07-10 11:02:20,478 [INFO] HTTP Request: GET http://qt.gtimg.cn/q=sz000988,sh600036 "HTTP/1.1 200 OK"
2026-07-10 11:02:20,505 [DEBUG] 审计记录写入: aea89c776a1b47f8 000938 SELL score=44

✅ Serenity 看板已启动
   手机访问: https://resend-zone-cross.ngrok-free.dev/monitor
2026-07-10 11:02:26,615 [INFO] HTTP Request: GET http://qt.gtimg.cn/q=sz000988,sh600036 "HTTP/1.1 200 OK"
2026-07-10 11:02:26,644 [DEBUG] 审计记录写入: 67b11a1e3f4c40c3 601689 HOLD score=59
2026-07-10 11:02:33,063 [INFO] HTTP Request: GET http://qt.gtimg.cn/q=sz000988,sh600036 "HTTP/1.1 200 OK"
2026-07-10 11:02:33,095 [DEBUG] 审计记录写入: 7a5e10eb70184f71 002050 HOLD score=54

✅ Serenity 看板已启动
   手机访问: https://resend-zone-cross.ngrok-free.dev/monitor
2026-07-10 11:02:39,526 [INFO] HTTP Request: GET http://qt.gtimg.cn/q=sz000988,sh600036 "HTTP/1.1 200 OK"
2026-07-10 11:02:39,554 [DEBUG] 审计记录写入: 347514e68cf34509 601100 SELL score=42

✅ Serenity 看板已启动
   手机访问: https://resend-zone-cross.ngrok-free.dev/monitor
2026-07-10 11:02:45,668 [INFO] HTTP Request: GET http://qt.gtimg.cn/q=sz000988,sh600036 "HTTP/1.1 200 OK"
2026-07-10 11:02:45,697 [DEBUG] 审计记录写入: dd42cef4c5bd46a1 600580 SELL score=45
2026-07-10 11:02:52,221 [INFO] HTTP Request: GET http://qt.gtimg.cn/q=sz000988,sh600036 "HTTP/1.1 200 OK"
2026-07-10 11:02:52,250 [DEBUG] 审计记录写入: 38521dfcd33448a8 002896 SELL score=42

✅ Serenity 看板已启动
   手机访问: https://resend-zone-cross.ngrok-free.dev/monitor
2026-07-10 11:02:55,597 [INFO] HTTP Request: GET http://qt.gtimg.cn/q=sz002281,sz000988,sh600141,sh603083,sh600487,sz002428,sh600460,sh603986,sh600176,sh600036,sh600585,sh600900,sh601398,sh601006,sz000938,sh601689,sz002050,sh601100,sh600580,sz002896 "HTTP/1.1 200 OK"
2026-07-10 11:02:56,553 [INFO] HTTP Request: GET http://qt.gtimg.cn/q=sz000988,sh600036 "HTTP/1.1 200 OK"
[INFO   ]   🟡 CAUTION_BUY 精筛拦截 光迅科技: 量能确认:缩量0.0x MA20
2026-07-10 11:02:56,575 [INFO]   🟡 CAUTION_BUY 精筛拦截 光迅科技: 量能确认:缩量0.0x MA20
2026-07-10 11:02:57,546 [INFO] HTTP Request: GET http://qt.gtimg.cn/q=sz000988,sh600036 "HTTP/1.1 200 OK"
2026-07-10 11:02:58,552 [INFO] HTTP Request: GET http://qt.gtimg.cn/q=sz000988,sh600036 "HTTP/1.1 200 OK"
2026-07-10 11:02:59,515 [INFO] HTTP Request: GET http://qt.gtimg.cn/q=sz000988,sh600036 "HTTP/1.1 200 OK"
2026-07-10 11:03:00,822 [INFO] HTTP Request: GET http://qt.gtimg.cn/q=sz000988,sh600036 "HTTP/1.1 200 OK"
[INFO   ]   🟡 CAUTION_BUY 精筛拦截 亨通光电: 量能确认:缩量0.0x MA20; 动量底线[MR]:动量分75(15-65期望)
2026-07-10 11:03:00,850 [INFO]   🟡 CAUTION_BUY 精筛拦截 亨通光电: 量能确认:缩量0.0x MA20; 动量底线[MR]:动量分75(15-65期望)
2026-07-10 11:03:01,821 [INFO] HTTP Request: GET http://qt.gtimg.cn/q=sz000988,sh600036 "HTTP/1.1 200 OK"
2026-07-10 11:03:02,795 [INFO] HTTP Request: GET http://qt.gtimg.cn/q=sz000988,sh600036 "HTTP/1.1 200 OK"
[INFO   ]   🛡️ 非持仓SELL降级 士兰微: SELL → WATCH (历史胜率仅20%)
2026-07-10 11:03:02,817 [INFO]   🛡️ 非持仓SELL降级 士兰微: SELL → WATCH (历史胜率仅20%)
2026-07-10 11:03:03,805 [INFO] HTTP Request: GET http://qt.gtimg.cn/q=sz000988,sh600036 "HTTP/1.1 200 OK"

✅ Serenity 看板已启动
   手机访问: https://resend-zone-cross.ngrok-free.dev/monitor
2026-07-10 11:03:04,919 [INFO] HTTP Request: GET http://qt.gtimg.cn/q=sz000988,sh600036 "HTTP/1.1 200 OK"
[INFO   ]   🛡️ 非持仓SELL降级 中国巨石: SELL → WATCH (历史胜率仅20%)
2026-07-10 11:03:04,934 [INFO]   🛡️ 非持仓SELL降级 中国巨石: SELL → WATCH (历史胜率仅20%)
2026-07-10 11:03:05,886 [INFO] HTTP Request: GET http://qt.gtimg.cn/q=sz000988,sh600036 "HTTP/1.1 200 OK"
2026-07-10 11:03:06,856 [INFO] HTTP Request: GET http://qt.gtimg.cn/q=sz000988,sh600036 "HTTP/1.1 200 OK"
[INFO   ]   🟡 CAUTION_BUY 精筛拦截 海螺水泥: 量能确认:缩量0.0x MA20; 动量底线[MR]:动量分75(15-65期望)
2026-07-10 11:03:06,886 [INFO]   🟡 CAUTION_BUY 精筛拦截 海螺水泥: 量能确认:缩量0.0x MA20; 动量底线[MR]:动量分75(15-65期望)
2026-07-10 11:03:07,888 [INFO] HTTP Request: GET http://qt.gtimg.cn/q=sz000988,sh600036 "HTTP/1.1 200 OK"
2026-07-10 11:03:08,859 [INFO] HTTP Request: GET http://qt.gtimg.cn/q=sz000988,sh600036 "HTTP/1.1 200 OK"
2026-07-10 11:03:09,829 [INFO] HTTP Request: GET http://qt.gtimg.cn/q=sz000988,sh600036 "HTTP/1.1 200 OK"
2026-07-10 11:03:10,736 [INFO] HTTP Request: GET http://qt.gtimg.cn/q=sz000988,sh600036 "HTTP/1.1 200 OK"
2026-07-10 11:03:11,626 [INFO] HTTP Request: GET http://qt.gtimg.cn/q=sh601006 "HTTP/1.1 200 OK"
2026-07-10 11:03:12,575 [INFO] HTTP Request: GET http://qt.gtimg.cn/q=sz000988,sh600036 "HTTP/1.1 200 OK"
[INFO   ]   🛡️ 非持仓SELL降级 紫光股份: SELL → WATCH (历史胜率仅20%)
2026-07-10 11:03:12,599 [INFO]   🛡️ 非持仓SELL降级 紫光股份: SELL → WATCH (历史胜率仅20%)
2026-07-10 11:03:13,565 [INFO] HTTP Request: GET http://qt.gtimg.cn/q=sz000988,sh600036 "HTTP/1.1 200 OK"
2026-07-10 11:03:14,580 [INFO] HTTP Request: GET http://qt.gtimg.cn/q=sz000988,sh600036 "HTTP/1.1 200 OK"

✅ Serenity 看板已启动
   手机访问: https://resend-zone-cross.ngrok-free.dev/monitor
2026-07-10 11:03:15,568 [INFO] HTTP Request: GET http://qt.gtimg.cn/q=sz000988,sh600036 "HTTP/1.1 200 OK"
[INFO   ]   🛡️ 非持仓SELL降级 恒立液压: SELL → WATCH (历史胜率仅20%)
2026-07-10 11:03:15,591 [INFO]   🛡️ 非持仓SELL降级 恒立液压: SELL → WATCH (历史胜率仅20%)
2026-07-10 11:03:16,546 [INFO] HTTP Request: GET http://qt.gtimg.cn/q=sz000988,sh600036 "HTTP/1.1 200 OK"
[INFO   ]   🛡️ 非持仓SELL降级 卧龙电驱: SELL → WATCH (历史胜率仅20%)
2026-07-10 11:03:16,566 [INFO]   🛡️ 非持仓SELL降级 卧龙电驱: SELL → WATCH (历史胜率仅20%)
2026-07-10 11:03:17,508 [INFO] HTTP Request: GET http://qt.gtimg.cn/q=sz000988,sh600036 "HTTP/1.1 200 OK"
[INFO   ]   🛡️ 非持仓SELL降级 中大力德: SELL → WATCH (历史胜率仅20%)
2026-07-10 11:03:17,532 [INFO]   🛡️ 非持仓SELL降级 中大力德: SELL → WATCH (历史胜率仅20%)
=======================================================
  📡 Serenity 交易信号 | 2026-07-10
=======================================================

  🟢 #1 工商银行 (601398) — CAUTION_BUY
     综合评分: 72.4
     现价: 7.29 | 买入区: 7-8 | 目标: 10
     建议仓位: 0元 (0股 @ ~7.29)
     全球最大银行，股息率5%+ — 国家队护盘标的，系统性重要 | 多周期共振[5d+20d↑] | 多周期共振[5d+20d↑]

  ⚪ #2 招商银行 (600036) — STRONG_HOLD
     综合评分: 68.8
     现价: 36.82 | 买入区: 34-42 | 目标: 52
     零售银行龙头，高股息防御 — 震荡市资金避风港，ROE行业领先

  🟢🟢 #3 大秦铁路 (601006) — BUY
     综合评分: 67.2
     现价: 4.67 | 买入区: 4-5 | 目标: 7
     建议仓位: 4203元 (900股 @ ~4.67)
     煤炭运输专线，稳定现金流 — 高股息+低波动，红利策略核心

  ⚪ #4 长江电力 (600900) — HOLD
     综合评分: 65.3
     现价: 27.91 | 买入区: 24-30 | 目标: 36
     建议仓位: 0元 (0股 @ ~27.91)
     水电绝对龙头，现金流稳定 — 类债券属性，极端行情避险首选 | 多周期共振[5d+20d↑]

  ⚪ #5 海螺水泥 (600585) — HOLD
     综合评分: 64.4
     现价: 17.03 | 买入区: 16-20 | 目标: 24
     建议仓位: 0元 (0股 @ ~17.03)
     水泥龙头+高分红 — 基建稳增长受益，低估值防御属性强

  ⚪ #6 亨通光电 (600487) — HOLD
     综合评分: 63.0
     现价: 81.35 | 买入区: 82-115 | 目标: 145
     建议仓位: 0元 (0股 @ ~81.35)
     光纤光缆龙头，CPO光纤阵列(FAU)受益 — 防守型+补涨逻辑

  ⚪ #7 光迅科技 (002281) — HOLD
     综合评分: 60.5
     现价: 245.22 | 买入区: 175-220 | 目标: 300
     建议仓位: 0元 (0股 @ ~245.22)
     光器件全产业链龙头，AI光互联核心受益 — CPO检测/FAU直接映射Serenity的SIVE瓶颈逻辑

  ⚪ #8 华工科技 (000988) — TAKE_PROFIT
     综合评分: 59.4
     现价: 163.7 | 买入区: 130-165 | 目标: 220
     光模块+激光双主线，AI算力配套 — 激光器+光引擎赛道与SIVE逻辑高度重合

  ⚪ #9 拓普集团 (601689) — HOLD
     综合评分: 59.2
     现价: 58.11 | 买入区: 80-105 | 目标: 135
     特斯拉Optimus执行器模组核心供应商 — 机器人+汽车双主线，公募持仓40亿+

  ⚪ #10 兴发集团 (600141) — HOLD
     综合评分: 57.0
     现价: 35.22 | 买入区: 30-36 | 目标: 44
     磷化工龙头，红磷/磷化学品用于CPO光对准和Rubin半导体热管理 — Serenity红磷主题映射

  ⚪ #11 剑桥科技 (603083) — HOLD
     综合评分: 56.5
     现价: 208.79 | 买入区: 155-190 | 目标: 270
     高速光模块弹性标的，800G/1.6T放量 — 受益于CPO光学引擎需求爆发

  ⚪ #12 云南锗业 (002428) — HOLD
     综合评分: 55.1
     现价: 104.04 | 买入区: 78-96 | 目标: 120
     锗衬底材料，CPO用InP衬底的替代表达 — Serenity持有AXTI的映射逻辑

  ⚪ #13 三花智控 (002050) — HOLD
     综合评分: 54.5
     现价: 44.12 | 买入区: 28-38 | 目标: 48
     热管理/执行器龙头 — 特斯拉供应链核心，公募持仓60亿+，机器人+汽零双驱动

  ⚪ #14 兆易创新 (603986) — WATCH
     综合评分: 49.8
     现价: 666.24 | 买入区: 410-505 | 目标: 625
     NOR Flash/DRAM，AI数据中心存储需求外溢 — Serenity重仓SNDK的映射逻辑

  ⚪ #15 卧龙电驱 (600580) — WATCH
     综合评分: 44.6
     现价: 34.26 | 买入区: 18-25 | 目标: 32
     伺服电机龙头 — 机器人动力系统核心供应商，国产伺服替代受益

  ⚪ #16 士兰微 (600460) — WATCH
     综合评分: 43.6
     现价: 46.93 | 买入区: 28-34 | 目标: 42
     功率半导体IDM龙头，800VDC数据中心供电架构受益 — 映射Serenity NVTS/POWI功率半主题

  ⚪ #17 紫光股份 (000938) — WATCH
     综合评分: 43.5
     现价: 39.25 | 买入区: 22-30 | 目标: 38
     AI算力交换机龙头，新华三核心资产 — 数据中心交换机+服务器双主线，AI基建核心受益

  ⚪ #18 中国巨石 (600176) — WATCH
     综合评分: 42.3
     现价: 58.13 | 买入区: 36-44 | 目标: 54
     玻纤/电子布全球龙头，AI服务器PCB基材需求爆发 — 6月金股(7家券商推荐)，同赛道宏和科技已20倍

  ⚪ #19 恒立液压 (601100) — WATCH
     综合评分: 41.7
     现价: 110.25 | 买入区: 55-72 | 目标: 92
     液压件龙头→人形机器人丝杠 — 技术壁垒高，国产替代+机器人新增量逻辑

  ⚪ #20 中大力德 (002896) — WATCH
     综合评分: 41.5
     现价: 76.82 | 买入区: 35-48 | 目标: 62
     RV减速器+电机一体化 — 国产减速器替代，机器人关节核心部件

=======================================================
  共 20 个信号 | 可用资金: 4949 元
=======================================================
[INFO   ] 市场状态: 震荡市 → [内核冻结] 忽略市场体制权重偏移，使用固定权重
[WARNING] ⚠️ 均值回归模式激活 — 负IC因子(动量/量能/技术面)将自动翻转
⏱️ 盘中监控 [11:03] — 检测 3 只持仓
触发 1 条预警

⚠️ [B] 华工科技: 止盈 T5: 9.3% ≥ 5%, 建议出 50%


✅ Serenity 看板已启动
   手机访问: https://resend-zone-cross.ngrok-free.dev/monitor

✅ Serenity 看板已启动
   手机访问: https://resend-zone-cross.ngrok-free.dev/monitor

✅ Serenity 看板已启动
   手机访问: https://resend-zone-cross.ngrok-free.dev/monitor

✅ Serenity 看板已启动
   手机访问: https://resend-zone-cross.ngrok-free.dev/monitor

✅ Serenity 看板已启动
   手机访问: https://resend-zone-cross.ngrok-free.dev/monitor

✅ Serenity 看板已启动
   手机访问: https://resend-zone-cross.ngrok-free.dev/monitor

✅ Serenity 看板已启动
   手机访问: https://resend-zone-cross.ngrok-free.dev/monitor

✅ Serenity 看板已启动
   手机访问: https://resend-zone-cross.ngrok-free.dev/monitor

✅ Serenity 看板已启动
   手机访问: https://resend-zone-cross.ngrok-free.dev/monitor

✅ Serenity 看板已启动
   手机访问: https://resend-zone-cross.ngrok-free.dev/monitor

✅ Serenity 看板已启动
   手机访问: https://resend-zone-cross.ngrok-free.dev/monitor

✅ Serenity 看板已启动
   手机访问: https://resend-zone-cross.ngrok-free.dev/monitor

✅ Serenity 看板已启动
   手机访问: https://resend-zone-cross.ngrok-free.dev/monitor

✅ Serenity 看板已启动
   手机访问: https://resend-zone-cross.ngrok-free.dev/monitor

✅ Serenity 看板已启动
   手机访问: https://resend-zone-cross.ngrok-free.dev/monitor

✅ Serenity 看板已启动
   手机访问: https://resend-zone-cross.ngrok-free.dev/monitor

✅ Serenity 看板已启动
   手机访问: https://resend-zone-cross.ngrok-free.dev/monitor

✅ Serenity 看板已启动
   手机访问: https://resend-zone-cross.ngrok-free.dev/monitor

✅ Serenity 看板已启动
   手机访问: https://resend-zone-cross.ngrok-free.dev/monitor

✅ Serenity 看板已启动
   手机访问: https://resend-zone-cross.ngrok-free.dev/monitor

✅ Serenity 看板已启动
   手机访问: https://resend-zone-cross.ngrok-free.dev/monitor

✅ Serenity 看板已启动
   手机访问: https://resend-zone-cross.ngrok-free.dev/monitor

✅ Serenity 看板已启动
   手机访问: https://resend-zone-cross.ngrok-free.dev/monitor

✅ Serenity 看板已启动
   手机访问: https://resend-zone-cross.ngrok-free.dev/monitor

✅ Serenity 看板已启动
   手机访问: https://resend-zone-cross.ngrok-free.dev/monitor

✅ Serenity 看板已启动
   手机访问: https://resend-zone-cross.ngrok-free.dev/monitor

✅ Serenity 看板已启动
   手机访问: https://resend-zone-cross.ngrok-free.dev/monitor

✅ Serenity 看板已启动
   手机访问: https://resend-zone-cross.ngrok-free.dev/monitor

✅ Serenity 看板已启动
   手机访问: https://resend-zone-cross.ngrok-free.dev/monitor

✅ Serenity 看板已启动
   手机访问: https://resend-zone-cross.ngrok-free.dev/monitor

✅ Serenity 看板已启动
   手机访问: https://resend-zone-cross.ngrok-free.dev/monitor

✅ Serenity 看板已启动
   手机访问: https://resend-zone-cross.ngrok-free.dev/monitor

✅ Serenity 看板已启动
   手机访问: https://resend-zone-cross.ngrok-free.dev/monitor

✅ Serenity 看板已启动
   手机访问: https://resend-zone-cross.ngrok-free.dev/monitor

✅ Serenity 看板已启动
   手机访问: https://resend-zone-cross.ngrok-free.dev/monitor

✅ Serenity 看板已启动
   手机访问: https://resend-zone-cross.ngrok-free.dev/monitor

✅ Serenity 看板已启动
   手机访问: https://resend-zone-cross.ngrok-free.dev/monitor

✅ Serenity 看板已启动
   手机访问: https://resend-zone-cross.ngrok-free.dev/monitor

✅ Serenity 看板已启动
   手机访问: https://resend-zone-cross.ngrok-free.dev/monitor

✅ Serenity 看板已启动
   手机访问: https://resend-zone-cross.ngrok-free.dev/monitor

✅ Serenity 看板已启动
   手机访问: https://resend-zone-cross.ngrok-free.dev/monitor

✅ Serenity 看板已启动
   手机访问: https://resend-zone-cross.ngrok-free.dev/monitor

✅ Serenity 看板已启动
   手机访问: https://resend-zone-cross.ngrok-free.dev/monitor

✅ Serenity 看板已启动
   手机访问: https://resend-zone-cross.ngrok-free.dev/monitor

✅ Serenity 看板已启动
   手机访问: https://resend-zone-cross.ngrok-free.dev/monitor

✅ Serenity 看板已启动
   手机访问: https://resend-zone-cross.ngrok-free.dev/monitor

✅ Serenity 看板已启动
   手机访问: https://resend-zone-cross.ngrok-free.dev/monitor

✅ Serenity 看板已启动
   手机访问: https://resend-zone-cross.ngrok-free.dev/monitor

✅ Serenity 看板已启动
   手机访问: https://resend-zone-cross.ngrok-free.dev/monitor

✅ Serenity 看板已启动
   手机访问: https://resend-zone-cross.ngrok-free.dev/monitor

✅ Serenity 看板已启动
   手机访问: https://resend-zone-cross.ngrok-free.dev/monitor

✅ Serenity 看板已启动
   手机访问: https://resend-zone-cross.ngrok-free.dev/monitor

✅ Serenity 看板已启动
   手机访问: https://resend-zone-cross.ngrok-free.dev/monitor

✅ Serenity 看板已启动
   手机访问: https://resend-zone-cross.ngrok-free.dev/monitor

✅ Serenity 看板已启动
   手机访问: https://resend-zone-cross.ngrok-free.dev/monitor

✅ Serenity 看板已启动
   手机访问: https://resend-zone-cross.ngrok-free.dev/monitor

✅ Serenity 看板已启动
   手机访问: https://resend-zone-cross.ngrok-free.dev/monitor

✅ Serenity 看板已启动
   手机访问: https://resend-zone-cross.ngrok-free.dev/monitor

✅ Serenity 看板已启动
   手机访问: https://resend-zone-cross.ngrok-free.dev/monitor

✅ Serenity 看板已启动
   手机访问: https://resend-zone-cross.ngrok-free.dev/monitor

✅ Serenity 看板已启动
   手机访问: https://resend-zone-cross.ngrok-free.dev/monitor

✅ Serenity 看板已启动
   手机访问: https://resend-zone-cross.ngrok-free.dev/monitor

✅ Serenity 看板已启动
   手机访问: https://resend-zone-cross.ngrok-free.dev/monitor

✅ Serenity 看板已启动
   手机访问: https://resend-zone-cross.ngrok-free.dev/monitor

✅ Serenity 看板已启动
   手机访问: https://resend-zone-cross.ngrok-free.dev/monitor

✅ Serenity 看板已启动
   手机访问: https://resend-zone-cross.ngrok-free.dev/monitor

✅ Serenity 看板已启动
   手机访问: https://resend-zone-cross.ngrok-free.dev/monitor

✅ Serenity 看板已启动
   手机访问: https://resend-zone-cross.ngrok-free.dev/monitor

✅ Serenity 看板已启动
   手机访问: https://resend-zone-cross.ngrok-free.dev/monitor

✅ Serenity 看板已启动
   手机访问: https://resend-zone-cross.ngrok-free.dev/monitor

✅ Serenity 看板已启动
   手机访问: https://resend-zone-cross.ngrok-free.dev/monitor

✅ Serenity 看板已启动
   手机访问: https://resend-zone-cross.ngrok-free.dev/monitor

✅ Serenity 看板已启动
   手机访问: https://resend-zone-cross.ngrok-free.dev/monitor

✅ Serenity 看板已启动
   手机访问: https://resend-zone-cross.ngrok-free.dev/monitor

✅ Serenity 看板已启动
   手机访问: https://resend-zone-cross.ngrok-free.dev/monitor

✅ Serenity 看板已启动
   手机访问: https://resend-zone-cross.ngrok-free.dev/monitor

✅ Serenity 看板已启动
   手机访问: https://resend-zone-cross.ngrok-free.dev/monitor

✅ Serenity 看板已启动
   手机访问: https://resend-zone-cross.ngrok-free.dev/monitor

✅ Serenity 看板已启动
   手机访问: https://resend-zone-cross.ngrok-free.dev/monitor

✅ Serenity 看板已启动
   手机访问: https://resend-zone-cross.ngrok-free.dev/monitor

✅ Serenity 看板已启动
   手机访问: https://resend-zone-cross.ngrok-free.dev/monitor

✅ Serenity 看板已启动
   手机访问: https://resend-zone-cross.ngrok-free.dev/monitor

✅ Serenity 看板已启动
   手机访问: https://resend-zone-cross.ngrok-free.dev/monitor

✅ Serenity 看板已启动
   手机访问: https://resend-zone-cross.ngrok-free.dev/monitor

✅ Serenity 看板已启动
   手机访问: https://resend-zone-cross.ngrok-free.dev/monitor

✅ Serenity 看板已启动
   手机访问: https://resend-zone-cross.ngrok-free.dev/monitor

✅ Serenity 看板已启动
   手机访问: https://resend-zone-cross.ngrok-free.dev/monitor

✅ Serenity 看板已启动
   手机访问: https://resend-zone-cross.ngrok-free.dev/monitor

✅ Serenity 看板已启动
   手机访问: https://resend-zone-cross.ngrok-free.dev/monitor

✅ Serenity 看板已启动
   手机访问: https://resend-zone-cross.ngrok-free.dev/monitor

✅ Serenity 看板已启动
   手机访问: https://resend-zone-cross.ngrok-free.dev/monitor

✅ Serenity 看板已启动
   手机访问: https://resend-zone-cross.ngrok-free.dev/monitor

✅ Serenity 看板已启动
   手机访问: https://resend-zone-cross.ngrok-free.dev/monitor

✅ Serenity 看板已启动
   手机访问: https://resend-zone-cross.ngrok-free.dev/monitor

✅ Serenity 看板已启动
   手机访问: https://resend-zone-cross.ngrok-free.dev/monitor

✅ Serenity 看板已启动
   手机访问: https://resend-zone-cross.ngrok-free.dev/monitor

✅ Serenity 看板已启动
   手机访问: https://resend-zone-cross.ngrok-free.dev/monitor

✅ Serenity 看板已启动
   手机访问: https://resend-zone-cross.ngrok-free.dev/monitor

✅ Serenity 看板已启动
   手机访问: https://resend-zone-cross.ngrok-free.dev/monitor

✅ Serenity 看板已启动
   手机访问: https://resend-zone-cross.ngrok-free.dev/monitor

✅ Serenity 看板已启动
   手机访问: https://resend-zone-cross.ngrok-free.dev/monitor

✅ Serenity 看板已启动
   手机访问: https://resend-zone-cross.ngrok-free.dev/monitor

✅ Serenity 看板已启动
   手机访问: https://resend-zone-cross.ngrok-free.dev/monitor

✅ Serenity 看板已启动
   手机访问: https://resend-zone-cross.ngrok-free.dev/monitor

✅ Serenity 看板已启动
   手机访问: https://resend-zone-cross.ngrok-free.dev/monitor

✅ Serenity 看板已启动
   手机访问: https://resend-zone-cross.ngrok-free.dev/monitor

✅ Serenity 看板已启动
   手机访问: https://resend-zone-cross.ngrok-free.dev/monitor

✅ Serenity 看板已启动
   手机访问: https://resend-zone-cross.ngrok-free.dev/monitor

✅ Serenity 看板已启动
   手机访问: https://resend-zone-cross.ngrok-free.dev/monitor

✅ Serenity 看板已启动
   手机访问: https://resend-zone-cross.ngrok-free.dev/monitor

✅ Serenity 看板已启动
   手机访问: https://resend-zone-cross.ngrok-free.dev/monitor

✅ Serenity 看板已启动
   手机访问: https://resend-zone-cross.ngrok-free.dev/monitor

✅ Serenity 看板已启动
   手机访问: https://resend-zone-cross.ngrok-free.dev/monitor

✅ Serenity 看板已启动
   手机访问: https://resend-zone-cross.ngrok-free.dev/monitor

✅ Serenity 看板已启动
   手机访问: https://resend-zone-cross.ngrok-free.dev/monitor

✅ Serenity 看板已启动
   手机访问: https://resend-zone-cross.ngrok-free.dev/monitor

✅ Serenity 看板已启动
   手机访问: https://resend-zone-cross.ngrok-free.dev/monitor

✅ Serenity 看板已启动
   手机访问: https://resend-zone-cross.ngrok-free.dev/monitor

✅ Serenity 看板已启动
   手机访问: https://resend-zone-cross.ngrok-free.dev/monitor

✅ Serenity 看板已启动
   手机访问: https://resend-zone-cross.ngrok-free.dev/monitor

✅ Serenity 看板已启动
   手机访问: https://resend-zone-cross.ngrok-free.dev/monitor

✅ Serenity 看板已启动
   手机访问: https://resend-zone-cross.ngrok-free.dev/monitor

✅ Serenity 看板已启动
   手机访问: https://resend-zone-cross.ngrok-free.dev/monitor

✅ Serenity 看板已启动
   手机访问: https://resend-zone-cross.ngrok-free.dev/monitor

✅ Serenity 看板已启动
   手机访问: https://resend-zone-cross.ngrok-free.dev/monitor

✅ Serenity 看板已启动
   手机访问: https://resend-zone-cross.ngrok-free.dev/monitor

✅ Serenity 看板已启动
   手机访问: https://resend-zone-cross.ngrok-free.dev/monitor

✅ Serenity 看板已启动
   手机访问: https://resend-zone-cross.ngrok-free.dev/monitor

✅ Serenity 看板已启动
   手机访问: https://resend-zone-cross.ngrok-free.dev/monitor

✅ Serenity 看板已启动
   手机访问: https://resend-zone-cross.ngrok-free.dev/monitor

✅ Serenity 看板已启动
   手机访问: https://resend-zone-cross.ngrok-free.dev/monitor

✅ Serenity 看板已启动
   手机访问: https://resend-zone-cross.ngrok-free.dev/monitor

✅ Serenity 看板已启动
   手机访问: https://resend-zone-cross.ngrok-free.dev/monitor

✅ Serenity 看板已启动
   手机访问: https://resend-zone-cross.ngrok-free.dev/monitor

✅ Serenity 看板已启动
   手机访问: https://resend-zone-cross.ngrok-free.dev/monitor

✅ Serenity 看板已启动
   手机访问: https://resend-zone-cross.ngrok-free.dev/monitor

✅ Serenity 看板已启动
   手机访问: https://resend-zone-cross.ngrok-free.dev/monitor

✅ Serenity 看板已启动
   手机访问: https://resend-zone-cross.ngrok-free.dev/monitor

✅ Serenity 看板已启动
   手机访问: https://resend-zone-cross.ngrok-free.dev/monitor

✅ Serenity 看板已启动
   手机访问: https://resend-zone-cross.ngrok-free.dev/monitor

✅ Serenity 看板已启动
   手机访问: https://resend-zone-cross.ngrok-free.dev/monitor

✅ Serenity 看板已启动
   手机访问: https://resend-zone-cross.ngrok-free.dev/monitor

✅ Serenity 看板已启动
   手机访问: https://resend-zone-cross.ngrok-free.dev/monitor

✅ Serenity 看板已启动
   手机访问: https://resend-zone-cross.ngrok-free.dev/monitor

✅ Serenity 看板已启动
   手机访问: https://resend-zone-cross.ngrok-free.dev/monitor

✅ Serenity 看板已启动
   手机访问: https://resend-zone-cross.ngrok-free.dev/monitor

✅ Serenity 看板已启动
   手机访问: https://resend-zone-cross.ngrok-free.dev/monitor

✅ Serenity 看板已启动
   手机访问: https://resend-zone-cross.ngrok-free.dev/monitor

✅ Serenity 看板已启动
   手机访问: https://resend-zone-cross.ngrok-free.dev/monitor

✅ Serenity 看板已启动
   手机访问: https://resend-zone-cross.ngrok-free.dev/monitor

✅ Serenity 看板已启动
   手机访问: https://resend-zone-cross.ngrok-free.dev/monitor

✅ Serenity 看板已启动
   手机访问: https://resend-zone-cross.ngrok-free.dev/monitor

✅ Serenity 看板已启动
   手机访问: https://resend-zone-cross.ngrok-free.dev/monitor
[INFO   ] 市场状态: 震荡市 → [内核冻结] 忽略市场体制权重偏移，使用固定权重
[WARNING] ⚠️ 均值回归模式激活 — 负IC因子(动量/量能/技术面)将自动翻转

✅ Serenity 看板已启动
   手机访问: https://resend-zone-cross.ngrok-free.dev/monitor
[INFO   ] 🔧 [MR模式] 因子翻转激活: ['factor', 'moat', 'technical', 'volume']
[INFO   ] 🔧 [MR模式] 因子翻转激活: ['factor', 'moat', 'technical', 'volume']
[INFO   ] 🔧 [MR模式] 因子翻转激活: ['factor', 'moat', 'technical', 'volume']
[INFO   ] 🔧 [MR模式] 因子翻转激活: ['factor', 'moat', 'technical', 'volume']
[INFO   ] 🔧 [MR模式] 因子翻转激活: ['factor', 'moat', 'technical', 'volume']
[INFO   ] 🔧 [MR模式] 因子翻转激活: ['factor', 'moat', 'technical', 'volume']
[INFO   ] 🔧 [MR模式] 因子翻转激活: ['factor', 'moat', 'technical', 'volume']
[INFO   ] 🔧 [MR模式] 因子翻转激活: ['factor', 'moat', 'technical', 'volume']
[INFO   ] 🔧 [MR模式] 因子翻转激活: ['factor', 'moat', 'technical', 'volume']
[INFO   ] 🔧 [MR模式] 因子翻转激活: ['factor', 'moat', 'technical', 'volume']
[INFO   ] 🔧 [MR模式] 因子翻转激活: ['factor', 'moat', 'technical', 'volume']
[INFO   ] 🔧 [MR模式] 因子翻转激活: ['factor', 'moat', 'technical', 'volume']
[INFO   ] 🔧 [MR模式] 因子翻转激活: ['factor', 'moat', 'technical', 'volume']
[INFO   ] 🔧 [MR模式] 因子翻转激活: ['factor', 'moat', 'technical', 'volume']
[INFO   ] 🔧 [MR模式] 因子翻转激活: ['factor', 'moat', 'technical', 'volume']
[INFO   ] 🔧 [MR模式] 因子翻转激活: ['factor', 'moat', 'technical', 'volume']
[INFO   ] 🔧 [MR模式] 因子翻转激活: ['factor', 'moat', 'technical', 'volume']
[INFO   ] 🔧 [MR模式] 因子翻转激活: ['factor', 'moat', 'technical', 'volume']
[INFO   ] 🔧 [MR模式] 因子翻转激活: ['factor', 'moat', 'technical', 'volume']
[INFO   ] 🔧 [MR模式] 因子翻转激活: ['factor', 'moat', 'technical', 'volume']
[INFO   ]   🟡 CAUTION_BUY 精筛拦截 兴发集团: 量能确认:缩量0.0x MA20

✅ Serenity 看板已启动
   手机访问: https://resend-zone-cross.ngrok-free.dev/monitor
[INFO   ]   🟡 CAUTION_BUY 精筛拦截 亨通光电: 量能确认:缩量0.0x MA20; 动量底线[MR]:动量分75(15-65期望)
[INFO   ]   🛡️ 非持仓SELL降级 士兰微: SELL → WATCH (历史胜率仅20%)
[INFO   ]   🛡️ 非持仓SELL降级 兆易创新: SELL → WATCH (历史胜率仅20%)
[INFO   ]   🛡️ 非持仓SELL降级 中国巨石: SELL → WATCH (历史胜率仅20%)
[INFO   ]   🟡 CAUTION_BUY 精筛拦截 海螺水泥: 量能确认:缩量0.0x MA20; 动量底线[MR]:动量分75(15-65期望)
[INFO   ]   🟡 CAUTION_BUY 精筛拦截 大秦铁路: 量能确认:缩量0.0x MA20; 动量底线[MR]:动量分75(15-65期望)

✅ Serenity 看板已启动
   手机访问: https://resend-zone-cross.ngrok-free.dev/monitor
[INFO   ]   🛡️ 非持仓SELL降级 紫光股份: SELL → WATCH (历史胜率仅20%)
[INFO   ]   🛡️ 非持仓SELL降级 恒立液压: SELL → WATCH (历史胜率仅20%)
[INFO   ]   🛡️ 非持仓SELL降级 卧龙电驱: SELL → WATCH (历史胜率仅20%)
[INFO   ]   🛡️ 非持仓SELL降级 中大力德: SELL → WATCH (历史胜率仅20%)

✅ Serenity 看板已启动
   手机访问: https://resend-zone-cross.ngrok-free.dev/monitor
2026-07-10 11:30:36,589 [INFO] HTTP Request: GET http://qt.gtimg.cn/q=sz000988,sh600036 "HTTP/1.1 200 OK"
2026-07-10 11:30:36,629 [DEBUG] 审计记录写入: 1410a86e018a40b5 002281 CAUTION_BUY score=61
2026-07-10 11:30:43,013 [INFO] HTTP Request: GET http://qt.gtimg.cn/q=sz000988,sh600036 "HTTP/1.1 200 OK"
2026-07-10 11:30:43,041 [DEBUG] 审计记录写入: 4175d527a4b84680 000988 HOLD score=59

✅ Serenity 看板已启动
   手机访问: https://resend-zone-cross.ngrok-free.dev/monitor
2026-07-10 11:30:49,641 [INFO] HTTP Request: GET http://qt.gtimg.cn/q=sz000988,sh600036 "HTTP/1.1 200 OK"
2026-07-10 11:30:49,667 [DEBUG] 审计记录写入: 0d8488b8bc334109 600141 CAUTION_BUY score=61
2026-07-10 11:30:55,549 [INFO] HTTP Request: GET http://qt.gtimg.cn/q=sz000988,sh600036 "HTTP/1.1 200 OK"
2026-07-10 11:30:55,571 [DEBUG] 审计记录写入: 6d613d5cc5a34bd1 603083 HOLD score=57

✅ Serenity 看板已启动
   手机访问: https://resend-zone-cross.ngrok-free.dev/monitor
2026-07-10 11:31:03,334 [INFO] HTTP Request: GET http://qt.gtimg.cn/q=sz000988,sh600036 "HTTP/1.1 200 OK"
2026-07-10 11:31:03,362 [DEBUG] 审计记录写入: 1e2ded30a63a4c96 600487 CAUTION_BUY score=63

✅ Serenity 看板已启动
   手机访问: https://resend-zone-cross.ngrok-free.dev/monitor
2026-07-10 11:31:09,163 [INFO] HTTP Request: GET http://qt.gtimg.cn/q=sz000988,sh600036 "HTTP/1.1 200 OK"
2026-07-10 11:31:09,194 [DEBUG] 审计记录写入: 227c29c07c0446db 002428 HOLD score=55
2026-07-10 11:31:15,515 [INFO] HTTP Request: GET http://qt.gtimg.cn/q=sz000988,sh600036 "HTTP/1.1 200 OK"
2026-07-10 11:31:15,537 [DEBUG] 审计记录写入: 266aec17ce53467f 600460 SELL score=40

✅ Serenity 看板已启动
   手机访问: https://resend-zone-cross.ngrok-free.dev/monitor
2026-07-10 11:31:21,760 [INFO] HTTP Request: GET http://qt.gtimg.cn/q=sz000988,sh600036 "HTTP/1.1 200 OK"
2026-07-10 11:31:21,787 [DEBUG] 审计记录写入: 7af62c3fc84148b5 603986 WATCH score=46

✅ Serenity 看板已启动
   手机访问: https://resend-zone-cross.ngrok-free.dev/monitor
2026-07-10 11:31:29,948 [INFO] HTTP Request: GET http://qt.gtimg.cn/q=sz000988,sh600036 "HTTP/1.1 200 OK"
2026-07-10 11:31:29,975 [DEBUG] 审计记录写入: 71a191fcd63749ee 600176 SELL score=43
2026-07-10 11:31:35,458 [INFO] HTTP Request: GET http://qt.gtimg.cn/q=sz000988,sh600036 "HTTP/1.1 200 OK"
2026-07-10 11:31:35,478 [DEBUG] 审计记录写入: 4b82714643bc470d 600036 BUY score=69

✅ Serenity 看板已启动
   手机访问: https://resend-zone-cross.ngrok-free.dev/monitor
2026-07-10 11:31:42,143 [INFO] HTTP Request: GET http://qt.gtimg.cn/q=sz000988,sh600036 "HTTP/1.1 200 OK"
2026-07-10 11:31:42,170 [DEBUG] 审计记录写入: 797d86aff48c4ac2 600585 CAUTION_BUY score=63
2026-07-10 11:31:48,359 [INFO] HTTP Request: GET http://qt.gtimg.cn/q=sz000988,sh600036 "HTTP/1.1 200 OK"
2026-07-10 11:31:48,384 [DEBUG] 审计记录写入: 074f093f3b064b0f 600900 CAUTION_BUY score=62

✅ Serenity 看板已启动
   手机访问: https://resend-zone-cross.ngrok-free.dev/monitor
2026-07-10 11:31:55,342 [INFO] HTTP Request: GET http://qt.gtimg.cn/q=sz000988,sh600036 "HTTP/1.1 200 OK"
2026-07-10 11:31:55,375 [DEBUG] 审计记录写入: f1119c0d368047ea 601398 CAUTION_BUY score=69

✅ Serenity 看板已启动
   手机访问: https://resend-zone-cross.ngrok-free.dev/monitor
2026-07-10 11:32:01,512 [INFO] HTTP Request: GET http://qt.gtimg.cn/q=sz000988,sh600036 "HTTP/1.1 200 OK"
2026-07-10 11:32:01,537 [DEBUG] 审计记录写入: 93c5b5f4aeba4d87 601006 BUY score=67

✅ Serenity 看板已启动
   手机访问: https://resend-zone-cross.ngrok-free.dev/monitor
2026-07-10 11:32:11,855 [INFO] HTTP Request: GET http://qt.gtimg.cn/q=sz000988,sh600036 "HTTP/1.1 200 OK"
2026-07-10 11:32:11,885 [DEBUG] 审计记录写入: e92b72562dcb4ad6 000938 SELL score=44
2026-07-10 11:32:17,955 [INFO] HTTP Request: GET http://qt.gtimg.cn/q=sz000988,sh600036 "HTTP/1.1 200 OK"
2026-07-10 11:32:17,983 [DEBUG] 审计记录写入: e1884bf993a34eb7 601689 HOLD score=60

✅ Serenity 看板已启动
   手机访问: https://resend-zone-cross.ngrok-free.dev/monitor
2026-07-10 11:32:25,048 [INFO] HTTP Request: GET http://qt.gtimg.cn/q=sz000988,sh600036 "HTTP/1.1 200 OK"
2026-07-10 11:32:25,076 [DEBUG] 审计记录写入: 0bae1a53b1674142 002050 HOLD score=54

✅ Serenity 看板已启动
   手机访问: https://resend-zone-cross.ngrok-free.dev/monitor
2026-07-10 11:32:31,399 [INFO] HTTP Request: GET http://qt.gtimg.cn/q=sz000988,sh600036 "HTTP/1.1 200 OK"
2026-07-10 11:32:31,420 [DEBUG] 审计记录写入: 633cc87e04f5402e 601100 SELL score=42
2026-07-10 11:32:37,571 [INFO] HTTP Request: GET http://qt.gtimg.cn/q=sz000988,sh600036 "HTTP/1.1 200 OK"
2026-07-10 11:32:37,592 [DEBUG] 审计记录写入: 13c3fb0b86fe46d2 600580 SELL score=44

✅ Serenity 看板已启动
   手机访问: https://resend-zone-cross.ngrok-free.dev/monitor
2026-07-10 11:32:44,249 [INFO] HTTP Request: GET http://qt.gtimg.cn/q=sz000988,sh600036 "HTTP/1.1 200 OK"
2026-07-10 11:32:44,277 [DEBUG] 审计记录写入: 3f320008e3c341d9 002896 SELL score=41
2026-07-10 11:32:48,521 [INFO] HTTP Request: GET http://qt.gtimg.cn/q=sz002281,sz000988,sh600141,sh603083,sh600487,sz002428,sh600460,sh603986,sh600176,sh600036,sh600585,sh600900,sh601398,sh601006,sz000938,sh601689,sz002050,sh601100,sh600580,sz002896 "HTTP/1.1 200 OK"
2026-07-10 11:32:50,565 [INFO] HTTP Request: GET http://qt.gtimg.cn/q=sz000988,sh600036 "HTTP/1.1 200 OK"
[INFO   ]   🟡 CAUTION_BUY 精筛拦截 光迅科技: 量能确认:缩量0.0x MA20
2026-07-10 11:32:50,579 [INFO]   🟡 CAUTION_BUY 精筛拦截 光迅科技: 量能确认:缩量0.0x MA20

✅ Serenity 看板已启动
   手机访问: https://resend-zone-cross.ngrok-free.dev/monitor
2026-07-10 11:32:51,759 [INFO] HTTP Request: GET http://qt.gtimg.cn/q=sz000988,sh600036 "HTTP/1.1 200 OK"
2026-07-10 11:32:54,408 [INFO] HTTP Request: GET http://qt.gtimg.cn/q=sz000988,sh600036 "HTTP/1.1 200 OK"
[INFO   ]   🟡 CAUTION_BUY 精筛拦截 兴发集团: 量能确认:缩量0.0x MA20; 动量底线[MR]:动量分85(15-65期望)
2026-07-10 11:32:54,436 [INFO]   🟡 CAUTION_BUY 精筛拦截 兴发集团: 量能确认:缩量0.0x MA20; 动量底线[MR]:动量分85(15-65期望)
2026-07-10 11:32:55,435 [INFO] HTTP Request: GET http://qt.gtimg.cn/q=sz000988,sh600036 "HTTP/1.1 200 OK"
2026-07-10 11:32:56,409 [INFO] HTTP Request: GET http://qt.gtimg.cn/q=sz000988,sh600036 "HTTP/1.1 200 OK"
[INFO   ]   🟡 CAUTION_BUY 精筛拦截 亨通光电: 量能确认:缩量0.0x MA20; 动量底线[MR]:动量分75(15-65期望)
2026-07-10 11:32:56,427 [INFO]   🟡 CAUTION_BUY 精筛拦截 亨通光电: 量能确认:缩量0.0x MA20; 动量底线[MR]:动量分75(15-65期望)
2026-07-10 11:32:57,396 [INFO] HTTP Request: GET http://qt.gtimg.cn/q=sz000988,sh600036 "HTTP/1.1 200 OK"
2026-07-10 11:32:58,389 [INFO] HTTP Request: GET http://qt.gtimg.cn/q=sz000988,sh600036 "HTTP/1.1 200 OK"
[INFO   ]   🛡️ 非持仓SELL降级 士兰微: SELL → WATCH (历史胜率仅20%)
2026-07-10 11:32:58,416 [INFO]   🛡️ 非持仓SELL降级 士兰微: SELL → WATCH (历史胜率仅20%)
2026-07-10 11:32:59,382 [INFO] HTTP Request: GET http://qt.gtimg.cn/q=sz000988,sh600036 "HTTP/1.1 200 OK"
2026-07-10 11:33:00,426 [INFO] HTTP Request: GET http://qt.gtimg.cn/q=sz000988,sh600036 "HTTP/1.1 200 OK"
[INFO   ]   🛡️ 非持仓SELL降级 中国巨石: SELL → WATCH (历史胜率仅20%)
2026-07-10 11:33:00,455 [INFO]   🛡️ 非持仓SELL降级 中国巨石: SELL → WATCH (历史胜率仅20%)
2026-07-10 11:33:01,383 [INFO] HTTP Request: GET http://qt.gtimg.cn/q=sz000988,sh600036 "HTTP/1.1 200 OK"

✅ Serenity 看板已启动
   手机访问: https://resend-zone-cross.ngrok-free.dev/monitor
2026-07-10 11:33:02,342 [INFO] HTTP Request: GET http://qt.gtimg.cn/q=sz000988,sh600036 "HTTP/1.1 200 OK"
[INFO   ]   🟡 CAUTION_BUY 精筛拦截 海螺水泥: 量能确认:缩量0.0x MA20
2026-07-10 11:33:02,362 [INFO]   🟡 CAUTION_BUY 精筛拦截 海螺水泥: 量能确认:缩量0.0x MA20
2026-07-10 11:33:03,291 [INFO] HTTP Request: GET http://qt.gtimg.cn/q=sz000988,sh600036 "HTTP/1.1 200 OK"
2026-07-10 11:33:04,263 [INFO] HTTP Request: GET http://qt.gtimg.cn/q=sz000988,sh600036 "HTTP/1.1 200 OK"
2026-07-10 11:33:05,224 [INFO] HTTP Request: GET http://qt.gtimg.cn/q=sz000988,sh600036 "HTTP/1.1 200 OK"
2026-07-10 11:33:06,141 [INFO] HTTP Request: GET http://qt.gtimg.cn/q=sz000988,sh600036 "HTTP/1.1 200 OK"
2026-07-10 11:33:07,080 [INFO] HTTP Request: GET http://qt.gtimg.cn/q=sh601006 "HTTP/1.1 200 OK"
2026-07-10 11:33:08,045 [INFO] HTTP Request: GET http://qt.gtimg.cn/q=sz000988,sh600036 "HTTP/1.1 200 OK"
[INFO   ]   🛡️ 非持仓SELL降级 紫光股份: SELL → WATCH (历史胜率仅20%)
2026-07-10 11:33:08,064 [INFO]   🛡️ 非持仓SELL降级 紫光股份: SELL → WATCH (历史胜率仅20%)
2026-07-10 11:33:08,981 [INFO] HTTP Request: GET http://qt.gtimg.cn/q=sz000988,sh600036 "HTTP/1.1 200 OK"
2026-07-10 11:33:09,977 [INFO] HTTP Request: GET http://qt.gtimg.cn/q=sz000988,sh600036 "HTTP/1.1 200 OK"
2026-07-10 11:33:10,964 [INFO] HTTP Request: GET http://qt.gtimg.cn/q=sz000988,sh600036 "HTTP/1.1 200 OK"
[INFO   ]   🛡️ 非持仓SELL降级 恒立液压: SELL → WATCH (历史胜率仅20%)
2026-07-10 11:33:10,989 [INFO]   🛡️ 非持仓SELL降级 恒立液压: SELL → WATCH (历史胜率仅20%)
2026-07-10 11:33:11,934 [INFO] HTTP Request: GET http://qt.gtimg.cn/q=sz000988,sh600036 "HTTP/1.1 200 OK"
[INFO   ]   🛡️ 非持仓SELL降级 卧龙电驱: SELL → WATCH (历史胜率仅20%)
2026-07-10 11:33:11,966 [INFO]   🛡️ 非持仓SELL降级 卧龙电驱: SELL → WATCH (历史胜率仅20%)

✅ Serenity 看板已启动
   手机访问: https://resend-zone-cross.ngrok-free.dev/monitor
2026-07-10 11:33:12,958 [INFO] HTTP Request: GET http://qt.gtimg.cn/q=sz000988,sh600036 "HTTP/1.1 200 OK"
[INFO   ]   🛡️ 非持仓SELL降级 中大力德: SELL → WATCH (历史胜率仅20%)
2026-07-10 11:33:12,983 [INFO]   🛡️ 非持仓SELL降级 中大力德: SELL → WATCH (历史胜率仅20%)
=======================================================
  📡 Serenity 交易信号 | 2026-07-10
=======================================================

  🟢 #1 工商银行 (601398) — CAUTION_BUY
     综合评分: 72.4
     现价: 7.31 | 买入区: 7-8 | 目标: 10
     建议仓位: 0元 (0股 @ ~7.31)
     全球最大银行，股息率5%+ — 国家队护盘标的，系统性重要 | 多周期共振[5d+20d↑] | 多周期共振[5d+20d↑]

  ⚪ #2 招商银行 (600036) — STRONG_HOLD
     综合评分: 68.9
     现价: 36.82 | 买入区: 34-42 | 目标: 52
     零售银行龙头，高股息防御 — 震荡市资金避风港，ROE行业领先

  🟢🟢 #3 大秦铁路 (601006) — BUY
     综合评分: 67.3
     现价: 4.69 | 买入区: 4-5 | 目标: 7
     建议仓位: 4221元 (900股 @ ~4.69)
     煤炭运输专线，稳定现金流 — 高股息+低波动，红利策略核心

  ⚪ #4 长江电力 (600900) — HOLD
     综合评分: 65.4
     现价: 27.96 | 买入区: 24-30 | 目标: 36
     建议仓位: 0元 (0股 @ ~27.96)
     水电绝对龙头，现金流稳定 — 类债券属性，极端行情避险首选 | 多周期共振[5d+20d↑]

  ⚪ #5 亨通光电 (600487) — HOLD
     综合评分: 62.9
     现价: 81.0 | 买入区: 82-115 | 目标: 145
     建议仓位: 0元 (0股 @ ~81.00)
     光纤光缆龙头，CPO光纤阵列(FAU)受益 — 防守型+补涨逻辑

  ⚪ #6 海螺水泥 (600585) — HOLD
     综合评分: 62.7
     现价: 17.23 | 买入区: 16-20 | 目标: 24
     建议仓位: 0元 (0股 @ ~17.23)
     水泥龙头+高分红 — 基建稳增长受益，低估值防御属性强

  ⚪ #7 兴发集团 (600141) — HOLD
     综合评分: 61.3
     现价: 35.12 | 买入区: 30-36 | 目标: 44
     建议仓位: 0元 (0股 @ ~35.12)
     磷化工龙头，红磷/磷化学品用于CPO光对准和Rubin半导体热管理 — Serenity红磷主题映射

  ⚪ #8 光迅科技 (002281) — HOLD
     综合评分: 60.9
     现价: 244.83 | 买入区: 175-220 | 目标: 300
     建议仓位: 0元 (0股 @ ~244.83)
     光器件全产业链龙头，AI光互联核心受益 — CPO检测/FAU直接映射Serenity的SIVE瓶颈逻辑

  ⚪ #9 拓普集团 (601689) — HOLD
     综合评分: 59.5
     现价: 57.63 | 买入区: 80-105 | 目标: 135
     特斯拉Optimus执行器模组核心供应商 — 机器人+汽车双主线，公募持仓40亿+

  ⚪ #10 华工科技 (000988) — TAKE_PROFIT
     综合评分: 59.1
     现价: 163.45 | 买入区: 130-165 | 目标: 220
     光模块+激光双主线，AI算力配套 — 激光器+光引擎赛道与SIVE逻辑高度重合

  ⚪ #11 剑桥科技 (603083) — HOLD
     综合评分: 56.7
     现价: 207.84 | 买入区: 155-190 | 目标: 270
     高速光模块弹性标的，800G/1.6T放量 — 受益于CPO光学引擎需求爆发

  ⚪ #12 云南锗业 (002428) — HOLD
     综合评分: 55.2
     现价: 103.8 | 买入区: 78-96 | 目标: 120
     锗衬底材料，CPO用InP衬底的替代表达 — Serenity持有AXTI的映射逻辑

  ⚪ #13 三花智控 (002050) — HOLD
     综合评分: 54.3
     现价: 44.0 | 买入区: 28-38 | 目标: 48
     热管理/执行器龙头 — 特斯拉供应链核心，公募持仓60亿+，机器人+汽零双驱动

  ⚪ #14 兆易创新 (603986) — WATCH
     综合评分: 45.6
     现价: 663.38 | 买入区: 410-505 | 目标: 625
     NOR Flash/DRAM，AI数据中心存储需求外溢 — Serenity重仓SNDK的映射逻辑

  ⚪ #15 卧龙电驱 (600580) — WATCH
     综合评分: 44.3
     现价: 34.19 | 买入区: 18-25 | 目标: 32
     伺服电机龙头 — 机器人动力系统核心供应商，国产伺服替代受益

  ⚪ #16 紫光股份 (000938) — WATCH
     综合评分: 43.5
     现价: 39.25 | 买入区: 22-30 | 目标: 38
     AI算力交换机龙头，新华三核心资产 — 数据中心交换机+服务器双主线，AI基建核心受益

  ⚪ #17 中国巨石 (600176) — WATCH
     综合评分: 42.7
     现价: 58.0 | 买入区: 36-44 | 目标: 54
     玻纤/电子布全球龙头，AI服务器PCB基材需求爆发 — 6月金股(7家券商推荐)，同赛道宏和科技已20倍

  ⚪ #18 恒立液压 (601100) — WATCH
     综合评分: 41.6
     现价: 110.42 | 买入区: 55-72 | 目标: 92
     液压件龙头→人形机器人丝杠 — 技术壁垒高，国产替代+机器人新增量逻辑

  ⚪ #19 中大力德 (002896) — WATCH
     综合评分: 41.4
     现价: 76.51 | 买入区: 35-48 | 目标: 62
     RV减速器+电机一体化 — 国产减速器替代，机器人关节核心部件

  ⚪ #20 士兰微 (600460) — WATCH
     综合评分: 40.3
     现价: 46.81 | 买入区: 28-34 | 目标: 42
     功率半导体IDM龙头，800VDC数据中心供电架构受益 — 映射Serenity NVTS/POWI功率半主题

=======================================================
  共 20 个信号 | 可用资金: 4949 元
=======================================================
[INFO   ] 市场状态: 震荡市 → [内核冻结] 忽略市场体制权重偏移，使用固定权重
[WARNING] ⚠️ 均值回归模式激活 — 负IC因子(动量/量能/技术面)将自动翻转
⏱️ 盘中监控 [11:33] — 检测 3 只持仓
触发 1 条预警

⚠️ [B] 华工科技: 止盈 T5: 9.2% ≥ 5%, 建议出 50%


✅ Serenity 看板已启动
   手机访问: https://resend-zone-cross.ngrok-free.dev/monitor

✅ Serenity 看板已启动
   手机访问: https://resend-zone-cross.ngrok-free.dev/monitor

✅ Serenity 看板已启动
   手机访问: https://resend-zone-cross.ngrok-free.dev/monitor

✅ Serenity 看板已启动
   手机访问: https://resend-zone-cross.ngrok-free.dev/monitor

✅ Serenity 看板已启动
   手机访问: https://resend-zone-cross.ngrok-free.dev/monitor

✅ Serenity 看板已启动
   手机访问: https://resend-zone-cross.ngrok-free.dev/monitor

✅ Serenity 看板已启动
   手机访问: https://resend-zone-cross.ngrok-free.dev/monitor

✅ Serenity 看板已启动
   手机访问: https://resend-zone-cross.ngrok-free.dev/monitor

✅ Serenity 看板已启动
   手机访问: https://resend-zone-cross.ngrok-free.dev/monitor

✅ Serenity 看板已启动
   手机访问: https://resend-zone-cross.ngrok-free.dev/monitor

✅ Serenity 看板已启动
   手机访问: https://resend-zone-cross.ngrok-free.dev/monitor

✅ Serenity 看板已启动
   手机访问: https://resend-zone-cross.ngrok-free.dev/monitor

✅ Serenity 看板已启动
   手机访问: https://resend-zone-cross.ngrok-free.dev/monitor

✅ Serenity 看板已启动
   手机访问: https://resend-zone-cross.ngrok-free.dev/monitor

✅ Serenity 看板已启动
   手机访问: https://resend-zone-cross.ngrok-free.dev/monitor

✅ Serenity 看板已启动
   手机访问: https://resend-zone-cross.ngrok-free.dev/monitor

✅ Serenity 看板已启动
   手机访问: https://resend-zone-cross.ngrok-free.dev/monitor

✅ Serenity 看板已启动
   手机访问: https://resend-zone-cross.ngrok-free.dev/monitor

✅ Serenity 看板已启动
   手机访问: https://resend-zone-cross.ngrok-free.dev/monitor

✅ Serenity 看板已启动
   手机访问: https://resend-zone-cross.ngrok-free.dev/monitor

✅ Serenity 看板已启动
   手机访问: https://resend-zone-cross.ngrok-free.dev/monitor

✅ Serenity 看板已启动
   手机访问: https://resend-zone-cross.ngrok-free.dev/monitor

✅ Serenity 看板已启动
   手机访问: https://resend-zone-cross.ngrok-free.dev/monitor

✅ Serenity 看板已启动
   手机访问: https://resend-zone-cross.ngrok-free.dev/monitor

✅ Serenity 看板已启动
   手机访问: https://resend-zone-cross.ngrok-free.dev/monitor

✅ Serenity 看板已启动
   手机访问: https://resend-zone-cross.ngrok-free.dev/monitor

✅ Serenity 看板已启动
   手机访问: https://resend-zone-cross.ngrok-free.dev/monitor

✅ Serenity 看板已启动
   手机访问: https://resend-zone-cross.ngrok-free.dev/monitor

✅ Serenity 看板已启动
   手机访问: https://resend-zone-cross.ngrok-free.dev/monitor

✅ Serenity 看板已启动
   手机访问: https://resend-zone-cross.ngrok-free.dev/monitor

✅ Serenity 看板已启动
   手机访问: https://resend-zone-cross.ngrok-free.dev/monitor

✅ Serenity 看板已启动
   手机访问: https://resend-zone-cross.ngrok-free.dev/monitor

✅ Serenity 看板已启动
   手机访问: https://resend-zone-cross.ngrok-free.dev/monitor

✅ Serenity 看板已启动
   手机访问: https://resend-zone-cross.ngrok-free.dev/monitor

✅ Serenity 看板已启动
   手机访问: https://resend-zone-cross.ngrok-free.dev/monitor

✅ Serenity 看板已启动
   手机访问: https://resend-zone-cross.ngrok-free.dev/monitor

✅ Serenity 看板已启动
   手机访问: https://resend-zone-cross.ngrok-free.dev/monitor

✅ Serenity 看板已启动
   手机访问: https://resend-zone-cross.ngrok-free.dev/monitor

✅ Serenity 看板已启动
   手机访问: https://resend-zone-cross.ngrok-free.dev/monitor

✅ Serenity 看板已启动
   手机访问: https://resend-zone-cross.ngrok-free.dev/monitor

✅ Serenity 看板已启动
   手机访问: https://resend-zone-cross.ngrok-free.dev/monitor

✅ Serenity 看板已启动
   手机访问: https://resend-zone-cross.ngrok-free.dev/monitor

✅ Serenity 看板已启动
   手机访问: https://resend-zone-cross.ngrok-free.dev/monitor

✅ Serenity 看板已启动
   手机访问: https://resend-zone-cross.ngrok-free.dev/monitor

✅ Serenity 看板已启动
   手机访问: https://resend-zone-cross.ngrok-free.dev/monitor

✅ Serenity 看板已启动
   手机访问: https://resend-zone-cross.ngrok-free.dev/monitor

✅ Serenity 看板已启动
   手机访问: https://resend-zone-cross.ngrok-free.dev/monitor

✅ Serenity 看板已启动
   手机访问: https://resend-zone-cross.ngrok-free.dev/monitor

✅ Serenity 看板已启动
   手机访问: https://resend-zone-cross.ngrok-free.dev/monitor

✅ Serenity 看板已启动
   手机访问: https://resend-zone-cross.ngrok-free.dev/monitor

✅ Serenity 看板已启动
   手机访问: https://resend-zone-cross.ngrok-free.dev/monitor

✅ Serenity 看板已启动
   手机访问: https://resend-zone-cross.ngrok-free.dev/monitor

✅ Serenity 看板已启动
   手机访问: https://resend-zone-cross.ngrok-free.dev/monitor

✅ Serenity 看板已启动
   手机访问: https://resend-zone-cross.ngrok-free.dev/monitor

✅ Serenity 看板已启动
   手机访问: https://resend-zone-cross.ngrok-free.dev/monitor

✅ Serenity 看板已启动
   手机访问: https://resend-zone-cross.ngrok-free.dev/monitor

✅ Serenity 看板已启动
   手机访问: https://resend-zone-cross.ngrok-free.dev/monitor

✅ Serenity 看板已启动
   手机访问: https://resend-zone-cross.ngrok-free.dev/monitor

✅ Serenity 看板已启动
   手机访问: https://resend-zone-cross.ngrok-free.dev/monitor

✅ Serenity 看板已启动
   手机访问: https://resend-zone-cross.ngrok-free.dev/monitor

✅ Serenity 看板已启动
   手机访问: https://resend-zone-cross.ngrok-free.dev/monitor

✅ Serenity 看板已启动
   手机访问: https://resend-zone-cross.ngrok-free.dev/monitor

✅ Serenity 看板已启动
   手机访问: https://resend-zone-cross.ngrok-free.dev/monitor

✅ Serenity 看板已启动
   手机访问: https://resend-zone-cross.ngrok-free.dev/monitor

✅ Serenity 看板已启动
   手机访问: https://resend-zone-cross.ngrok-free.dev/monitor

✅ Serenity 看板已启动
   手机访问: https://resend-zone-cross.ngrok-free.dev/monitor

✅ Serenity 看板已启动
   手机访问: https://resend-zone-cross.ngrok-free.dev/monitor

✅ Serenity 看板已启动
   手机访问: https://resend-zone-cross.ngrok-free.dev/monitor

✅ Serenity 看板已启动
   手机访问: https://resend-zone-cross.ngrok-free.dev/monitor

✅ Serenity 看板已启动
   手机访问: https://resend-zone-cross.ngrok-free.dev/monitor

✅ Serenity 看板已启动
   手机访问: https://resend-zone-cross.ngrok-free.dev/monitor

✅ Serenity 看板已启动
   手机访问: https://resend-zone-cross.ngrok-free.dev/monitor

✅ Serenity 看板已启动
   手机访问: https://resend-zone-cross.ngrok-free.dev/monitor

✅ Serenity 看板已启动
   手机访问: https://resend-zone-cross.ngrok-free.dev/monitor

✅ Serenity 看板已启动
   手机访问: https://resend-zone-cross.ngrok-free.dev/monitor

✅ Serenity 看板已启动
   手机访问: https://resend-zone-cross.ngrok-free.dev/monitor

✅ Serenity 看板已启动
   手机访问: https://resend-zone-cross.ngrok-free.dev/monitor

✅ Serenity 看板已启动
   手机访问: https://resend-zone-cross.ngrok-free.dev/monitor

✅ Serenity 看板已启动
   手机访问: https://resend-zone-cross.ngrok-free.dev/monitor

✅ Serenity 看板已启动
   手机访问: https://resend-zone-cross.ngrok-free.dev/monitor

✅ Serenity 看板已启动
   手机访问: https://resend-zone-cross.ngrok-free.dev/monitor

✅ Serenity 看板已启动
   手机访问: https://resend-zone-cross.ngrok-free.dev/monitor

✅ Serenity 看板已启动
   手机访问: https://resend-zone-cross.ngrok-free.dev/monitor

✅ Serenity 看板已启动
   手机访问: https://resend-zone-cross.ngrok-free.dev/monitor

✅ Serenity 看板已启动
   手机访问: https://resend-zone-cross.ngrok-free.dev/monitor

✅ Serenity 看板已启动
   手机访问: https://resend-zone-cross.ngrok-free.dev/monitor

✅ Serenity 看板已启动
   手机访问: https://resend-zone-cross.ngrok-free.dev/monitor

✅ Serenity 看板已启动
   手机访问: https://resend-zone-cross.ngrok-free.dev/monitor

✅ Serenity 看板已启动
   手机访问: https://resend-zone-cross.ngrok-free.dev/monitor

✅ Serenity 看板已启动
   手机访问: https://resend-zone-cross.ngrok-free.dev/monitor

✅ Serenity 看板已启动
   手机访问: https://resend-zone-cross.ngrok-free.dev/monitor

✅ Serenity 看板已启动
   手机访问: https://resend-zone-cross.ngrok-free.dev/monitor

✅ Serenity 看板已启动
   手机访问: https://resend-zone-cross.ngrok-free.dev/monitor

✅ Serenity 看板已启动
   手机访问: https://resend-zone-cross.ngrok-free.dev/monitor

✅ Serenity 看板已启动
   手机访问: https://resend-zone-cross.ngrok-free.dev/monitor

✅ Serenity 看板已启动
   手机访问: https://resend-zone-cross.ngrok-free.dev/monitor

✅ Serenity 看板已启动
   手机访问: https://resend-zone-cross.ngrok-free.dev/monitor

✅ Serenity 看板已启动
   手机访问: https://resend-zone-cross.ngrok-free.dev/monitor

✅ Serenity 看板已启动
   手机访问: https://resend-zone-cross.ngrok-free.dev/monitor

✅ Serenity 看板已启动
   手机访问: https://resend-zone-cross.ngrok-free.dev/monitor

✅ Serenity 看板已启动
   手机访问: https://resend-zone-cross.ngrok-free.dev/monitor

✅ Serenity 看板已启动
   手机访问: https://resend-zone-cross.ngrok-free.dev/monitor

✅ Serenity 看板已启动
   手机访问: https://resend-zone-cross.ngrok-free.dev/monitor

✅ Serenity 看板已启动
   手机访问: https://resend-zone-cross.ngrok-free.dev/monitor

✅ Serenity 看板已启动
   手机访问: https://resend-zone-cross.ngrok-free.dev/monitor

✅ Serenity 看板已启动
   手机访问: https://resend-zone-cross.ngrok-free.dev/monitor

✅ Serenity 看板已启动
   手机访问: https://resend-zone-cross.ngrok-free.dev/monitor

✅ Serenity 看板已启动
   手机访问: https://resend-zone-cross.ngrok-free.dev/monitor

✅ Serenity 看板已启动
   手机访问: https://resend-zone-cross.ngrok-free.dev/monitor

✅ Serenity 看板已启动
   手机访问: https://resend-zone-cross.ngrok-free.dev/monitor

✅ Serenity 看板已启动
   手机访问: https://resend-zone-cross.ngrok-free.dev/monitor

✅ Serenity 看板已启动
   手机访问: https://resend-zone-cross.ngrok-free.dev/monitor

✅ Serenity 看板已启动
   手机访问: https://resend-zone-cross.ngrok-free.dev/monitor

✅ Serenity 看板已启动
   手机访问: https://resend-zone-cross.ngrok-free.dev/monitor

✅ Serenity 看板已启动
   手机访问: https://resend-zone-cross.ngrok-free.dev/monitor

✅ Serenity 看板已启动
   手机访问: https://resend-zone-cross.ngrok-free.dev/monitor

✅ Serenity 看板已启动
   手机访问: https://resend-zone-cross.ngrok-free.dev/monitor

✅ Serenity 看板已启动
   手机访问: https://resend-zone-cross.ngrok-free.dev/monitor

✅ Serenity 看板已启动
   手机访问: https://resend-zone-cross.ngrok-free.dev/monitor

✅ Serenity 看板已启动
   手机访问: https://resend-zone-cross.ngrok-free.dev/monitor

✅ Serenity 看板已启动
   手机访问: https://resend-zone-cross.ngrok-free.dev/monitor

✅ Serenity 看板已启动
   手机访问: https://resend-zone-cross.ngrok-free.dev/monitor

✅ Serenity 看板已启动
   手机访问: https://resend-zone-cross.ngrok-free.dev/monitor

✅ Serenity 看板已启动
   手机访问: https://resend-zone-cross.ngrok-free.dev/monitor

✅ Serenity 看板已启动
   手机访问: https://resend-zone-cross.ngrok-free.dev/monitor

✅ Serenity 看板已启动
   手机访问: https://resend-zone-cross.ngrok-free.dev/monitor

✅ Serenity 看板已启动
   手机访问: https://resend-zone-cross.ngrok-free.dev/monitor

✅ Serenity 看板已启动
   手机访问: https://resend-zone-cross.ngrok-free.dev/monitor

✅ Serenity 看板已启动
   手机访问: https://resend-zone-cross.ngrok-free.dev/monitor

✅ Serenity 看板已启动
   手机访问: https://resend-zone-cross.ngrok-free.dev/monitor

✅ Serenity 看板已启动
   手机访问: https://resend-zone-cross.ngrok-free.dev/monitor

✅ Serenity 看板已启动
   手机访问: https://resend-zone-cross.ngrok-free.dev/monitor

✅ Serenity 看板已启动
   手机访问: https://resend-zone-cross.ngrok-free.dev/monitor

✅ Serenity 看板已启动
   手机访问: https://resend-zone-cross.ngrok-free.dev/monitor

✅ Serenity 看板已启动
   手机访问: https://resend-zone-cross.ngrok-free.dev/monitor

✅ Serenity 看板已启动
   手机访问: https://resend-zone-cross.ngrok-free.dev/monitor

✅ Serenity 看板已启动
   手机访问: https://resend-zone-cross.ngrok-free.dev/monitor

✅ Serenity 看板已启动
   手机访问: https://resend-zone-cross.ngrok-free.dev/monitor

✅ Serenity 看板已启动
   手机访问: https://resend-zone-cross.ngrok-free.dev/monitor

✅ Serenity 看板已启动
   手机访问: https://resend-zone-cross.ngrok-free.dev/monitor

✅ Serenity 看板已启动
   手机访问: https://resend-zone-cross.ngrok-free.dev/monitor

✅ Serenity 看板已启动
   手机访问: https://resend-zone-cross.ngrok-free.dev/monitor

✅ Serenity 看板已启动
   手机访问: https://resend-zone-cross.ngrok-free.dev/monitor

✅ Serenity 看板已启动
   手机访问: https://resend-zone-cross.ngrok-free.dev/monitor

✅ Serenity 看板已启动
   手机访问: https://resend-zone-cross.ngrok-free.dev/monitor

✅ Serenity 看板已启动
   手机访问: https://resend-zone-cross.ngrok-free.dev/monitor

✅ Serenity 看板已启动
   手机访问: https://resend-zone-cross.ngrok-free.dev/monitor

✅ Serenity 看板已启动
   手机访问: https://resend-zone-cross.ngrok-free.dev/monitor

✅ Serenity 看板已启动
   手机访问: https://resend-zone-cross.ngrok-free.dev/monitor

✅ Serenity 看板已启动
   手机访问: https://resend-zone-cross.ngrok-free.dev/monitor

✅ Serenity 看板已启动
   手机访问: https://resend-zone-cross.ngrok-free.dev/monitor

✅ Serenity 看板已启动
   手机访问: https://resend-zone-cross.ngrok-free.dev/monitor

✅ Serenity 看板已启动
   手机访问: https://resend-zone-cross.ngrok-free.dev/monitor

✅ Serenity 看板已启动
   手机访问: https://resend-zone-cross.ngrok-free.dev/monitor
[INFO   ] 市场状态: 震荡市 → [内核冻结] 忽略市场体制权重偏移，使用固定权重
[WARNING] ⚠️ 均值回归模式激活 — 负IC因子(动量/量能/技术面)将自动翻转
[INFO   ] 🔧 [MR模式] 因子翻转激活: ['factor', 'moat', 'technical', 'volume']
[INFO   ] 🔧 [MR模式] 因子翻转激活: ['factor', 'moat', 'technical', 'volume']
[INFO   ] 🔧 [MR模式] 因子翻转激活: ['factor', 'moat', 'technical', 'volume']
[INFO   ] 🔧 [MR模式] 因子翻转激活: ['factor', 'moat', 'technical', 'volume']
[INFO   ] 🔧 [MR模式] 因子翻转激活: ['factor', 'moat', 'technical', 'volume']
[INFO   ] 🔧 [MR模式] 因子翻转激活: ['factor', 'moat', 'technical', 'volume']
[INFO   ] 🔧 [MR模式] 因子翻转激活: ['factor', 'moat', 'technical', 'volume']
[INFO   ] 🔧 [MR模式] 因子翻转激活: ['factor', 'moat', 'technical', 'volume']
[INFO   ] 🔧 [MR模式] 因子翻转激活: ['factor', 'moat', 'technical', 'volume']
[INFO   ] 🔧 [MR模式] 因子翻转激活: ['factor', 'moat', 'technical', 'volume']
[INFO   ] 🔧 [MR模式] 因子翻转激活: ['factor', 'moat', 'technical', 'volume']
[INFO   ] 🔧 [MR模式] 因子翻转激活: ['factor', 'moat', 'technical', 'volume']
[INFO   ] 🔧 [MR模式] 因子翻转激活: ['factor', 'moat', 'technical', 'volume']
[INFO   ] 🔧 [MR模式] 因子翻转激活: ['factor', 'moat', 'technical', 'volume']
[INFO   ] 🔧 [MR模式] 因子翻转激活: ['factor', 'moat', 'technical', 'volume']
[INFO   ] 🔧 [MR模式] 因子翻转激活: ['factor', 'moat', 'technical', 'volume']
[INFO   ] 🔧 [MR模式] 因子翻转激活: ['factor', 'moat', 'technical', 'volume']
[INFO   ] 🔧 [MR模式] 因子翻转激活: ['factor', 'moat', 'technical', 'volume']
[INFO   ] 🔧 [MR模式] 因子翻转激活: ['factor', 'moat', 'technical', 'volume']
[INFO   ] 🔧 [MR模式] 因子翻转激活: ['factor', 'moat', 'technical', 'volume']

✅ Serenity 看板已启动
   手机访问: https://resend-zone-cross.ngrok-free.dev/monitor
[INFO   ]   🟡 CAUTION_BUY 精筛拦截 兴发集团: 量能确认:缩量0.0x MA20; 动量底线[MR]:动量分85(15-65期望)
[INFO   ]   🟡 CAUTION_BUY 精筛拦截 亨通光电: 量能确认:缩量0.0x MA20; 动量底线[MR]:动量分75(15-65期望)
[INFO   ]   🛡️ 非持仓SELL降级 士兰微: SELL → WATCH (历史胜率仅20%)
[INFO   ]   🛡️ 非持仓SELL降级 兆易创新: SELL → WATCH (历史胜率仅20%)
[INFO   ]   🛡️ 非持仓SELL降级 中国巨石: SELL → WATCH (历史胜率仅20%)

✅ Serenity 看板已启动
   手机访问: https://resend-zone-cross.ngrok-free.dev/monitor
[INFO   ]   🟡 CAUTION_BUY 精筛拦截 海螺水泥: 量能确认:缩量0.0x MA20
[INFO   ]   🟡 CAUTION_BUY 精筛拦截 大秦铁路: 量能确认:缩量0.0x MA20; 动量底线[MR]:动量分75(15-65期望)
[INFO   ]   🛡️ 非持仓SELL降级 紫光股份: SELL → WATCH (历史胜率仅20%)
[INFO   ]   🛡️ 非持仓SELL降级 恒立液压: SELL → WATCH (历史胜率仅20%)
[INFO   ]   🛡️ 非持仓SELL降级 卧龙电驱: SELL → WATCH (历史胜率仅20%)

✅ Serenity 看板已启动
   手机访问: https://resend-zone-cross.ngrok-free.dev/monitor
[INFO   ]   🛡️ 非持仓SELL降级 中大力德: SELL → WATCH (历史胜率仅20%)
2026-07-10 12:00:39,340 [INFO] HTTP Request: GET http://qt.gtimg.cn/q=sz000988,sh600036 "HTTP/1.1 200 OK"
2026-07-10 12:00:39,387 [DEBUG] 审计记录写入: 3c5929c8388f4cb4 002281 CAUTION_BUY score=61

✅ Serenity 看板已启动
   手机访问: https://resend-zone-cross.ngrok-free.dev/monitor
2026-07-10 12:00:45,554 [INFO] HTTP Request: GET http://qt.gtimg.cn/q=sz000988,sh600036 "HTTP/1.1 200 OK"
2026-07-10 12:00:45,581 [DEBUG] 审计记录写入: 467700e4d2f649ca 000988 HOLD score=59
2026-07-10 12:00:51,945 [INFO] HTTP Request: GET http://qt.gtimg.cn/q=sz000988,sh600036 "HTTP/1.1 200 OK"
2026-07-10 12:00:51,977 [DEBUG] 审计记录写入: ce5b8abe7ac944ab 600141 CAUTION_BUY score=61

✅ Serenity 看板已启动
   手机访问: https://resend-zone-cross.ngrok-free.dev/monitor
2026-07-10 12:00:58,334 [INFO] HTTP Request: GET http://qt.gtimg.cn/q=sz000988,sh600036 "HTTP/1.1 200 OK"
2026-07-10 12:00:58,363 [DEBUG] 审计记录写入: adc4d122c7454452 603083 HOLD score=56

✅ Serenity 看板已启动
   手机访问: https://resend-zone-cross.ngrok-free.dev/monitor
2026-07-10 12:01:04,796 [INFO] HTTP Request: GET http://qt.gtimg.cn/q=sz000988,sh600036 "HTTP/1.1 200 OK"
2026-07-10 12:01:04,825 [DEBUG] 审计记录写入: 55c6f125b929407a 600487 CAUTION_BUY score=63
2026-07-10 12:01:11,218 [INFO] HTTP Request: GET http://qt.gtimg.cn/q=sz000988,sh600036 "HTTP/1.1 200 OK"
2026-07-10 12:01:11,242 [DEBUG] 审计记录写入: 06fb9fc2662c4c0a 002428 HOLD score=55

✅ Serenity 看板已启动
   手机访问: https://resend-zone-cross.ngrok-free.dev/monitor
2026-07-10 12:01:17,521 [INFO] HTTP Request: GET http://qt.gtimg.cn/q=sz000988,sh600036 "HTTP/1.1 200 OK"
2026-07-10 12:01:17,549 [DEBUG] 审计记录写入: aa649547b0444317 600460 SELL score=40
2026-07-10 12:01:23,872 [INFO] HTTP Request: GET http://qt.gtimg.cn/q=sz000988,sh600036 "HTTP/1.1 200 OK"
2026-07-10 12:01:23,897 [DEBUG] 审计记录写入: b40da0e8c7ae46a0 603986 WATCH score=45

✅ Serenity 看板已启动
   手机访问: https://resend-zone-cross.ngrok-free.dev/monitor
2026-07-10 12:01:30,425 [INFO] HTTP Request: GET http://qt.gtimg.cn/q=sz000988,sh600036 "HTTP/1.1 200 OK"
2026-07-10 12:01:30,455 [DEBUG] 审计记录写入: 6a112d9affe84042 600176 SELL score=42

✅ Serenity 看板已启动
   手机访问: https://resend-zone-cross.ngrok-free.dev/monitor
2026-07-10 12:01:36,663 [INFO] HTTP Request: GET http://qt.gtimg.cn/q=sz000988,sh600036 "HTTP/1.1 200 OK"
2026-07-10 12:01:36,687 [DEBUG] 审计记录写入: 1f80dd87943e4526 600036 BUY score=69
2026-07-10 12:01:43,056 [INFO] HTTP Request: GET http://qt.gtimg.cn/q=sz000988,sh600036 "HTTP/1.1 200 OK"
2026-07-10 12:01:43,086 [DEBUG] 审计记录写入: e2bebf1e813447e7 600585 CAUTION_BUY score=63

✅ Serenity 看板已启动
   手机访问: https://resend-zone-cross.ngrok-free.dev/monitor
2026-07-10 12:01:49,301 [INFO] HTTP Request: GET http://qt.gtimg.cn/q=sz000988,sh600036 "HTTP/1.1 200 OK"
2026-07-10 12:01:49,329 [DEBUG] 审计记录写入: 8b7227c652f44012 600900 CAUTION_BUY score=62
2026-07-10 12:01:55,910 [INFO] HTTP Request: GET http://qt.gtimg.cn/q=sz000988,sh600036 "HTTP/1.1 200 OK"
2026-07-10 12:01:55,936 [DEBUG] 审计记录写入: 255c42659dc24cfc 601398 CAUTION_BUY score=68

✅ Serenity 看板已启动
   手机访问: https://resend-zone-cross.ngrok-free.dev/monitor
2026-07-10 12:02:02,243 [INFO] HTTP Request: GET http://qt.gtimg.cn/q=sz000988,sh600036 "HTTP/1.1 200 OK"
2026-07-10 12:02:02,272 [DEBUG] 审计记录写入: 9f84c43c61784ecb 601006 BUY score=68

✅ Serenity 看板已启动
   手机访问: https://resend-zone-cross.ngrok-free.dev/monitor
2026-07-10 12:02:08,651 [INFO] HTTP Request: GET http://qt.gtimg.cn/q=sz000988,sh600036 "HTTP/1.1 200 OK"
2026-07-10 12:02:08,676 [DEBUG] 审计记录写入: c45747206dbb458c 000938 SELL score=44
2026-07-10 12:02:15,189 [INFO] HTTP Request: GET http://qt.gtimg.cn/q=sz000988,sh600036 "HTTP/1.1 200 OK"
2026-07-10 12:02:15,215 [DEBUG] 审计记录写入: 3341b8926d0646ae 601689 HOLD score=59

✅ Serenity 看板已启动
   手机访问: https://resend-zone-cross.ngrok-free.dev/monitor
2026-07-10 12:02:21,640 [INFO] HTTP Request: GET http://qt.gtimg.cn/q=sz000988,sh600036 "HTTP/1.1 200 OK"
2026-07-10 12:02:21,666 [DEBUG] 审计记录写入: d9636087fefb4bc9 002050 HOLD score=54

✅ Serenity 看板已启动
   手机访问: https://resend-zone-cross.ngrok-free.dev/monitor
2026-07-10 12:02:27,965 [INFO] HTTP Request: GET http://qt.gtimg.cn/q=sz000988,sh600036 "HTTP/1.1 200 OK"
2026-07-10 12:02:27,984 [DEBUG] 审计记录写入: fd3ce6156d0f4bd7 601100 SELL score=42
2026-07-10 12:02:34,409 [INFO] HTTP Request: GET http://qt.gtimg.cn/q=sz000988,sh600036 "HTTP/1.1 200 OK"
2026-07-10 12:02:34,437 [DEBUG] 审计记录写入: b675a22d7f664241 600580 SELL score=44

✅ Serenity 看板已启动
   手机访问: https://resend-zone-cross.ngrok-free.dev/monitor
2026-07-10 12:02:42,157 [INFO] HTTP Request: GET http://qt.gtimg.cn/q=sz000988,sh600036 "HTTP/1.1 200 OK"
2026-07-10 12:02:42,224 [DEBUG] 审计记录写入: 621ebd6d617e457f 002896 SELL score=41
2026-07-10 12:02:45,670 [INFO] HTTP Request: GET http://qt.gtimg.cn/q=sz002281,sz000988,sh600141,sh603083,sh600487,sz002428,sh600460,sh603986,sh600176,sh600036,sh600585,sh600900,sh601398,sh601006,sz000938,sh601689,sz002050,sh601100,sh600580,sz002896 "HTTP/1.1 200 OK"
2026-07-10 12:02:46,596 [INFO] HTTP Request: GET http://qt.gtimg.cn/q=sz000988,sh600036 "HTTP/1.1 200 OK"
[INFO   ]   🟡 CAUTION_BUY 精筛拦截 光迅科技: 量能确认:缩量0.0x MA20
2026-07-10 12:02:46,614 [INFO]   🟡 CAUTION_BUY 精筛拦截 光迅科技: 量能确认:缩量0.0x MA20
2026-07-10 12:02:47,560 [INFO] HTTP Request: GET http://qt.gtimg.cn/q=sz000988,sh600036 "HTTP/1.1 200 OK"

✅ Serenity 看板已启动
   手机访问: https://resend-zone-cross.ngrok-free.dev/monitor
2026-07-10 12:02:48,547 [INFO] HTTP Request: GET http://qt.gtimg.cn/q=sz000988,sh600036 "HTTP/1.1 200 OK"
[INFO   ]   🟡 CAUTION_BUY 精筛拦截 兴发集团: 量能确认:缩量0.0x MA20; 动量底线[MR]:动量分85(15-65期望)
2026-07-10 12:02:48,573 [INFO]   🟡 CAUTION_BUY 精筛拦截 兴发集团: 量能确认:缩量0.0x MA20; 动量底线[MR]:动量分85(15-65期望)
2026-07-10 12:02:49,576 [INFO] HTTP Request: GET http://qt.gtimg.cn/q=sz000988,sh600036 "HTTP/1.1 200 OK"
2026-07-10 12:02:50,544 [INFO] HTTP Request: GET http://qt.gtimg.cn/q=sz000988,sh600036 "HTTP/1.1 200 OK"
[INFO   ]   🟡 CAUTION_BUY 精筛拦截 亨通光电: 量能确认:缩量0.0x MA20; 动量底线[MR]:动量分75(15-65期望)
2026-07-10 12:02:50,571 [INFO]   🟡 CAUTION_BUY 精筛拦截 亨通光电: 量能确认:缩量0.0x MA20; 动量底线[MR]:动量分75(15-65期望)
2026-07-10 12:02:51,522 [INFO] HTTP Request: GET http://qt.gtimg.cn/q=sz000988,sh600036 "HTTP/1.1 200 OK"
2026-07-10 12:02:52,498 [INFO] HTTP Request: GET http://qt.gtimg.cn/q=sz000988,sh600036 "HTTP/1.1 200 OK"
[INFO   ]   🛡️ 非持仓SELL降级 士兰微: SELL → WATCH (历史胜率仅20%)
2026-07-10 12:02:52,517 [INFO]   🛡️ 非持仓SELL降级 士兰微: SELL → WATCH (历史胜率仅20%)
2026-07-10 12:02:53,473 [INFO] HTTP Request: GET http://qt.gtimg.cn/q=sz000988,sh600036 "HTTP/1.1 200 OK"
2026-07-10 12:02:54,461 [INFO] HTTP Request: GET http://qt.gtimg.cn/q=sz000988,sh600036 "HTTP/1.1 200 OK"
[INFO   ]   🛡️ 非持仓SELL降级 中国巨石: SELL → WATCH (历史胜率仅20%)
2026-07-10 12:02:54,481 [INFO]   🛡️ 非持仓SELL降级 中国巨石: SELL → WATCH (历史胜率仅20%)
2026-07-10 12:02:55,450 [INFO] HTTP Request: GET http://qt.gtimg.cn/q=sz000988,sh600036 "HTTP/1.1 200 OK"
2026-07-10 12:02:56,435 [INFO] HTTP Request: GET http://qt.gtimg.cn/q=sz000988,sh600036 "HTTP/1.1 200 OK"
[INFO   ]   🟡 CAUTION_BUY 精筛拦截 海螺水泥: 量能确认:缩量0.0x MA20
2026-07-10 12:02:56,495 [INFO]   🟡 CAUTION_BUY 精筛拦截 海螺水泥: 量能确认:缩量0.0x MA20
2026-07-10 12:02:57,415 [INFO] HTTP Request: GET http://qt.gtimg.cn/q=sz000988,sh600036 "HTTP/1.1 200 OK"
2026-07-10 12:02:58,385 [INFO] HTTP Request: GET http://qt.gtimg.cn/q=sz000988,sh600036 "HTTP/1.1 200 OK"

✅ Serenity 看板已启动
   手机访问: https://resend-zone-cross.ngrok-free.dev/monitor
2026-07-10 12:02:59,399 [INFO] HTTP Request: GET http://qt.gtimg.cn/q=sz000988,sh600036 "HTTP/1.1 200 OK"
2026-07-10 12:03:00,317 [INFO] HTTP Request: GET http://qt.gtimg.cn/q=sz000988,sh600036 "HTTP/1.1 200 OK"
2026-07-10 12:03:01,235 [INFO] HTTP Request: GET http://qt.gtimg.cn/q=sh601006 "HTTP/1.1 200 OK"
2026-07-10 12:03:02,207 [INFO] HTTP Request: GET http://qt.gtimg.cn/q=sz000988,sh600036 "HTTP/1.1 200 OK"
[INFO   ]   🛡️ 非持仓SELL降级 紫光股份: SELL → WATCH (历史胜率仅20%)
2026-07-10 12:03:02,232 [INFO]   🛡️ 非持仓SELL降级 紫光股份: SELL → WATCH (历史胜率仅20%)
2026-07-10 12:03:03,182 [INFO] HTTP Request: GET http://qt.gtimg.cn/q=sz000988,sh600036 "HTTP/1.1 200 OK"
2026-07-10 12:03:04,139 [INFO] HTTP Request: GET http://qt.gtimg.cn/q=sz000988,sh600036 "HTTP/1.1 200 OK"
2026-07-10 12:03:05,117 [INFO] HTTP Request: GET http://qt.gtimg.cn/q=sz000988,sh600036 "HTTP/1.1 200 OK"
[INFO   ]   🛡️ 非持仓SELL降级 恒立液压: SELL → WATCH (历史胜率仅20%)
2026-07-10 12:03:05,142 [INFO]   🛡️ 非持仓SELL降级 恒立液压: SELL → WATCH (历史胜率仅20%)
2026-07-10 12:03:06,076 [INFO] HTTP Request: GET http://qt.gtimg.cn/q=sz000988,sh600036 "HTTP/1.1 200 OK"
[INFO   ]   🛡️ 非持仓SELL降级 卧龙电驱: SELL → WATCH (历史胜率仅20%)
2026-07-10 12:03:06,096 [INFO]   🛡️ 非持仓SELL降级 卧龙电驱: SELL → WATCH (历史胜率仅20%)
2026-07-10 12:03:07,241 [INFO] HTTP Request: GET http://qt.gtimg.cn/q=sz000988,sh600036 "HTTP/1.1 200 OK"
[INFO   ]   🛡️ 非持仓SELL降级 中大力德: SELL → WATCH (历史胜率仅20%)
2026-07-10 12:03:07,264 [INFO]   🛡️ 非持仓SELL降级 中大力德: SELL → WATCH (历史胜率仅20%)
=======================================================
  📡 Serenity 交易信号 | 2026-07-10
=======================================================

  🟢 #1 工商银行 (601398) — CAUTION_BUY
     综合评分: 71.3
     现价: 7.31 | 买入区: 7-8 | 目标: 10
     建议仓位: 0元 (0股 @ ~7.31)
     全球最大银行，股息率5%+ — 国家队护盘标的，系统性重要 | 多周期共振[5d+20d↑] | 多周期共振[5d+20d↑]

  ⚪ #2 招商银行 (600036) — STRONG_HOLD
     综合评分: 69.0
     现价: 36.82 | 买入区: 34-42 | 目标: 52
     零售银行龙头，高股息防御 — 震荡市资金避风港，ROE行业领先

  🟢🟢 #3 大秦铁路 (601006) — BUY
     综合评分: 67.7
     现价: 4.69 | 买入区: 4-5 | 目标: 7
     建议仓位: 4221元 (900股 @ ~4.69)
     煤炭运输专线，稳定现金流 — 高股息+低波动，红利策略核心

  ⚪ #4 长江电力 (600900) — HOLD
     综合评分: 65.5
     现价: 27.96 | 买入区: 24-30 | 目标: 36
     建议仓位: 0元 (0股 @ ~27.96)
     水电绝对龙头，现金流稳定 — 类债券属性，极端行情避险首选 | 多周期共振[5d+20d↑]

  ⚪ #5 海螺水泥 (600585) — HOLD
     综合评分: 63.2
     现价: 17.23 | 买入区: 16-20 | 目标: 24
     建议仓位: 0元 (0股 @ ~17.23)
     水泥龙头+高分红 — 基建稳增长受益，低估值防御属性强

  ⚪ #6 亨通光电 (600487) — HOLD
     综合评分: 62.7
     现价: 81.0 | 买入区: 82-115 | 目标: 145
     建议仓位: 0元 (0股 @ ~81.00)
     光纤光缆龙头，CPO光纤阵列(FAU)受益 — 防守型+补涨逻辑

  ⚪ #7 兴发集团 (600141) — HOLD
     综合评分: 61.3
     现价: 35.12 | 买入区: 30-36 | 目标: 44
     建议仓位: 0元 (0股 @ ~35.12)
     磷化工龙头，红磷/磷化学品用于CPO光对准和Rubin半导体热管理 — Serenity红磷主题映射

  ⚪ #8 光迅科技 (002281) — HOLD
     综合评分: 60.8
     现价: 244.83 | 买入区: 175-220 | 目标: 300
     建议仓位: 0元 (0股 @ ~244.83)
     光器件全产业链龙头，AI光互联核心受益 — CPO检测/FAU直接映射Serenity的SIVE瓶颈逻辑

  ⚪ #9 华工科技 (000988) — TAKE_PROFIT
     综合评分: 59.0
     现价: 163.45 | 买入区: 130-165 | 目标: 220
     光模块+激光双主线，AI算力配套 — 激光器+光引擎赛道与SIVE逻辑高度重合

  ⚪ #10 拓普集团 (601689) — HOLD
     综合评分: 58.9
     现价: 57.63 | 买入区: 80-105 | 目标: 135
     特斯拉Optimus执行器模组核心供应商 — 机器人+汽车双主线，公募持仓40亿+

  ⚪ #11 剑桥科技 (603083) — HOLD
     综合评分: 56.2
     现价: 207.84 | 买入区: 155-190 | 目标: 270
     高速光模块弹性标的，800G/1.6T放量 — 受益于CPO光学引擎需求爆发

  ⚪ #12 云南锗业 (002428) — HOLD
     综合评分: 55.1
     现价: 103.8 | 买入区: 78-96 | 目标: 120
     锗衬底材料，CPO用InP衬底的替代表达 — Serenity持有AXTI的映射逻辑

  ⚪ #13 三花智控 (002050) — HOLD
     综合评分: 54.3
     现价: 44.0 | 买入区: 28-38 | 目标: 48
     热管理/执行器龙头 — 特斯拉供应链核心，公募持仓60亿+，机器人+汽零双驱动

  ⚪ #14 兆易创新 (603986) — WATCH
     综合评分: 45.4
     现价: 663.38 | 买入区: 410-505 | 目标: 625
     NOR Flash/DRAM，AI数据中心存储需求外溢 — Serenity重仓SNDK的映射逻辑

  ⚪ #15 卧龙电驱 (600580) — WATCH
     综合评分: 44.3
     现价: 34.19 | 买入区: 18-25 | 目标: 32
     伺服电机龙头 — 机器人动力系统核心供应商，国产伺服替代受益

  ⚪ #16 紫光股份 (000938) — WATCH
     综合评分: 43.5
     现价: 39.25 | 买入区: 22-30 | 目标: 38
     AI算力交换机龙头，新华三核心资产 — 数据中心交换机+服务器双主线，AI基建核心受益

  ⚪ #17 中国巨石 (600176) — WATCH
     综合评分: 42.5
     现价: 58.0 | 买入区: 36-44 | 目标: 54
     玻纤/电子布全球龙头，AI服务器PCB基材需求爆发 — 6月金股(7家券商推荐)，同赛道宏和科技已20倍

  ⚪ #18 恒立液压 (601100) — WATCH
     综合评分: 42.0
     现价: 110.42 | 买入区: 55-72 | 目标: 92
     液压件龙头→人形机器人丝杠 — 技术壁垒高，国产替代+机器人新增量逻辑

  ⚪ #19 中大力德 (002896) — WATCH
     综合评分: 41.3
     现价: 76.51 | 买入区: 35-48 | 目标: 62
     RV减速器+电机一体化 — 国产减速器替代，机器人关节核心部件

  ⚪ #20 士兰微 (600460) — WATCH
     综合评分: 40.2
     现价: 46.81 | 买入区: 28-34 | 目标: 42
     功率半导体IDM龙头，800VDC数据中心供电架构受益 — 映射Serenity NVTS/POWI功率半主题

=======================================================
  共 20 个信号 | 可用资金: 4949 元
=======================================================
[INFO   ] 市场状态: 震荡市 → [内核冻结] 忽略市场体制权重偏移，使用固定权重
[WARNING] ⚠️ 均值回归模式激活 — 负IC因子(动量/量能/技术面)将自动翻转

✅ Serenity 看板已启动
   手机访问: https://resend-zone-cross.ngrok-free.dev/monitor
⏱️ 盘中监控 [12:03] — 检测 3 只持仓
触发 1 条预警

⚠️ [B] 华工科技: 止盈 T5: 9.2% ≥ 5%, 建议出 50%


✅ Serenity 看板已启动
   手机访问: https://resend-zone-cross.ngrok-free.dev/monitor

✅ Serenity 看板已启动
   手机访问: https://resend-zone-cross.ngrok-free.dev/monitor

✅ Serenity 看板已启动
   手机访问: https://resend-zone-cross.ngrok-free.dev/monitor

✅ Serenity 看板已启动
   手机访问: https://resend-zone-cross.ngrok-free.dev/monitor

✅ Serenity 看板已启动
   手机访问: https://resend-zone-cross.ngrok-free.dev/monitor

✅ Serenity 看板已启动
   手机访问: https://resend-zone-cross.ngrok-free.dev/monitor

✅ Serenity 看板已启动
   手机访问: https://resend-zone-cross.ngrok-free.dev/monitor

✅ Serenity 看板已启动
   手机访问: https://resend-zone-cross.ngrok-free.dev/monitor

✅ Serenity 看板已启动
   手机访问: https://resend-zone-cross.ngrok-free.dev/monitor

✅ Serenity 看板已启动
   手机访问: https://resend-zone-cross.ngrok-free.dev/monitor

✅ Serenity 看板已启动
   手机访问: https://resend-zone-cross.ngrok-free.dev/monitor

✅ Serenity 看板已启动
   手机访问: https://resend-zone-cross.ngrok-free.dev/monitor

✅ Serenity 看板已启动
   手机访问: https://resend-zone-cross.ngrok-free.dev/monitor

✅ Serenity 看板已启动
   手机访问: https://resend-zone-cross.ngrok-free.dev/monitor

✅ Serenity 看板已启动
   手机访问: https://resend-zone-cross.ngrok-free.dev/monitor

✅ Serenity 看板已启动
   手机访问: https://resend-zone-cross.ngrok-free.dev/monitor

✅ Serenity 看板已启动
   手机访问: https://resend-zone-cross.ngrok-free.dev/monitor

✅ Serenity 看板已启动
   手机访问: https://resend-zone-cross.ngrok-free.dev/monitor

✅ Serenity 看板已启动
   手机访问: https://resend-zone-cross.ngrok-free.dev/monitor

✅ Serenity 看板已启动
   手机访问: https://resend-zone-cross.ngrok-free.dev/monitor

✅ Serenity 看板已启动
   手机访问: https://resend-zone-cross.ngrok-free.dev/monitor

✅ Serenity 看板已启动
   手机访问: https://resend-zone-cross.ngrok-free.dev/monitor

✅ Serenity 看板已启动
   手机访问: https://resend-zone-cross.ngrok-free.dev/monitor

✅ Serenity 看板已启动
   手机访问: https://resend-zone-cross.ngrok-free.dev/monitor

✅ Serenity 看板已启动
   手机访问: https://resend-zone-cross.ngrok-free.dev/monitor

✅ Serenity 看板已启动
   手机访问: https://resend-zone-cross.ngrok-free.dev/monitor

✅ Serenity 看板已启动
   手机访问: https://resend-zone-cross.ngrok-free.dev/monitor

✅ Serenity 看板已启动
   手机访问: https://resend-zone-cross.ngrok-free.dev/monitor

✅ Serenity 看板已启动
   手机访问: https://resend-zone-cross.ngrok-free.dev/monitor

✅ Serenity 看板已启动
   手机访问: https://resend-zone-cross.ngrok-free.dev/monitor

✅ Serenity 看板已启动
   手机访问: https://resend-zone-cross.ngrok-free.dev/monitor

✅ Serenity 看板已启动
   手机访问: https://resend-zone-cross.ngrok-free.dev/monitor

✅ Serenity 看板已启动
   手机访问: https://resend-zone-cross.ngrok-free.dev/monitor

✅ Serenity 看板已启动
   手机访问: https://resend-zone-cross.ngrok-free.dev/monitor

✅ Serenity 看板已启动
   手机访问: https://resend-zone-cross.ngrok-free.dev/monitor

✅ Serenity 看板已启动
   手机访问: https://resend-zone-cross.ngrok-free.dev/monitor

✅ Serenity 看板已启动
   手机访问: https://resend-zone-cross.ngrok-free.dev/monitor

✅ Serenity 看板已启动
   手机访问: https://resend-zone-cross.ngrok-free.dev/monitor

✅ Serenity 看板已启动
   手机访问: https://resend-zone-cross.ngrok-free.dev/monitor

✅ Serenity 看板已启动
   手机访问: https://resend-zone-cross.ngrok-free.dev/monitor

✅ Serenity 看板已启动
   手机访问: https://resend-zone-cross.ngrok-free.dev/monitor

✅ Serenity 看板已启动
   手机访问: https://resend-zone-cross.ngrok-free.dev/monitor

✅ Serenity 看板已启动
   手机访问: https://resend-zone-cross.ngrok-free.dev/monitor

✅ Serenity 看板已启动
   手机访问: https://resend-zone-cross.ngrok-free.dev/monitor

✅ Serenity 看板已启动
   手机访问: https://resend-zone-cross.ngrok-free.dev/monitor

✅ Serenity 看板已启动
   手机访问: https://resend-zone-cross.ngrok-free.dev/monitor

✅ Serenity 看板已启动
   手机访问: https://resend-zone-cross.ngrok-free.dev/monitor

✅ Serenity 看板已启动
   手机访问: https://resend-zone-cross.ngrok-free.dev/monitor

✅ Serenity 看板已启动
   手机访问: https://resend-zone-cross.ngrok-free.dev/monitor

✅ Serenity 看板已启动
   手机访问: https://resend-zone-cross.ngrok-free.dev/monitor

✅ Serenity 看板已启动
   手机访问: https://resend-zone-cross.ngrok-free.dev/monitor

✅ Serenity 看板已启动
   手机访问: https://resend-zone-cross.ngrok-free.dev/monitor

✅ Serenity 看板已启动
   手机访问: https://resend-zone-cross.ngrok-free.dev/monitor

✅ Serenity 看板已启动
   手机访问: https://resend-zone-cross.ngrok-free.dev/monitor

✅ Serenity 看板已启动
   手机访问: https://resend-zone-cross.ngrok-free.dev/monitor

✅ Serenity 看板已启动
   手机访问: https://resend-zone-cross.ngrok-free.dev/monitor

✅ Serenity 看板已启动
   手机访问: https://resend-zone-cross.ngrok-free.dev/monitor

✅ Serenity 看板已启动
   手机访问: https://resend-zone-cross.ngrok-free.dev/monitor

✅ Serenity 看板已启动
   手机访问: https://resend-zone-cross.ngrok-free.dev/monitor

✅ Serenity 看板已启动
   手机访问: https://resend-zone-cross.ngrok-free.dev/monitor

✅ Serenity 看板已启动
   手机访问: https://resend-zone-cross.ngrok-free.dev/monitor

✅ Serenity 看板已启动
   手机访问: https://resend-zone-cross.ngrok-free.dev/monitor

✅ Serenity 看板已启动
   手机访问: https://resend-zone-cross.ngrok-free.dev/monitor

✅ Serenity 看板已启动
   手机访问: https://resend-zone-cross.ngrok-free.dev/monitor

✅ Serenity 看板已启动
   手机访问: https://resend-zone-cross.ngrok-free.dev/monitor

✅ Serenity 看板已启动
   手机访问: https://resend-zone-cross.ngrok-free.dev/monitor

✅ Serenity 看板已启动
   手机访问: https://resend-zone-cross.ngrok-free.dev/monitor

✅ Serenity 看板已启动
   手机访问: https://resend-zone-cross.ngrok-free.dev/monitor

✅ Serenity 看板已启动
   手机访问: https://resend-zone-cross.ngrok-free.dev/monitor

✅ Serenity 看板已启动
   手机访问: https://resend-zone-cross.ngrok-free.dev/monitor

✅ Serenity 看板已启动
   手机访问: https://resend-zone-cross.ngrok-free.dev/monitor

✅ Serenity 看板已启动
   手机访问: https://resend-zone-cross.ngrok-free.dev/monitor

✅ Serenity 看板已启动
   手机访问: https://resend-zone-cross.ngrok-free.dev/monitor

✅ Serenity 看板已启动
   手机访问: https://resend-zone-cross.ngrok-free.dev/monitor

✅ Serenity 看板已启动
   手机访问: https://resend-zone-cross.ngrok-free.dev/monitor

✅ Serenity 看板已启动
   手机访问: https://resend-zone-cross.ngrok-free.dev/monitor

✅ Serenity 看板已启动
   手机访问: https://resend-zone-cross.ngrok-free.dev/monitor

✅ Serenity 看板已启动
   手机访问: https://resend-zone-cross.ngrok-free.dev/monitor

✅ Serenity 看板已启动
   手机访问: https://resend-zone-cross.ngrok-free.dev/monitor

✅ Serenity 看板已启动
   手机访问: https://resend-zone-cross.ngrok-free.dev/monitor

✅ Serenity 看板已启动
   手机访问: https://resend-zone-cross.ngrok-free.dev/monitor

✅ Serenity 看板已启动
   手机访问: https://resend-zone-cross.ngrok-free.dev/monitor

✅ Serenity 看板已启动
   手机访问: https://resend-zone-cross.ngrok-free.dev/monitor

✅ Serenity 看板已启动
   手机访问: https://resend-zone-cross.ngrok-free.dev/monitor

✅ Serenity 看板已启动
   手机访问: https://resend-zone-cross.ngrok-free.dev/monitor

✅ Serenity 看板已启动
   手机访问: https://resend-zone-cross.ngrok-free.dev/monitor

✅ Serenity 看板已启动
   手机访问: https://resend-zone-cross.ngrok-free.dev/monitor

✅ Serenity 看板已启动
   手机访问: https://resend-zone-cross.ngrok-free.dev/monitor

✅ Serenity 看板已启动
   手机访问: https://resend-zone-cross.ngrok-free.dev/monitor

✅ Serenity 看板已启动
   手机访问: https://resend-zone-cross.ngrok-free.dev/monitor

✅ Serenity 看板已启动
   手机访问: https://resend-zone-cross.ngrok-free.dev/monitor

✅ Serenity 看板已启动
   手机访问: https://resend-zone-cross.ngrok-free.dev/monitor

✅ Serenity 看板已启动
   手机访问: https://resend-zone-cross.ngrok-free.dev/monitor

✅ Serenity 看板已启动
   手机访问: https://resend-zone-cross.ngrok-free.dev/monitor

✅ Serenity 看板已启动
   手机访问: https://resend-zone-cross.ngrok-free.dev/monitor

✅ Serenity 看板已启动
   手机访问: https://resend-zone-cross.ngrok-free.dev/monitor

✅ Serenity 看板已启动
   手机访问: https://resend-zone-cross.ngrok-free.dev/monitor

✅ Serenity 看板已启动
   手机访问: https://resend-zone-cross.ngrok-free.dev/monitor

✅ Serenity 看板已启动
   手机访问: https://resend-zone-cross.ngrok-free.dev/monitor

✅ Serenity 看板已启动
   手机访问: https://resend-zone-cross.ngrok-free.dev/monitor

✅ Serenity 看板已启动
   手机访问: https://resend-zone-cross.ngrok-free.dev/monitor

✅ Serenity 看板已启动
   手机访问: https://resend-zone-cross.ngrok-free.dev/monitor

✅ Serenity 看板已启动
   手机访问: https://resend-zone-cross.ngrok-free.dev/monitor

✅ Serenity 看板已启动
   手机访问: https://resend-zone-cross.ngrok-free.dev/monitor

✅ Serenity 看板已启动
   手机访问: https://resend-zone-cross.ngrok-free.dev/monitor

✅ Serenity 看板已启动
   手机访问: https://resend-zone-cross.ngrok-free.dev/monitor

✅ Serenity 看板已启动
   手机访问: https://resend-zone-cross.ngrok-free.dev/monitor

✅ Serenity 看板已启动
   手机访问: https://resend-zone-cross.ngrok-free.dev/monitor

✅ Serenity 看板已启动
   手机访问: https://resend-zone-cross.ngrok-free.dev/monitor

✅ Serenity 看板已启动
   手机访问: https://resend-zone-cross.ngrok-free.dev/monitor

✅ Serenity 看板已启动
   手机访问: https://resend-zone-cross.ngrok-free.dev/monitor

✅ Serenity 看板已启动
   手机访问: https://resend-zone-cross.ngrok-free.dev/monitor

✅ Serenity 看板已启动
   手机访问: https://resend-zone-cross.ngrok-free.dev/monitor

✅ Serenity 看板已启动
   手机访问: https://resend-zone-cross.ngrok-free.dev/monitor

✅ Serenity 看板已启动
   手机访问: https://resend-zone-cross.ngrok-free.dev/monitor

✅ Serenity 看板已启动
   手机访问: https://resend-zone-cross.ngrok-free.dev/monitor

✅ Serenity 看板已启动
   手机访问: https://resend-zone-cross.ngrok-free.dev/monitor

✅ Serenity 看板已启动
   手机访问: https://resend-zone-cross.ngrok-free.dev/monitor

✅ Serenity 看板已启动
   手机访问: https://resend-zone-cross.ngrok-free.dev/monitor

✅ Serenity 看板已启动
   手机访问: https://resend-zone-cross.ngrok-free.dev/monitor

✅ Serenity 看板已启动
   手机访问: https://resend-zone-cross.ngrok-free.dev/monitor

✅ Serenity 看板已启动
   手机访问: https://resend-zone-cross.ngrok-free.dev/monitor

✅ Serenity 看板已启动
   手机访问: https://resend-zone-cross.ngrok-free.dev/monitor

✅ Serenity 看板已启动
   手机访问: https://resend-zone-cross.ngrok-free.dev/monitor

✅ Serenity 看板已启动
   手机访问: https://resend-zone-cross.ngrok-free.dev/monitor

✅ Serenity 看板已启动
   手机访问: https://resend-zone-cross.ngrok-free.dev/monitor

✅ Serenity 看板已启动
   手机访问: https://resend-zone-cross.ngrok-free.dev/monitor

✅ Serenity 看板已启动
   手机访问: https://resend-zone-cross.ngrok-free.dev/monitor

✅ Serenity 看板已启动
   手机访问: https://resend-zone-cross.ngrok-free.dev/monitor

✅ Serenity 看板已启动
   手机访问: https://resend-zone-cross.ngrok-free.dev/monitor

✅ Serenity 看板已启动
   手机访问: https://resend-zone-cross.ngrok-free.dev/monitor

✅ Serenity 看板已启动
   手机访问: https://resend-zone-cross.ngrok-free.dev/monitor

✅ Serenity 看板已启动
   手机访问: https://resend-zone-cross.ngrok-free.dev/monitor

✅ Serenity 看板已启动
   手机访问: https://resend-zone-cross.ngrok-free.dev/monitor

✅ Serenity 看板已启动
   手机访问: https://resend-zone-cross.ngrok-free.dev/monitor

✅ Serenity 看板已启动
   手机访问: https://resend-zone-cross.ngrok-free.dev/monitor

✅ Serenity 看板已启动
   手机访问: https://resend-zone-cross.ngrok-free.dev/monitor

✅ Serenity 看板已启动
   手机访问: https://resend-zone-cross.ngrok-free.dev/monitor

✅ Serenity 看板已启动
   手机访问: https://resend-zone-cross.ngrok-free.dev/monitor

✅ Serenity 看板已启动
   手机访问: https://resend-zone-cross.ngrok-free.dev/monitor

✅ Serenity 看板已启动
   手机访问: https://resend-zone-cross.ngrok-free.dev/monitor

✅ Serenity 看板已启动
   手机访问: https://resend-zone-cross.ngrok-free.dev/monitor

✅ Serenity 看板已启动
   手机访问: https://resend-zone-cross.ngrok-free.dev/monitor

✅ Serenity 看板已启动
   手机访问: https://resend-zone-cross.ngrok-free.dev/monitor

✅ Serenity 看板已启动
   手机访问: https://resend-zone-cross.ngrok-free.dev/monitor

✅ Serenity 看板已启动
   手机访问: https://resend-zone-cross.ngrok-free.dev/monitor

✅ Serenity 看板已启动
   手机访问: https://resend-zone-cross.ngrok-free.dev/monitor

✅ Serenity 看板已启动
   手机访问: https://resend-zone-cross.ngrok-free.dev/monitor

✅ Serenity 看板已启动
   手机访问: https://resend-zone-cross.ngrok-free.dev/monitor

✅ Serenity 看板已启动
   手机访问: https://resend-zone-cross.ngrok-free.dev/monitor

✅ Serenity 看板已启动
   手机访问: https://resend-zone-cross.ngrok-free.dev/monitor

✅ Serenity 看板已启动
   手机访问: https://resend-zone-cross.ngrok-free.dev/monitor

✅ Serenity 看板已启动
   手机访问: https://resend-zone-cross.ngrok-free.dev/monitor

✅ Serenity 看板已启动
   手机访问: https://resend-zone-cross.ngrok-free.dev/monitor
[INFO   ] 市场状态: 震荡市 → [内核冻结] 忽略市场体制权重偏移，使用固定权重
[WARNING] ⚠️ 均值回归模式激活 — 负IC因子(动量/量能/技术面)将自动翻转
[INFO   ] 🔧 [MR模式] 因子翻转激活: ['factor', 'moat', 'technical', 'volume']
[INFO   ] 🔧 [MR模式] 因子翻转激活: ['factor', 'moat', 'technical', 'volume']
[INFO   ] 🔧 [MR模式] 因子翻转激活: ['factor', 'moat', 'technical', 'volume']
[INFO   ] 🔧 [MR模式] 因子翻转激活: ['factor', 'moat', 'technical', 'volume']
[INFO   ] 🔧 [MR模式] 因子翻转激活: ['factor', 'moat', 'technical', 'volume']
[INFO   ] 🔧 [MR模式] 因子翻转激活: ['factor', 'moat', 'technical', 'volume']
[INFO   ] 🔧 [MR模式] 因子翻转激活: ['factor', 'moat', 'technical', 'volume']
[INFO   ] 🔧 [MR模式] 因子翻转激活: ['factor', 'moat', 'technical', 'volume']
[INFO   ] 🔧 [MR模式] 因子翻转激活: ['factor', 'moat', 'technical', 'volume']
[INFO   ] 🔧 [MR模式] 因子翻转激活: ['factor', 'moat', 'technical', 'volume']
[INFO   ] 🔧 [MR模式] 因子翻转激活: ['factor', 'moat', 'technical', 'volume']
[INFO   ] 🔧 [MR模式] 因子翻转激活: ['factor', 'moat', 'technical', 'volume']
[INFO   ] 🔧 [MR模式] 因子翻转激活: ['factor', 'moat', 'technical', 'volume']
[INFO   ] 🔧 [MR模式] 因子翻转激活: ['factor', 'moat', 'technical', 'volume']
[INFO   ] 🔧 [MR模式] 因子翻转激活: ['factor', 'moat', 'technical', 'volume']
[INFO   ] 🔧 [MR模式] 因子翻转激活: ['factor', 'moat', 'technical', 'volume']
[INFO   ] 🔧 [MR模式] 因子翻转激活: ['factor', 'moat', 'technical', 'volume']
[INFO   ] 🔧 [MR模式] 因子翻转激活: ['factor', 'moat', 'technical', 'volume']
[INFO   ] 🔧 [MR模式] 因子翻转激活: ['factor', 'moat', 'technical', 'volume']
[INFO   ] 🔧 [MR模式] 因子翻转激活: ['factor', 'moat', 'technical', 'volume']

✅ Serenity 看板已启动
   手机访问: https://resend-zone-cross.ngrok-free.dev/monitor
[INFO   ]   🟡 CAUTION_BUY 精筛拦截 兴发集团: 量能确认:缩量0.0x MA20; 动量底线[MR]:动量分85(15-65期望)
[INFO   ]   🟡 CAUTION_BUY 精筛拦截 亨通光电: 量能确认:缩量0.0x MA20; 动量底线[MR]:动量分75(15-65期望)
[INFO   ]   🛡️ 非持仓SELL降级 士兰微: SELL → WATCH (历史胜率仅20%)
[INFO   ]   🛡️ 非持仓SELL降级 兆易创新: SELL → WATCH (历史胜率仅20%)
[INFO   ]   🛡️ 非持仓SELL降级 中国巨石: SELL → WATCH (历史胜率仅20%)

✅ Serenity 看板已启动
   手机访问: https://resend-zone-cross.ngrok-free.dev/monitor
[INFO   ]   🟡 CAUTION_BUY 精筛拦截 海螺水泥: 量能确认:缩量0.0x MA20
[INFO   ]   🟡 CAUTION_BUY 精筛拦截 大秦铁路: 量能确认:缩量0.0x MA20; 动量底线[MR]:动量分75(15-65期望)
[INFO   ]   🛡️ 非持仓SELL降级 紫光股份: SELL → WATCH (历史胜率仅20%)
[INFO   ]   🛡️ 非持仓SELL降级 恒立液压: SELL → WATCH (历史胜率仅20%)
[INFO   ]   🛡️ 非持仓SELL降级 卧龙电驱: SELL → WATCH (历史胜率仅20%)
[INFO   ]   🛡️ 非持仓SELL降级 中大力德: SELL → WATCH (历史胜率仅20%)

✅ Serenity 看板已启动
   手机访问: https://resend-zone-cross.ngrok-free.dev/monitor
2026-07-10 12:30:36,246 [INFO] HTTP Request: GET http://qt.gtimg.cn/q=sz000988,sh600036 "HTTP/1.1 200 OK"
2026-07-10 12:30:36,293 [DEBUG] 审计记录写入: 64cbb4194092406e 002281 CAUTION_BUY score=61

✅ Serenity 看板已启动
   手机访问: https://resend-zone-cross.ngrok-free.dev/monitor
2026-07-10 12:30:42,393 [INFO] HTTP Request: GET http://qt.gtimg.cn/q=sz000988,sh600036 "HTTP/1.1 200 OK"
2026-07-10 12:30:42,421 [DEBUG] 审计记录写入: 40575cd2df714518 000988 HOLD score=59
2026-07-10 12:30:48,835 [INFO] HTTP Request: GET http://qt.gtimg.cn/q=sz000988,sh600036 "HTTP/1.1 200 OK"
2026-07-10 12:30:48,870 [DEBUG] 审计记录写入: 112e2f58ff424ebe 600141 CAUTION_BUY score=61

✅ Serenity 看板已启动
   手机访问: https://resend-zone-cross.ngrok-free.dev/monitor
2026-07-10 12:30:55,367 [INFO] HTTP Request: GET http://qt.gtimg.cn/q=sz000988,sh600036 "HTTP/1.1 200 OK"
2026-07-10 12:30:55,394 [DEBUG] 审计记录写入: 1a9756c2966e4144 603083 HOLD score=56
2026-07-10 12:31:01,844 [INFO] HTTP Request: GET http://qt.gtimg.cn/q=sz000988,sh600036 "HTTP/1.1 200 OK"
2026-07-10 12:31:01,869 [DEBUG] 审计记录写入: 45d2907967d74b27 600487 CAUTION_BUY score=63

✅ Serenity 看板已启动
   手机访问: https://resend-zone-cross.ngrok-free.dev/monitor
2026-07-10 12:31:07,946 [INFO] HTTP Request: GET http://qt.gtimg.cn/q=sz000988,sh600036 "HTTP/1.1 200 OK"
2026-07-10 12:31:07,968 [DEBUG] 审计记录写入: 60a2bfb6580949b5 002428 HOLD score=55

✅ Serenity 看板已启动
   手机访问: https://resend-zone-cross.ngrok-free.dev/monitor
2026-07-10 12:31:14,172 [INFO] HTTP Request: GET http://qt.gtimg.cn/q=sz000988,sh600036 "HTTP/1.1 200 OK"
2026-07-10 12:31:14,196 [DEBUG] 审计记录写入: e1ed8424aadf44be 600460 SELL score=40
2026-07-10 12:31:20,423 [INFO] HTTP Request: GET http://qt.gtimg.cn/q=sz000988,sh600036 "HTTP/1.1 200 OK"
2026-07-10 12:31:20,451 [DEBUG] 审计记录写入: 8bafd67b9a7f4071 603986 WATCH score=45

✅ Serenity 看板已启动
   手机访问: https://resend-zone-cross.ngrok-free.dev/monitor
2026-07-10 12:31:26,456 [INFO] HTTP Request: GET http://qt.gtimg.cn/q=sz000988,sh600036 "HTTP/1.1 200 OK"
2026-07-10 12:31:26,483 [DEBUG] 审计记录写入: 2eef3437a42c402c 600176 SELL score=42
2026-07-10 12:31:32,961 [INFO] HTTP Request: GET http://qt.gtimg.cn/q=sz000988,sh600036 "HTTP/1.1 200 OK"
2026-07-10 12:31:32,986 [DEBUG] 审计记录写入: e676a4e53c4e484c 600036 BUY score=69

✅ Serenity 看板已启动
   手机访问: https://resend-zone-cross.ngrok-free.dev/monitor
2026-07-10 12:31:39,285 [INFO] HTTP Request: GET http://qt.gtimg.cn/q=sz000988,sh600036 "HTTP/1.1 200 OK"
2026-07-10 12:31:39,315 [DEBUG] 审计记录写入: 7d6a7e98bfdf4af3 600585 CAUTION_BUY score=63

✅ Serenity 看板已启动
   手机访问: https://resend-zone-cross.ngrok-free.dev/monitor
2026-07-10 12:31:45,820 [INFO] HTTP Request: GET http://qt.gtimg.cn/q=sz000988,sh600036 "HTTP/1.1 200 OK"
2026-07-10 12:31:45,847 [DEBUG] 审计记录写入: 60ab950592ce4a7b 600900 CAUTION_BUY score=62
2026-07-10 12:31:52,471 [INFO] HTTP Request: GET http://qt.gtimg.cn/q=sz000988,sh600036 "HTTP/1.1 200 OK"
2026-07-10 12:31:52,496 [DEBUG] 审计记录写入: 4362e22dfb31423d 601398 CAUTION_BUY score=68

✅ Serenity 看板已启动
   手机访问: https://resend-zone-cross.ngrok-free.dev/monitor
2026-07-10 12:31:58,659 [INFO] HTTP Request: GET http://qt.gtimg.cn/q=sz000988,sh600036 "HTTP/1.1 200 OK"
2026-07-10 12:31:58,684 [DEBUG] 审计记录写入: a2144c416c794d05 601006 BUY score=68
2026-07-10 12:32:05,379 [INFO] HTTP Request: GET http://qt.gtimg.cn/q=sz000988,sh600036 "HTTP/1.1 200 OK"
2026-07-10 12:32:05,410 [DEBUG] 审计记录写入: b9363afb37df4969 000938 SELL score=44

✅ Serenity 看板已启动
   手机访问: https://resend-zone-cross.ngrok-free.dev/monitor
2026-07-10 12:32:11,749 [INFO] HTTP Request: GET http://qt.gtimg.cn/q=sz000988,sh600036 "HTTP/1.1 200 OK"
2026-07-10 12:32:11,773 [DEBUG] 审计记录写入: bae5d4c99eab490b 601689 HOLD score=59

✅ Serenity 看板已启动
   手机访问: https://resend-zone-cross.ngrok-free.dev/monitor
2026-07-10 12:32:18,327 [INFO] HTTP Request: GET http://qt.gtimg.cn/q=sz000988,sh600036 "HTTP/1.1 200 OK"
2026-07-10 12:32:18,349 [DEBUG] 审计记录写入: 712e7d7751ad4b34 002050 HOLD score=54
2026-07-10 12:32:24,398 [INFO] HTTP Request: GET http://qt.gtimg.cn/q=sz000988,sh600036 "HTTP/1.1 200 OK"
2026-07-10 12:32:24,420 [DEBUG] 审计记录写入: 2e33c55daf1f498f 601100 SELL score=42

✅ Serenity 看板已启动
   手机访问: https://resend-zone-cross.ngrok-free.dev/monitor
2026-07-10 12:32:30,499 [INFO] HTTP Request: GET http://qt.gtimg.cn/q=sz000988,sh600036 "HTTP/1.1 200 OK"
2026-07-10 12:32:30,526 [DEBUG] 审计记录写入: 0f0848aa87d64bde 600580 SELL score=44
2026-07-10 12:32:37,068 [INFO] HTTP Request: GET http://qt.gtimg.cn/q=sz000988,sh600036 "HTTP/1.1 200 OK"
2026-07-10 12:32:37,087 [DEBUG] 审计记录写入: 6514c825e6604607 002896 SELL score=41

✅ Serenity 看板已启动
   手机访问: https://resend-zone-cross.ngrok-free.dev/monitor
2026-07-10 12:32:40,918 [INFO] HTTP Request: GET http://qt.gtimg.cn/q=sz002281,sz000988,sh600141,sh603083,sh600487,sz002428,sh600460,sh603986,sh600176,sh600036,sh600585,sh600900,sh601398,sh601006,sz000938,sh601689,sz002050,sh601100,sh600580,sz002896 "HTTP/1.1 200 OK"
2026-07-10 12:32:42,505 [INFO] HTTP Request: GET http://qt.gtimg.cn/q=sz000988,sh600036 "HTTP/1.1 200 OK"
[INFO   ]   🟡 CAUTION_BUY 精筛拦截 光迅科技: 量能确认:缩量0.0x MA20
2026-07-10 12:32:42,525 [INFO]   🟡 CAUTION_BUY 精筛拦截 光迅科技: 量能确认:缩量0.0x MA20
2026-07-10 12:32:43,521 [INFO] HTTP Request: GET http://qt.gtimg.cn/q=sz000988,sh600036 "HTTP/1.1 200 OK"
2026-07-10 12:32:44,501 [INFO] HTTP Request: GET http://qt.gtimg.cn/q=sz000988,sh600036 "HTTP/1.1 200 OK"
[INFO   ]   🟡 CAUTION_BUY 精筛拦截 兴发集团: 量能确认:缩量0.0x MA20; 动量底线[MR]:动量分85(15-65期望)
2026-07-10 12:32:44,531 [INFO]   🟡 CAUTION_BUY 精筛拦截 兴发集团: 量能确认:缩量0.0x MA20; 动量底线[MR]:动量分85(15-65期望)
2026-07-10 12:32:46,283 [INFO] HTTP Request: GET http://qt.gtimg.cn/q=sz000988,sh600036 "HTTP/1.1 200 OK"

✅ Serenity 看板已启动
   手机访问: https://resend-zone-cross.ngrok-free.dev/monitor
2026-07-10 12:32:48,012 [INFO] HTTP Request: GET http://qt.gtimg.cn/q=sz000988,sh600036 "HTTP/1.1 200 OK"
[INFO   ]   🟡 CAUTION_BUY 精筛拦截 亨通光电: 量能确认:缩量0.0x MA20; 动量底线[MR]:动量分75(15-65期望)
2026-07-10 12:32:48,032 [INFO]   🟡 CAUTION_BUY 精筛拦截 亨通光电: 量能确认:缩量0.0x MA20; 动量底线[MR]:动量分75(15-65期望)
2026-07-10 12:32:52,142 [INFO] HTTP Request: GET http://qt.gtimg.cn/q=sz000988,sh600036 "HTTP/1.1 200 OK"
2026-07-10 12:32:53,197 [INFO] HTTP Request: GET http://qt.gtimg.cn/q=sz000988,sh600036 "HTTP/1.1 200 OK"
[INFO   ]   🛡️ 非持仓SELL降级 士兰微: SELL → WATCH (历史胜率仅20%)
2026-07-10 12:32:53,221 [INFO]   🛡️ 非持仓SELL降级 士兰微: SELL → WATCH (历史胜率仅20%)
2026-07-10 12:32:54,224 [INFO] HTTP Request: GET http://qt.gtimg.cn/q=sz000988,sh600036 "HTTP/1.1 200 OK"
2026-07-10 12:32:55,196 [INFO] HTTP Request: GET http://qt.gtimg.cn/q=sz000988,sh600036 "HTTP/1.1 200 OK"
[INFO   ]   🛡️ 非持仓SELL降级 中国巨石: SELL → WATCH (历史胜率仅20%)
2026-07-10 12:32:55,219 [INFO]   🛡️ 非持仓SELL降级 中国巨石: SELL → WATCH (历史胜率仅20%)
2026-07-10 12:32:56,243 [INFO] HTTP Request: GET http://qt.gtimg.cn/q=sz000988,sh600036 "HTTP/1.1 200 OK"
2026-07-10 12:32:57,227 [INFO] HTTP Request: GET http://qt.gtimg.cn/q=sz000988,sh600036 "HTTP/1.1 200 OK"
[INFO   ]   🟡 CAUTION_BUY 精筛拦截 海螺水泥: 量能确认:缩量0.0x MA20
2026-07-10 12:32:57,257 [INFO]   🟡 CAUTION_BUY 精筛拦截 海螺水泥: 量能确认:缩量0.0x MA20
2026-07-10 12:32:58,319 [INFO] HTTP Request: GET http://qt.gtimg.cn/q=sz000988,sh600036 "HTTP/1.1 200 OK"

✅ Serenity 看板已启动
   手机访问: https://resend-zone-cross.ngrok-free.dev/monitor
2026-07-10 12:32:59,313 [INFO] HTTP Request: GET http://qt.gtimg.cn/q=sz000988,sh600036 "HTTP/1.1 200 OK"
2026-07-10 12:33:00,346 [INFO] HTTP Request: GET http://qt.gtimg.cn/q=sz000988,sh600036 "HTTP/1.1 200 OK"
2026-07-10 12:33:01,250 [INFO] HTTP Request: GET http://qt.gtimg.cn/q=sz000988,sh600036 "HTTP/1.1 200 OK"
2026-07-10 12:33:02,192 [INFO] HTTP Request: GET http://qt.gtimg.cn/q=sh601006 "HTTP/1.1 200 OK"
2026-07-10 12:33:03,173 [INFO] HTTP Request: GET http://qt.gtimg.cn/q=sz000988,sh600036 "HTTP/1.1 200 OK"
[INFO   ]   🛡️ 非持仓SELL降级 紫光股份: SELL → WATCH (历史胜率仅20%)
2026-07-10 12:33:03,199 [INFO]   🛡️ 非持仓SELL降级 紫光股份: SELL → WATCH (历史胜率仅20%)
2026-07-10 12:33:04,128 [INFO] HTTP Request: GET http://qt.gtimg.cn/q=sz000988,sh600036 "HTTP/1.1 200 OK"
2026-07-10 12:33:05,085 [INFO] HTTP Request: GET http://qt.gtimg.cn/q=sz000988,sh600036 "HTTP/1.1 200 OK"
2026-07-10 12:33:06,285 [INFO] HTTP Request: GET http://qt.gtimg.cn/q=sz000988,sh600036 "HTTP/1.1 200 OK"
[INFO   ]   🛡️ 非持仓SELL降级 恒立液压: SELL → WATCH (历史胜率仅20%)
2026-07-10 12:33:06,304 [INFO]   🛡️ 非持仓SELL降级 恒立液压: SELL → WATCH (历史胜率仅20%)
2026-07-10 12:33:07,243 [INFO] HTTP Request: GET http://qt.gtimg.cn/q=sz000988,sh600036 "HTTP/1.1 200 OK"
[INFO   ]   🛡️ 非持仓SELL降级 卧龙电驱: SELL → WATCH (历史胜率仅20%)
2026-07-10 12:33:07,269 [INFO]   🛡️ 非持仓SELL降级 卧龙电驱: SELL → WATCH (历史胜率仅20%)
2026-07-10 12:33:08,271 [INFO] HTTP Request: GET http://qt.gtimg.cn/q=sz000988,sh600036 "HTTP/1.1 200 OK"
[INFO   ]   🛡️ 非持仓SELL降级 中大力德: SELL → WATCH (历史胜率仅20%)
2026-07-10 12:33:08,293 [INFO]   🛡️ 非持仓SELL降级 中大力德: SELL → WATCH (历史胜率仅20%)
=======================================================
  📡 Serenity 交易信号 | 2026-07-10
=======================================================

  🟢 #1 工商银行 (601398) — CAUTION_BUY
     综合评分: 71.3
     现价: 7.31 | 买入区: 7-8 | 目标: 10
     建议仓位: 0元 (0股 @ ~7.31)
     全球最大银行，股息率5%+ — 国家队护盘标的，系统性重要 | 多周期共振[5d+20d↑] | 多周期共振[5d+20d↑]

  ⚪ #2 招商银行 (600036) — STRONG_HOLD
     综合评分: 69.0
     现价: 36.82 | 买入区: 34-42 | 目标: 52
     零售银行龙头，高股息防御 — 震荡市资金避风港，ROE行业领先

  🟢🟢 #3 大秦铁路 (601006) — BUY
     综合评分: 67.7
     现价: 4.69 | 买入区: 4-5 | 目标: 7
     建议仓位: 4221元 (900股 @ ~4.69)
     煤炭运输专线，稳定现金流 — 高股息+低波动，红利策略核心

  ⚪ #4 长江电力 (600900) — HOLD
     综合评分: 65.5
     现价: 27.96 | 买入区: 24-30 | 目标: 36
     建议仓位: 0元 (0股 @ ~27.96)
     水电绝对龙头，现金流稳定 — 类债券属性，极端行情避险首选 | 多周期共振[5d+20d↑]

  ⚪ #5 海螺水泥 (600585) — HOLD
     综合评分: 63.2
     现价: 17.23 | 买入区: 16-20 | 目标: 24
     建议仓位: 0元 (0股 @ ~17.23)
     水泥龙头+高分红 — 基建稳增长受益，低估值防御属性强

  ⚪ #6 亨通光电 (600487) — HOLD
     综合评分: 62.7
     现价: 81.0 | 买入区: 82-115 | 目标: 145
     建议仓位: 0元 (0股 @ ~81.00)
     光纤光缆龙头，CPO光纤阵列(FAU)受益 — 防守型+补涨逻辑

  ⚪ #7 兴发集团 (600141) — HOLD
     综合评分: 61.3
     现价: 35.12 | 买入区: 30-36 | 目标: 44
     建议仓位: 0元 (0股 @ ~35.12)
     磷化工龙头，红磷/磷化学品用于CPO光对准和Rubin半导体热管理 — Serenity红磷主题映射

  ⚪ #8 光迅科技 (002281) — HOLD
     综合评分: 60.8
     现价: 244.83 | 买入区: 175-220 | 目标: 300
     建议仓位: 0元 (0股 @ ~244.83)
     光器件全产业链龙头，AI光互联核心受益 — CPO检测/FAU直接映射Serenity的SIVE瓶颈逻辑

  ⚪ #9 华工科技 (000988) — TAKE_PROFIT
     综合评分: 59.0
     现价: 163.45 | 买入区: 130-165 | 目标: 220
     光模块+激光双主线，AI算力配套 — 激光器+光引擎赛道与SIVE逻辑高度重合

  ⚪ #10 拓普集团 (601689) — HOLD
     综合评分: 58.9
     现价: 57.63 | 买入区: 80-105 | 目标: 135
     特斯拉Optimus执行器模组核心供应商 — 机器人+汽车双主线，公募持仓40亿+

  ⚪ #11 剑桥科技 (603083) — HOLD
     综合评分: 56.2
     现价: 207.84 | 买入区: 155-190 | 目标: 270
     高速光模块弹性标的，800G/1.6T放量 — 受益于CPO光学引擎需求爆发

  ⚪ #12 云南锗业 (002428) — HOLD
     综合评分: 55.1
     现价: 103.8 | 买入区: 78-96 | 目标: 120
     锗衬底材料，CPO用InP衬底的替代表达 — Serenity持有AXTI的映射逻辑

  ⚪ #13 三花智控 (002050) — HOLD
     综合评分: 54.3
     现价: 44.0 | 买入区: 28-38 | 目标: 48
     热管理/执行器龙头 — 特斯拉供应链核心，公募持仓60亿+，机器人+汽零双驱动

  ⚪ #14 兆易创新 (603986) — WATCH
     综合评分: 45.4
     现价: 663.38 | 买入区: 410-505 | 目标: 625
     NOR Flash/DRAM，AI数据中心存储需求外溢 — Serenity重仓SNDK的映射逻辑

  ⚪ #15 卧龙电驱 (600580) — WATCH
     综合评分: 44.3
     现价: 34.19 | 买入区: 18-25 | 目标: 32
     伺服电机龙头 — 机器人动力系统核心供应商，国产伺服替代受益

  ⚪ #16 紫光股份 (000938) — WATCH
     综合评分: 43.5
     现价: 39.25 | 买入区: 22-30 | 目标: 38
     AI算力交换机龙头，新华三核心资产 — 数据中心交换机+服务器双主线，AI基建核心受益

  ⚪ #17 中国巨石 (600176) — WATCH
     综合评分: 42.5
     现价: 58.0 | 买入区: 36-44 | 目标: 54
     玻纤/电子布全球龙头，AI服务器PCB基材需求爆发 — 6月金股(7家券商推荐)，同赛道宏和科技已20倍

  ⚪ #18 恒立液压 (601100) — WATCH
     综合评分: 42.0
     现价: 110.42 | 买入区: 55-72 | 目标: 92
     液压件龙头→人形机器人丝杠 — 技术壁垒高，国产替代+机器人新增量逻辑

  ⚪ #19 中大力德 (002896) — WATCH
     综合评分: 41.3
     现价: 76.51 | 买入区: 35-48 | 目标: 62
     RV减速器+电机一体化 — 国产减速器替代，机器人关节核心部件

  ⚪ #20 士兰微 (600460) — WATCH
     综合评分: 40.2
     现价: 46.81 | 买入区: 28-34 | 目标: 42
     功率半导体IDM龙头，800VDC数据中心供电架构受益 — 映射Serenity NVTS/POWI功率半主题

=======================================================
  共 20 个信号 | 可用资金: 4949 元
=======================================================

✅ Serenity 看板已启动
   手机访问: https://resend-zone-cross.ngrok-free.dev/monitor
[INFO   ] 市场状态: 震荡市 → [内核冻结] 忽略市场体制权重偏移，使用固定权重
[WARNING] ⚠️ 均值回归模式激活 — 负IC因子(动量/量能/技术面)将自动翻转
⏱️ 盘中监控 [12:33] — 检测 3 只持仓
触发 1 条预警

⚠️ [B] 华工科技: 止盈 T5: 9.2% ≥ 5%, 建议出 50%


✅ Serenity 看板已启动
   手机访问: https://resend-zone-cross.ngrok-free.dev/monitor

✅ Serenity 看板已启动
   手机访问: https://resend-zone-cross.ngrok-free.dev/monitor

✅ Serenity 看板已启动
   手机访问: https://resend-zone-cross.ngrok-free.dev/monitor

✅ Serenity 看板已启动
   手机访问: https://resend-zone-cross.ngrok-free.dev/monitor

✅ Serenity 看板已启动
   手机访问: https://resend-zone-cross.ngrok-free.dev/monitor

✅ Serenity 看板已启动
   手机访问: https://resend-zone-cross.ngrok-free.dev/monitor

✅ Serenity 看板已启动
   手机访问: https://resend-zone-cross.ngrok-free.dev/monitor

✅ Serenity 看板已启动
   手机访问: https://resend-zone-cross.ngrok-free.dev/monitor

✅ Serenity 看板已启动
   手机访问: https://resend-zone-cross.ngrok-free.dev/monitor

✅ Serenity 看板已启动
   手机访问: https://resend-zone-cross.ngrok-free.dev/monitor

✅ Serenity 看板已启动
   手机访问: https://resend-zone-cross.ngrok-free.dev/monitor

✅ Serenity 看板已启动
   手机访问: https://resend-zone-cross.ngrok-free.dev/monitor

✅ Serenity 看板已启动
   手机访问: https://resend-zone-cross.ngrok-free.dev/monitor

✅ Serenity 看板已启动
   手机访问: https://resend-zone-cross.ngrok-free.dev/monitor

✅ Serenity 看板已启动
   手机访问: https://resend-zone-cross.ngrok-free.dev/monitor

✅ Serenity 看板已启动
   手机访问: https://resend-zone-cross.ngrok-free.dev/monitor

✅ Serenity 看板已启动
   手机访问: https://resend-zone-cross.ngrok-free.dev/monitor

✅ Serenity 看板已启动
   手机访问: https://resend-zone-cross.ngrok-free.dev/monitor

✅ Serenity 看板已启动
   手机访问: https://resend-zone-cross.ngrok-free.dev/monitor

✅ Serenity 看板已启动
   手机访问: https://resend-zone-cross.ngrok-free.dev/monitor

✅ Serenity 看板已启动
   手机访问: https://resend-zone-cross.ngrok-free.dev/monitor

✅ Serenity 看板已启动
   手机访问: https://resend-zone-cross.ngrok-free.dev/monitor

✅ Serenity 看板已启动
   手机访问: https://resend-zone-cross.ngrok-free.dev/monitor

✅ Serenity 看板已启动
   手机访问: https://resend-zone-cross.ngrok-free.dev/monitor

✅ Serenity 看板已启动
   手机访问: https://resend-zone-cross.ngrok-free.dev/monitor

✅ Serenity 看板已启动
   手机访问: https://resend-zone-cross.ngrok-free.dev/monitor

✅ Serenity 看板已启动
   手机访问: https://resend-zone-cross.ngrok-free.dev/monitor

✅ Serenity 看板已启动
   手机访问: https://resend-zone-cross.ngrok-free.dev/monitor

✅ Serenity 看板已启动
   手机访问: https://resend-zone-cross.ngrok-free.dev/monitor

✅ Serenity 看板已启动
   手机访问: https://resend-zone-cross.ngrok-free.dev/monitor

✅ Serenity 看板已启动
   手机访问: https://resend-zone-cross.ngrok-free.dev/monitor

✅ Serenity 看板已启动
   手机访问: https://resend-zone-cross.ngrok-free.dev/monitor

✅ Serenity 看板已启动
   手机访问: https://resend-zone-cross.ngrok-free.dev/monitor

✅ Serenity 看板已启动
   手机访问: https://resend-zone-cross.ngrok-free.dev/monitor

✅ Serenity 看板已启动
   手机访问: https://resend-zone-cross.ngrok-free.dev/monitor

✅ Serenity 看板已启动
   手机访问: https://resend-zone-cross.ngrok-free.dev/monitor

✅ Serenity 看板已启动
   手机访问: https://resend-zone-cross.ngrok-free.dev/monitor

✅ Serenity 看板已启动
   手机访问: https://resend-zone-cross.ngrok-free.dev/monitor

✅ Serenity 看板已启动
   手机访问: https://resend-zone-cross.ngrok-free.dev/monitor

✅ Serenity 看板已启动
   手机访问: https://resend-zone-cross.ngrok-free.dev/monitor

✅ Serenity 看板已启动
   手机访问: https://resend-zone-cross.ngrok-free.dev/monitor

✅ Serenity 看板已启动
   手机访问: https://resend-zone-cross.ngrok-free.dev/monitor

✅ Serenity 看板已启动
   手机访问: https://resend-zone-cross.ngrok-free.dev/monitor

✅ Serenity 看板已启动
   手机访问: https://resend-zone-cross.ngrok-free.dev/monitor

✅ Serenity 看板已启动
   手机访问: https://resend-zone-cross.ngrok-free.dev/monitor

✅ Serenity 看板已启动
   手机访问: https://resend-zone-cross.ngrok-free.dev/monitor

✅ Serenity 看板已启动
   手机访问: https://resend-zone-cross.ngrok-free.dev/monitor

✅ Serenity 看板已启动
   手机访问: https://resend-zone-cross.ngrok-free.dev/monitor

✅ Serenity 看板已启动
   手机访问: https://resend-zone-cross.ngrok-free.dev/monitor

✅ Serenity 看板已启动
   手机访问: https://resend-zone-cross.ngrok-free.dev/monitor

✅ Serenity 看板已启动
   手机访问: https://resend-zone-cross.ngrok-free.dev/monitor

✅ Serenity 看板已启动
   手机访问: https://resend-zone-cross.ngrok-free.dev/monitor

✅ Serenity 看板已启动
   手机访问: https://resend-zone-cross.ngrok-free.dev/monitor

✅ Serenity 看板已启动
   手机访问: https://resend-zone-cross.ngrok-free.dev/monitor

✅ Serenity 看板已启动
   手机访问: https://resend-zone-cross.ngrok-free.dev/monitor

✅ Serenity 看板已启动
   手机访问: https://resend-zone-cross.ngrok-free.dev/monitor

✅ Serenity 看板已启动
   手机访问: https://resend-zone-cross.ngrok-free.dev/monitor

✅ Serenity 看板已启动
   手机访问: https://resend-zone-cross.ngrok-free.dev/monitor

✅ Serenity 看板已启动
   手机访问: https://resend-zone-cross.ngrok-free.dev/monitor

✅ Serenity 看板已启动
   手机访问: https://resend-zone-cross.ngrok-free.dev/monitor

✅ Serenity 看板已启动
   手机访问: https://resend-zone-cross.ngrok-free.dev/monitor

✅ Serenity 看板已启动
   手机访问: https://resend-zone-cross.ngrok-free.dev/monitor

✅ Serenity 看板已启动
   手机访问: https://resend-zone-cross.ngrok-free.dev/monitor

✅ Serenity 看板已启动
   手机访问: https://resend-zone-cross.ngrok-free.dev/monitor

✅ Serenity 看板已启动
   手机访问: https://resend-zone-cross.ngrok-free.dev/monitor

✅ Serenity 看板已启动
   手机访问: https://resend-zone-cross.ngrok-free.dev/monitor

✅ Serenity 看板已启动
   手机访问: https://resend-zone-cross.ngrok-free.dev/monitor

✅ Serenity 看板已启动
   手机访问: https://resend-zone-cross.ngrok-free.dev/monitor

✅ Serenity 看板已启动
   手机访问: https://resend-zone-cross.ngrok-free.dev/monitor

✅ Serenity 看板已启动
   手机访问: https://resend-zone-cross.ngrok-free.dev/monitor

✅ Serenity 看板已启动
   手机访问: https://resend-zone-cross.ngrok-free.dev/monitor

✅ Serenity 看板已启动
   手机访问: https://resend-zone-cross.ngrok-free.dev/monitor

✅ Serenity 看板已启动
   手机访问: https://resend-zone-cross.ngrok-free.dev/monitor

✅ Serenity 看板已启动
   手机访问: https://resend-zone-cross.ngrok-free.dev/monitor

✅ Serenity 看板已启动
   手机访问: https://resend-zone-cross.ngrok-free.dev/monitor

✅ Serenity 看板已启动
   手机访问: https://resend-zone-cross.ngrok-free.dev/monitor

✅ Serenity 看板已启动
   手机访问: https://resend-zone-cross.ngrok-free.dev/monitor

✅ Serenity 看板已启动
   手机访问: https://resend-zone-cross.ngrok-free.dev/monitor

✅ Serenity 看板已启动
   手机访问: https://resend-zone-cross.ngrok-free.dev/monitor

✅ Serenity 看板已启动
   手机访问: https://resend-zone-cross.ngrok-free.dev/monitor

✅ Serenity 看板已启动
   手机访问: https://resend-zone-cross.ngrok-free.dev/monitor

✅ Serenity 看板已启动
   手机访问: https://resend-zone-cross.ngrok-free.dev/monitor

✅ Serenity 看板已启动
   手机访问: https://resend-zone-cross.ngrok-free.dev/monitor

✅ Serenity 看板已启动
   手机访问: https://resend-zone-cross.ngrok-free.dev/monitor

✅ Serenity 看板已启动
   手机访问: https://resend-zone-cross.ngrok-free.dev/monitor

✅ Serenity 看板已启动
   手机访问: https://resend-zone-cross.ngrok-free.dev/monitor

✅ Serenity 看板已启动
   手机访问: https://resend-zone-cross.ngrok-free.dev/monitor

✅ Serenity 看板已启动
   手机访问: https://resend-zone-cross.ngrok-free.dev/monitor

✅ Serenity 看板已启动
   手机访问: https://resend-zone-cross.ngrok-free.dev/monitor

✅ Serenity 看板已启动
   手机访问: https://resend-zone-cross.ngrok-free.dev/monitor

✅ Serenity 看板已启动
   手机访问: https://resend-zone-cross.ngrok-free.dev/monitor

✅ Serenity 看板已启动
   手机访问: https://resend-zone-cross.ngrok-free.dev/monitor

✅ Serenity 看板已启动
   手机访问: https://resend-zone-cross.ngrok-free.dev/monitor

✅ Serenity 看板已启动
   手机访问: https://resend-zone-cross.ngrok-free.dev/monitor

✅ Serenity 看板已启动
   手机访问: https://resend-zone-cross.ngrok-free.dev/monitor

✅ Serenity 看板已启动
   手机访问: https://resend-zone-cross.ngrok-free.dev/monitor

✅ Serenity 看板已启动
   手机访问: https://resend-zone-cross.ngrok-free.dev/monitor

✅ Serenity 看板已启动
   手机访问: https://resend-zone-cross.ngrok-free.dev/monitor

✅ Serenity 看板已启动
   手机访问: https://resend-zone-cross.ngrok-free.dev/monitor

✅ Serenity 看板已启动
   手机访问: https://resend-zone-cross.ngrok-free.dev/monitor

✅ Serenity 看板已启动
   手机访问: https://resend-zone-cross.ngrok-free.dev/monitor

✅ Serenity 看板已启动
   手机访问: https://resend-zone-cross.ngrok-free.dev/monitor

✅ Serenity 看板已启动
   手机访问: https://resend-zone-cross.ngrok-free.dev/monitor

✅ Serenity 看板已启动
   手机访问: https://resend-zone-cross.ngrok-free.dev/monitor

✅ Serenity 看板已启动
   手机访问: https://resend-zone-cross.ngrok-free.dev/monitor

✅ Serenity 看板已启动
   手机访问: https://resend-zone-cross.ngrok-free.dev/monitor

✅ Serenity 看板已启动
   手机访问: https://resend-zone-cross.ngrok-free.dev/monitor

✅ Serenity 看板已启动
   手机访问: https://resend-zone-cross.ngrok-free.dev/monitor

✅ Serenity 看板已启动
   手机访问: https://resend-zone-cross.ngrok-free.dev/monitor

✅ Serenity 看板已启动
   手机访问: https://resend-zone-cross.ngrok-free.dev/monitor

✅ Serenity 看板已启动
   手机访问: https://resend-zone-cross.ngrok-free.dev/monitor

✅ Serenity 看板已启动
   手机访问: https://resend-zone-cross.ngrok-free.dev/monitor

✅ Serenity 看板已启动
   手机访问: https://resend-zone-cross.ngrok-free.dev/monitor

✅ Serenity 看板已启动
   手机访问: https://resend-zone-cross.ngrok-free.dev/monitor

✅ Serenity 看板已启动
   手机访问: https://resend-zone-cross.ngrok-free.dev/monitor

✅ Serenity 看板已启动
   手机访问: https://resend-zone-cross.ngrok-free.dev/monitor

✅ Serenity 看板已启动
   手机访问: https://resend-zone-cross.ngrok-free.dev/monitor

✅ Serenity 看板已启动
   手机访问: https://resend-zone-cross.ngrok-free.dev/monitor

✅ Serenity 看板已启动
   手机访问: https://resend-zone-cross.ngrok-free.dev/monitor

✅ Serenity 看板已启动
   手机访问: https://resend-zone-cross.ngrok-free.dev/monitor

✅ Serenity 看板已启动
   手机访问: https://resend-zone-cross.ngrok-free.dev/monitor

✅ Serenity 看板已启动
   手机访问: https://resend-zone-cross.ngrok-free.dev/monitor

✅ Serenity 看板已启动
   手机访问: https://resend-zone-cross.ngrok-free.dev/monitor

✅ Serenity 看板已启动
   手机访问: https://resend-zone-cross.ngrok-free.dev/monitor

✅ Serenity 看板已启动
   手机访问: https://resend-zone-cross.ngrok-free.dev/monitor

✅ Serenity 看板已启动
   手机访问: https://resend-zone-cross.ngrok-free.dev/monitor

✅ Serenity 看板已启动
   手机访问: https://resend-zone-cross.ngrok-free.dev/monitor

✅ Serenity 看板已启动
   手机访问: https://resend-zone-cross.ngrok-free.dev/monitor

✅ Serenity 看板已启动
   手机访问: https://resend-zone-cross.ngrok-free.dev/monitor

✅ Serenity 看板已启动
   手机访问: https://resend-zone-cross.ngrok-free.dev/monitor

✅ Serenity 看板已启动
   手机访问: https://resend-zone-cross.ngrok-free.dev/monitor

✅ Serenity 看板已启动
   手机访问: https://resend-zone-cross.ngrok-free.dev/monitor

✅ Serenity 看板已启动
   手机访问: https://resend-zone-cross.ngrok-free.dev/monitor

✅ Serenity 看板已启动
   手机访问: https://resend-zone-cross.ngrok-free.dev/monitor

✅ Serenity 看板已启动
   手机访问: https://resend-zone-cross.ngrok-free.dev/monitor

✅ Serenity 看板已启动
   手机访问: https://resend-zone-cross.ngrok-free.dev/monitor

✅ Serenity 看板已启动
   手机访问: https://resend-zone-cross.ngrok-free.dev/monitor

✅ Serenity 看板已启动
   手机访问: https://resend-zone-cross.ngrok-free.dev/monitor

✅ Serenity 看板已启动
   手机访问: https://resend-zone-cross.ngrok-free.dev/monitor

✅ Serenity 看板已启动
   手机访问: https://resend-zone-cross.ngrok-free.dev/monitor

✅ Serenity 看板已启动
   手机访问: https://resend-zone-cross.ngrok-free.dev/monitor

✅ Serenity 看板已启动
   手机访问: https://resend-zone-cross.ngrok-free.dev/monitor

✅ Serenity 看板已启动
   手机访问: https://resend-zone-cross.ngrok-free.dev/monitor

✅ Serenity 看板已启动
   手机访问: https://resend-zone-cross.ngrok-free.dev/monitor

✅ Serenity 看板已启动
   手机访问: https://resend-zone-cross.ngrok-free.dev/monitor

✅ Serenity 看板已启动
   手机访问: https://resend-zone-cross.ngrok-free.dev/monitor

✅ Serenity 看板已启动
   手机访问: https://resend-zone-cross.ngrok-free.dev/monitor

✅ Serenity 看板已启动
   手机访问: https://resend-zone-cross.ngrok-free.dev/monitor

✅ Serenity 看板已启动
   手机访问: https://resend-zone-cross.ngrok-free.dev/monitor

✅ Serenity 看板已启动
   手机访问: https://resend-zone-cross.ngrok-free.dev/monitor

✅ Serenity 看板已启动
   手机访问: https://resend-zone-cross.ngrok-free.dev/monitor

✅ Serenity 看板已启动
   手机访问: https://resend-zone-cross.ngrok-free.dev/monitor

✅ Serenity 看板已启动
   手机访问: https://resend-zone-cross.ngrok-free.dev/monitor

✅ Serenity 看板已启动
   手机访问: https://resend-zone-cross.ngrok-free.dev/monitor
[INFO   ] 市场状态: 震荡市 → [内核冻结] 忽略市场体制权重偏移，使用固定权重
[WARNING] ⚠️ 均值回归模式激活 — 负IC因子(动量/量能/技术面)将自动翻转
[INFO   ] 🔧 [MR模式] 因子翻转激活: ['factor', 'moat', 'technical', 'volume']
[INFO   ] 🔧 [MR模式] 因子翻转激活: ['factor', 'moat', 'technical', 'volume']
[INFO   ] 🔧 [MR模式] 因子翻转激活: ['factor', 'moat', 'technical', 'volume']
[INFO   ] 🔧 [MR模式] 因子翻转激活: ['factor', 'moat', 'technical', 'volume']
[INFO   ] 🔧 [MR模式] 因子翻转激活: ['factor', 'moat', 'technical', 'volume']
[INFO   ] 🔧 [MR模式] 因子翻转激活: ['factor', 'moat', 'technical', 'volume']
[INFO   ] 🔧 [MR模式] 因子翻转激活: ['factor', 'moat', 'technical', 'volume']
[INFO   ] 🔧 [MR模式] 因子翻转激活: ['factor', 'moat', 'technical', 'volume']

✅ Serenity 看板已启动
   手机访问: https://resend-zone-cross.ngrok-free.dev/monitor
[INFO   ] 🔧 [MR模式] 因子翻转激活: ['factor', 'moat', 'technical', 'volume']
[INFO   ] 🔧 [MR模式] 因子翻转激活: ['factor', 'moat', 'technical', 'volume']
[INFO   ] 🔧 [MR模式] 因子翻转激活: ['factor', 'moat', 'technical', 'volume']
[INFO   ] 🔧 [MR模式] 因子翻转激活: ['factor', 'moat', 'technical', 'volume']
[INFO   ] 🔧 [MR模式] 因子翻转激活: ['factor', 'moat', 'technical', 'volume']
[INFO   ] 🔧 [MR模式] 因子翻转激活: ['factor', 'moat', 'technical', 'volume']
[INFO   ] 🔧 [MR模式] 因子翻转激活: ['factor', 'moat', 'technical', 'volume']
[INFO   ] 🔧 [MR模式] 因子翻转激活: ['factor', 'moat', 'technical', 'volume']
[INFO   ] 🔧 [MR模式] 因子翻转激活: ['factor', 'moat', 'technical', 'volume']
[INFO   ] 🔧 [MR模式] 因子翻转激活: ['factor', 'moat', 'technical', 'volume']
[INFO   ] 🔧 [MR模式] 因子翻转激活: ['factor', 'moat', 'technical', 'volume']
[INFO   ] 🔧 [MR模式] 因子翻转激活: ['factor', 'moat', 'technical', 'volume']
[INFO   ]   🟡 CAUTION_BUY 精筛拦截 亨通光电: 量能确认:缩量0.0x MA20; 动量底线[MR]:动量分75(15-65期望)
[INFO   ]   🛡️ 非持仓SELL降级 士兰微: SELL → WATCH (历史胜率仅20%)

✅ Serenity 看板已启动
   手机访问: https://resend-zone-cross.ngrok-free.dev/monitor
[INFO   ]   🛡️ 非持仓SELL降级 中国巨石: SELL → WATCH (历史胜率仅20%)
[INFO   ]   🟡 CAUTION_BUY 精筛拦截 海螺水泥: 量能确认:缩量0.0x MA20
[INFO   ]   🟡 CAUTION_BUY 精筛拦截 大秦铁路: 量能确认:缩量0.0x MA20; 动量底线[MR]:动量分75(15-65期望)
[INFO   ]   🛡️ 非持仓SELL降级 紫光股份: SELL → WATCH (历史胜率仅20%)

✅ Serenity 看板已启动
   手机访问: https://resend-zone-cross.ngrok-free.dev/monitor
[INFO   ]   🛡️ 非持仓SELL降级 恒立液压: SELL → WATCH (历史胜率仅20%)
[INFO   ]   🛡️ 非持仓SELL降级 卧龙电驱: SELL → WATCH (历史胜率仅20%)
[INFO   ]   🛡️ 非持仓SELL降级 中大力德: SELL → WATCH (历史胜率仅20%)
2026-07-10 13:00:38,183 [INFO] HTTP Request: GET http://qt.gtimg.cn/q=sz000988,sh600036 "HTTP/1.1 200 OK"
2026-07-10 13:00:38,229 [DEBUG] 审计记录写入: cdd7dbc5302c4c97 002281 CAUTION_BUY score=61

✅ Serenity 看板已启动
   手机访问: https://resend-zone-cross.ngrok-free.dev/monitor
2026-07-10 13:00:45,018 [INFO] HTTP Request: GET http://qt.gtimg.cn/q=sz000988,sh600036 "HTTP/1.1 200 OK"
2026-07-10 13:00:45,048 [DEBUG] 审计记录写入: 047be2ee7f2949b1 000988 HOLD score=59

✅ Serenity 看板已启动
   手机访问: https://resend-zone-cross.ngrok-free.dev/monitor
2026-07-10 13:00:51,347 [INFO] HTTP Request: GET http://qt.gtimg.cn/q=sz000988,sh600036 "HTTP/1.1 200 OK"
2026-07-10 13:00:51,376 [DEBUG] 审计记录写入: 618cefacb46f4e7b 600141 HOLD score=57
2026-07-10 13:00:58,115 [INFO] HTTP Request: GET http://qt.gtimg.cn/q=sz000988,sh600036 "HTTP/1.1 200 OK"
2026-07-10 13:00:58,137 [DEBUG] 审计记录写入: 05c779e4e8b24e56 603083 HOLD score=56

✅ Serenity 看板已启动
   手机访问: https://resend-zone-cross.ngrok-free.dev/monitor
2026-07-10 13:01:04,456 [INFO] HTTP Request: GET http://qt.gtimg.cn/q=sz000988,sh600036 "HTTP/1.1 200 OK"
2026-07-10 13:01:04,488 [DEBUG] 审计记录写入: f1b7f7d2eba84c33 600487 CAUTION_BUY score=63
2026-07-10 13:01:11,250 [INFO] HTTP Request: GET http://qt.gtimg.cn/q=sz000988,sh600036 "HTTP/1.1 200 OK"
2026-07-10 13:01:11,279 [DEBUG] 审计记录写入: bed306404b2a48c0 002428 HOLD score=55

✅ Serenity 看板已启动
   手机访问: https://resend-zone-cross.ngrok-free.dev/monitor
2026-07-10 13:01:17,136 [INFO] HTTP Request: GET http://qt.gtimg.cn/q=sz000988,sh600036 "HTTP/1.1 200 OK"
2026-07-10 13:01:17,164 [DEBUG] 审计记录写入: c7c5fa879fd647c4 600460 SELL score=40

✅ Serenity 看板已启动
   手机访问: https://resend-zone-cross.ngrok-free.dev/monitor
2026-07-10 13:01:23,278 [INFO] HTTP Request: GET http://qt.gtimg.cn/q=sz000988,sh600036 "HTTP/1.1 200 OK"
2026-07-10 13:01:23,302 [DEBUG] 审计记录写入: 87ba2ea099fa4d3f 603986 WATCH score=50
2026-07-10 13:01:29,413 [INFO] HTTP Request: GET http://qt.gtimg.cn/q=sz000988,sh600036 "HTTP/1.1 200 OK"
2026-07-10 13:01:29,444 [DEBUG] 审计记录写入: d9e71c0ca95d42f2 600176 SELL score=42

✅ Serenity 看板已启动
   手机访问: https://resend-zone-cross.ngrok-free.dev/monitor
2026-07-10 13:01:35,898 [INFO] HTTP Request: GET http://qt.gtimg.cn/q=sz000988,sh600036 "HTTP/1.1 200 OK"
2026-07-10 13:01:35,922 [DEBUG] 审计记录写入: 444e679a7be54386 600036 BUY score=69
2026-07-10 13:01:42,444 [INFO] HTTP Request: GET http://qt.gtimg.cn/q=sz000988,sh600036 "HTTP/1.1 200 OK"
2026-07-10 13:01:42,473 [DEBUG] 审计记录写入: 313fe18d60f54c9b 600585 CAUTION_BUY score=63

✅ Serenity 看板已启动
   手机访问: https://resend-zone-cross.ngrok-free.dev/monitor
2026-07-10 13:01:49,060 [INFO] HTTP Request: GET http://qt.gtimg.cn/q=sz000988,sh600036 "HTTP/1.1 200 OK"
2026-07-10 13:01:49,080 [DEBUG] 审计记录写入: 025157d8bb69493d 600900 CAUTION_BUY score=62

✅ Serenity 看板已启动
   手机访问: https://resend-zone-cross.ngrok-free.dev/monitor
2026-07-10 13:01:55,429 [INFO] HTTP Request: GET http://qt.gtimg.cn/q=sz000988,sh600036 "HTTP/1.1 200 OK"
2026-07-10 13:01:55,465 [DEBUG] 审计记录写入: 05051037bab94faa 601398 CAUTION_BUY score=68
2026-07-10 13:02:01,476 [INFO] HTTP Request: GET http://qt.gtimg.cn/q=sz000988,sh600036 "HTTP/1.1 200 OK"
2026-07-10 13:02:01,503 [DEBUG] 审计记录写入: 5a10ef1ad8454813 601006 BUY score=68

✅ Serenity 看板已启动
   手机访问: https://resend-zone-cross.ngrok-free.dev/monitor
2026-07-10 13:02:07,747 [INFO] HTTP Request: GET http://qt.gtimg.cn/q=sz000988,sh600036 "HTTP/1.1 200 OK"
2026-07-10 13:02:07,770 [DEBUG] 审计记录写入: eb8439b679924a54 000938 SELL score=44
2026-07-10 13:02:14,170 [INFO] HTTP Request: GET http://qt.gtimg.cn/q=sz000988,sh600036 "HTTP/1.1 200 OK"
2026-07-10 13:02:14,196 [DEBUG] 审计记录写入: e8b3e07981284c92 601689 HOLD score=59

✅ Serenity 看板已启动
   手机访问: https://resend-zone-cross.ngrok-free.dev/monitor
2026-07-10 13:02:20,370 [INFO] HTTP Request: GET http://qt.gtimg.cn/q=sz000988,sh600036 "HTTP/1.1 200 OK"
2026-07-10 13:02:20,397 [DEBUG] 审计记录写入: 942ebe46447144c4 002050 HOLD score=54

✅ Serenity 看板已启动
   手机访问: https://resend-zone-cross.ngrok-free.dev/monitor
2026-07-10 13:02:26,923 [INFO] HTTP Request: GET http://qt.gtimg.cn/q=sz000988,sh600036 "HTTP/1.1 200 OK"
2026-07-10 13:02:26,943 [DEBUG] 审计记录写入: 288ad1d04da743bd 601100 SELL score=42
2026-07-10 13:02:33,049 [INFO] HTTP Request: GET http://qt.gtimg.cn/q=sz000988,sh600036 "HTTP/1.1 200 OK"
2026-07-10 13:02:33,076 [DEBUG] 审计记录写入: 593657b6a8d44e80 600580 SELL score=44

✅ Serenity 看板已启动
   手机访问: https://resend-zone-cross.ngrok-free.dev/monitor
2026-07-10 13:02:39,531 [INFO] HTTP Request: GET http://qt.gtimg.cn/q=sz000988,sh600036 "HTTP/1.1 200 OK"
2026-07-10 13:02:39,559 [DEBUG] 审计记录写入: 45fa95b0ab1b4d20 002896 SELL score=41
2026-07-10 13:02:42,907 [INFO] HTTP Request: GET http://qt.gtimg.cn/q=sz002281,sz000988,sh600141,sh603083,sh600487,sz002428,sh600460,sh603986,sh600176,sh600036,sh600585,sh600900,sh601398,sh601006,sz000938,sh601689,sz002050,sh601100,sh600580,sz002896 "HTTP/1.1 200 OK"
2026-07-10 13:02:43,866 [INFO] HTTP Request: GET http://qt.gtimg.cn/q=sz000988,sh600036 "HTTP/1.1 200 OK"
[INFO   ]   🟡 CAUTION_BUY 精筛拦截 光迅科技: 量能确认:缩量0.0x MA20
2026-07-10 13:02:43,888 [INFO]   🟡 CAUTION_BUY 精筛拦截 光迅科技: 量能确认:缩量0.0x MA20
2026-07-10 13:02:44,839 [INFO] HTTP Request: GET http://qt.gtimg.cn/q=sz000988,sh600036 "HTTP/1.1 200 OK"

✅ Serenity 看板已启动
   手机访问: https://resend-zone-cross.ngrok-free.dev/monitor
2026-07-10 13:02:45,854 [INFO] HTTP Request: GET http://qt.gtimg.cn/q=sz000988,sh600036 "HTTP/1.1 200 OK"
2026-07-10 13:02:46,811 [INFO] HTTP Request: GET http://qt.gtimg.cn/q=sz000988,sh600036 "HTTP/1.1 200 OK"
2026-07-10 13:02:47,786 [INFO] HTTP Request: GET http://qt.gtimg.cn/q=sz000988,sh600036 "HTTP/1.1 200 OK"
[INFO   ]   🟡 CAUTION_BUY 精筛拦截 亨通光电: 量能确认:缩量0.0x MA20; 动量底线[MR]:动量分75(15-65期望)
2026-07-10 13:02:47,813 [INFO]   🟡 CAUTION_BUY 精筛拦截 亨通光电: 量能确认:缩量0.0x MA20; 动量底线[MR]:动量分75(15-65期望)
2026-07-10 13:02:48,773 [INFO] HTTP Request: GET http://qt.gtimg.cn/q=sz000988,sh600036 "HTTP/1.1 200 OK"
2026-07-10 13:02:49,740 [INFO] HTTP Request: GET http://qt.gtimg.cn/q=sz000988,sh600036 "HTTP/1.1 200 OK"
[INFO   ]   🛡️ 非持仓SELL降级 士兰微: SELL → WATCH (历史胜率仅20%)
2026-07-10 13:02:49,763 [INFO]   🛡️ 非持仓SELL降级 士兰微: SELL → WATCH (历史胜率仅20%)
2026-07-10 13:02:50,726 [INFO] HTTP Request: GET http://qt.gtimg.cn/q=sz000988,sh600036 "HTTP/1.1 200 OK"
2026-07-10 13:02:51,700 [INFO] HTTP Request: GET http://qt.gtimg.cn/q=sz000988,sh600036 "HTTP/1.1 200 OK"
[INFO   ]   🛡️ 非持仓SELL降级 中国巨石: SELL → WATCH (历史胜率仅20%)
2026-07-10 13:02:51,727 [INFO]   🛡️ 非持仓SELL降级 中国巨石: SELL → WATCH (历史胜率仅20%)
2026-07-10 13:02:52,734 [INFO] HTTP Request: GET http://qt.gtimg.cn/q=sz000988,sh600036 "HTTP/1.1 200 OK"
2026-07-10 13:02:53,721 [INFO] HTTP Request: GET http://qt.gtimg.cn/q=sz000988,sh600036 "HTTP/1.1 200 OK"
[INFO   ]   🟡 CAUTION_BUY 精筛拦截 海螺水泥: 量能确认:缩量0.0x MA20
2026-07-10 13:02:53,747 [INFO]   🟡 CAUTION_BUY 精筛拦截 海螺水泥: 量能确认:缩量0.0x MA20
2026-07-10 13:02:54,695 [INFO] HTTP Request: GET http://qt.gtimg.cn/q=sz000988,sh600036 "HTTP/1.1 200 OK"
2026-07-10 13:02:55,684 [INFO] HTTP Request: GET http://qt.gtimg.cn/q=sz000988,sh600036 "HTTP/1.1 200 OK"

✅ Serenity 看板已启动
   手机访问: https://resend-zone-cross.ngrok-free.dev/monitor
2026-07-10 13:02:56,675 [INFO] HTTP Request: GET http://qt.gtimg.cn/q=sz000988,sh600036 "HTTP/1.1 200 OK"
2026-07-10 13:02:57,599 [INFO] HTTP Request: GET http://qt.gtimg.cn/q=sz000988,sh600036 "HTTP/1.1 200 OK"
2026-07-10 13:02:58,480 [INFO] HTTP Request: GET http://qt.gtimg.cn/q=sh601006 "HTTP/1.1 200 OK"
2026-07-10 13:02:59,441 [INFO] HTTP Request: GET http://qt.gtimg.cn/q=sz000988,sh600036 "HTTP/1.1 200 OK"
[INFO   ]   🛡️ 非持仓SELL降级 紫光股份: SELL → WATCH (历史胜率仅20%)
2026-07-10 13:02:59,465 [INFO]   🛡️ 非持仓SELL降级 紫光股份: SELL → WATCH (历史胜率仅20%)
2026-07-10 13:03:00,408 [INFO] HTTP Request: GET http://qt.gtimg.cn/q=sz000988,sh600036 "HTTP/1.1 200 OK"
2026-07-10 13:03:01,406 [INFO] HTTP Request: GET http://qt.gtimg.cn/q=sz000988,sh600036 "HTTP/1.1 200 OK"
2026-07-10 13:03:02,464 [INFO] HTTP Request: GET http://qt.gtimg.cn/q=sz000988,sh600036 "HTTP/1.1 200 OK"
[INFO   ]   🛡️ 非持仓SELL降级 恒立液压: SELL → WATCH (历史胜率仅20%)
2026-07-10 13:03:02,489 [INFO]   🛡️ 非持仓SELL降级 恒立液压: SELL → WATCH (历史胜率仅20%)
2026-07-10 13:03:03,436 [INFO] HTTP Request: GET http://qt.gtimg.cn/q=sz000988,sh600036 "HTTP/1.1 200 OK"
[INFO   ]   🛡️ 非持仓SELL降级 卧龙电驱: SELL → WATCH (历史胜率仅20%)
2026-07-10 13:03:03,461 [INFO]   🛡️ 非持仓SELL降级 卧龙电驱: SELL → WATCH (历史胜率仅20%)
2026-07-10 13:03:04,420 [INFO] HTTP Request: GET http://qt.gtimg.cn/q=sz000988,sh600036 "HTTP/1.1 200 OK"
[INFO   ]   🛡️ 非持仓SELL降级 中大力德: SELL → WATCH (历史胜率仅20%)
2026-07-10 13:03:04,444 [INFO]   🛡️ 非持仓SELL降级 中大力德: SELL → WATCH (历史胜率仅20%)
=======================================================
  📡 Serenity 交易信号 | 2026-07-10
=======================================================

  🟢 #1 工商银行 (601398) — CAUTION_BUY
     综合评分: 71.3
     现价: 7.3 | 买入区: 7-8 | 目标: 10
     建议仓位: 0元 (0股 @ ~7.30)
     全球最大银行，股息率5%+ — 国家队护盘标的，系统性重要 | 多周期共振[5d+20d↑] | 多周期共振[5d+20d↑]

  ⚪ #2 招商银行 (600036) — STRONG_HOLD
     综合评分: 69.0
     现价: 36.85 | 买入区: 34-42 | 目标: 52
     零售银行龙头，高股息防御 — 震荡市资金避风港，ROE行业领先

  🟢🟢 #3 大秦铁路 (601006) — BUY
     综合评分: 67.7
     现价: 4.69 | 买入区: 4-5 | 目标: 7
     建议仓位: 4221元 (900股 @ ~4.69)
     煤炭运输专线，稳定现金流 — 高股息+低波动，红利策略核心

  ⚪ #4 长江电力 (600900) — HOLD
     综合评分: 65.5
     现价: 27.95 | 买入区: 24-30 | 目标: 36
     建议仓位: 0元 (0股 @ ~27.95)
     水电绝对龙头，现金流稳定 — 类债券属性，极端行情避险首选 | 多周期共振[5d+20d↑]

  ⚪ #5 海螺水泥 (600585) — HOLD
     综合评分: 63.2
     现价: 17.21 | 买入区: 16-20 | 目标: 24
     建议仓位: 0元 (0股 @ ~17.21)
     水泥龙头+高分红 — 基建稳增长受益，低估值防御属性强

  ⚪ #6 亨通光电 (600487) — HOLD
     综合评分: 62.7
     现价: 80.64 | 买入区: 82-115 | 目标: 145
     建议仓位: 0元 (0股 @ ~80.64)
     光纤光缆龙头，CPO光纤阵列(FAU)受益 — 防守型+补涨逻辑

  ⚪ #7 光迅科技 (002281) — HOLD
     综合评分: 60.8
     现价: 243.0 | 买入区: 175-220 | 目标: 300
     建议仓位: 0元 (0股 @ ~243.00)
     光器件全产业链龙头，AI光互联核心受益 — CPO检测/FAU直接映射Serenity的SIVE瓶颈逻辑

  ⚪ #8 华工科技 (000988) — TAKE_PROFIT
     综合评分: 59.0
     现价: 162.83 | 买入区: 130-165 | 目标: 220
     光模块+激光双主线，AI算力配套 — 激光器+光引擎赛道与SIVE逻辑高度重合

  ⚪ #9 拓普集团 (601689) — HOLD
     综合评分: 58.9
     现价: 57.62 | 买入区: 80-105 | 目标: 135
     特斯拉Optimus执行器模组核心供应商 — 机器人+汽车双主线，公募持仓40亿+

  ⚪ #10 兴发集团 (600141) — HOLD
     综合评分: 56.8
     现价: 35.08 | 买入区: 30-36 | 目标: 44
     磷化工龙头，红磷/磷化学品用于CPO光对准和Rubin半导体热管理 — Serenity红磷主题映射

  ⚪ #11 剑桥科技 (603083) — HOLD
     综合评分: 56.2
     现价: 206.18 | 买入区: 155-190 | 目标: 270
     高速光模块弹性标的，800G/1.6T放量 — 受益于CPO光学引擎需求爆发

  ⚪ #12 云南锗业 (002428) — HOLD
     综合评分: 55.0
     现价: 105.09 | 买入区: 78-96 | 目标: 120
     锗衬底材料，CPO用InP衬底的替代表达 — Serenity持有AXTI的映射逻辑

  ⚪ #13 三花智控 (002050) — HOLD
     综合评分: 54.3
     现价: 44.07 | 买入区: 28-38 | 目标: 48
     热管理/执行器龙头 — 特斯拉供应链核心，公募持仓60亿+，机器人+汽零双驱动

  ⚪ #14 兆易创新 (603986) — WATCH
     综合评分: 49.9
     现价: 659.26 | 买入区: 410-505 | 目标: 625
     NOR Flash/DRAM，AI数据中心存储需求外溢 — Serenity重仓SNDK的映射逻辑

  ⚪ #15 卧龙电驱 (600580) — WATCH
     综合评分: 44.3
     现价: 34.23 | 买入区: 18-25 | 目标: 32
     伺服电机龙头 — 机器人动力系统核心供应商，国产伺服替代受益

  ⚪ #16 紫光股份 (000938) — WATCH
     综合评分: 43.5
     现价: 39.25 | 买入区: 22-30 | 目标: 38
     AI算力交换机龙头，新华三核心资产 — 数据中心交换机+服务器双主线，AI基建核心受益

  ⚪ #17 中国巨石 (600176) — WATCH
     综合评分: 42.5
     现价: 57.78 | 买入区: 36-44 | 目标: 54
     玻纤/电子布全球龙头，AI服务器PCB基材需求爆发 — 6月金股(7家券商推荐)，同赛道宏和科技已20倍

  ⚪ #18 恒立液压 (601100) — WATCH
     综合评分: 42.0
     现价: 111.03 | 买入区: 55-72 | 目标: 92
     液压件龙头→人形机器人丝杠 — 技术壁垒高，国产替代+机器人新增量逻辑

  ⚪ #19 中大力德 (002896) — WATCH
     综合评分: 41.3
     现价: 76.53 | 买入区: 35-48 | 目标: 62
     RV减速器+电机一体化 — 国产减速器替代，机器人关节核心部件

  ⚪ #20 士兰微 (600460) — WATCH
     综合评分: 40.2
     现价: 46.71 | 买入区: 28-34 | 目标: 42
     功率半导体IDM龙头，800VDC数据中心供电架构受益 — 映射Serenity NVTS/POWI功率半主题

=======================================================
  共 20 个信号 | 可用资金: 4949 元
=======================================================
[INFO   ] 市场状态: 震荡市 → [内核冻结] 忽略市场体制权重偏移，使用固定权重
[WARNING] ⚠️ 均值回归模式激活 — 负IC因子(动量/量能/技术面)将自动翻转

✅ Serenity 看板已启动
   手机访问: https://resend-zone-cross.ngrok-free.dev/monitor
⏱️ 盘中监控 [13:03] — 检测 3 只持仓
触发 1 条预警

⚠️ [B] 华工科技: 止盈 T5: 8.7% ≥ 5%, 建议出 50%


✅ Serenity 看板已启动
   手机访问: https://resend-zone-cross.ngrok-free.dev/monitor

✅ Serenity 看板已启动
   手机访问: https://resend-zone-cross.ngrok-free.dev/monitor

✅ Serenity 看板已启动
   手机访问: https://resend-zone-cross.ngrok-free.dev/monitor

✅ Serenity 看板已启动
   手机访问: https://resend-zone-cross.ngrok-free.dev/monitor

✅ Serenity 看板已启动
   手机访问: https://resend-zone-cross.ngrok-free.dev/monitor

✅ Serenity 看板已启动
   手机访问: https://resend-zone-cross.ngrok-free.dev/monitor

✅ Serenity 看板已启动
   手机访问: https://resend-zone-cross.ngrok-free.dev/monitor

✅ Serenity 看板已启动
   手机访问: https://resend-zone-cross.ngrok-free.dev/monitor

✅ Serenity 看板已启动
   手机访问: https://resend-zone-cross.ngrok-free.dev/monitor

✅ Serenity 看板已启动
   手机访问: https://resend-zone-cross.ngrok-free.dev/monitor

✅ Serenity 看板已启动
   手机访问: https://resend-zone-cross.ngrok-free.dev/monitor

✅ Serenity 看板已启动
   手机访问: https://resend-zone-cross.ngrok-free.dev/monitor

✅ Serenity 看板已启动
   手机访问: https://resend-zone-cross.ngrok-free.dev/monitor

✅ Serenity 看板已启动
   手机访问: https://resend-zone-cross.ngrok-free.dev/monitor

✅ Serenity 看板已启动
   手机访问: https://resend-zone-cross.ngrok-free.dev/monitor

✅ Serenity 看板已启动
   手机访问: https://resend-zone-cross.ngrok-free.dev/monitor

✅ Serenity 看板已启动
   手机访问: https://resend-zone-cross.ngrok-free.dev/monitor

✅ Serenity 看板已启动
   手机访问: https://resend-zone-cross.ngrok-free.dev/monitor

✅ Serenity 看板已启动
   手机访问: https://resend-zone-cross.ngrok-free.dev/monitor

✅ Serenity 看板已启动
   手机访问: https://resend-zone-cross.ngrok-free.dev/monitor

✅ Serenity 看板已启动
   手机访问: https://resend-zone-cross.ngrok-free.dev/monitor

✅ Serenity 看板已启动
   手机访问: https://resend-zone-cross.ngrok-free.dev/monitor

✅ Serenity 看板已启动
   手机访问: https://resend-zone-cross.ngrok-free.dev/monitor

✅ Serenity 看板已启动
   手机访问: https://resend-zone-cross.ngrok-free.dev/monitor

✅ Serenity 看板已启动
   手机访问: https://resend-zone-cross.ngrok-free.dev/monitor

✅ Serenity 看板已启动
   手机访问: https://resend-zone-cross.ngrok-free.dev/monitor

✅ Serenity 看板已启动
   手机访问: https://resend-zone-cross.ngrok-free.dev/monitor

✅ Serenity 看板已启动
   手机访问: https://resend-zone-cross.ngrok-free.dev/monitor

✅ Serenity 看板已启动
   手机访问: https://resend-zone-cross.ngrok-free.dev/monitor

✅ Serenity 看板已启动
   手机访问: https://resend-zone-cross.ngrok-free.dev/monitor

✅ Serenity 看板已启动
   手机访问: https://resend-zone-cross.ngrok-free.dev/monitor

✅ Serenity 看板已启动
   手机访问: https://resend-zone-cross.ngrok-free.dev/monitor

✅ Serenity 看板已启动
   手机访问: https://resend-zone-cross.ngrok-free.dev/monitor

✅ Serenity 看板已启动
   手机访问: https://resend-zone-cross.ngrok-free.dev/monitor

✅ Serenity 看板已启动
   手机访问: https://resend-zone-cross.ngrok-free.dev/monitor

✅ Serenity 看板已启动
   手机访问: https://resend-zone-cross.ngrok-free.dev/monitor

✅ Serenity 看板已启动
   手机访问: https://resend-zone-cross.ngrok-free.dev/monitor

✅ Serenity 看板已启动
   手机访问: https://resend-zone-cross.ngrok-free.dev/monitor

✅ Serenity 看板已启动
   手机访问: https://resend-zone-cross.ngrok-free.dev/monitor

✅ Serenity 看板已启动
   手机访问: https://resend-zone-cross.ngrok-free.dev/monitor

✅ Serenity 看板已启动
   手机访问: https://resend-zone-cross.ngrok-free.dev/monitor

✅ Serenity 看板已启动
   手机访问: https://resend-zone-cross.ngrok-free.dev/monitor

✅ Serenity 看板已启动
   手机访问: https://resend-zone-cross.ngrok-free.dev/monitor

✅ Serenity 看板已启动
   手机访问: https://resend-zone-cross.ngrok-free.dev/monitor

✅ Serenity 看板已启动
   手机访问: https://resend-zone-cross.ngrok-free.dev/monitor

✅ Serenity 看板已启动
   手机访问: https://resend-zone-cross.ngrok-free.dev/monitor

✅ Serenity 看板已启动
   手机访问: https://resend-zone-cross.ngrok-free.dev/monitor

✅ Serenity 看板已启动
   手机访问: https://resend-zone-cross.ngrok-free.dev/monitor

✅ Serenity 看板已启动
   手机访问: https://resend-zone-cross.ngrok-free.dev/monitor

✅ Serenity 看板已启动
   手机访问: https://resend-zone-cross.ngrok-free.dev/monitor

✅ Serenity 看板已启动
   手机访问: https://resend-zone-cross.ngrok-free.dev/monitor

✅ Serenity 看板已启动
   手机访问: https://resend-zone-cross.ngrok-free.dev/monitor

✅ Serenity 看板已启动
   手机访问: https://resend-zone-cross.ngrok-free.dev/monitor

✅ Serenity 看板已启动
   手机访问: https://resend-zone-cross.ngrok-free.dev/monitor

✅ Serenity 看板已启动
   手机访问: https://resend-zone-cross.ngrok-free.dev/monitor

✅ Serenity 看板已启动
   手机访问: https://resend-zone-cross.ngrok-free.dev/monitor

✅ Serenity 看板已启动
   手机访问: https://resend-zone-cross.ngrok-free.dev/monitor

✅ Serenity 看板已启动
   手机访问: https://resend-zone-cross.ngrok-free.dev/monitor

✅ Serenity 看板已启动
   手机访问: https://resend-zone-cross.ngrok-free.dev/monitor

✅ Serenity 看板已启动
   手机访问: https://resend-zone-cross.ngrok-free.dev/monitor

✅ Serenity 看板已启动
   手机访问: https://resend-zone-cross.ngrok-free.dev/monitor

✅ Serenity 看板已启动
   手机访问: https://resend-zone-cross.ngrok-free.dev/monitor

✅ Serenity 看板已启动
   手机访问: https://resend-zone-cross.ngrok-free.dev/monitor

✅ Serenity 看板已启动
   手机访问: https://resend-zone-cross.ngrok-free.dev/monitor

✅ Serenity 看板已启动
   手机访问: https://resend-zone-cross.ngrok-free.dev/monitor

✅ Serenity 看板已启动
   手机访问: https://resend-zone-cross.ngrok-free.dev/monitor

✅ Serenity 看板已启动
   手机访问: https://resend-zone-cross.ngrok-free.dev/monitor

✅ Serenity 看板已启动
   手机访问: https://resend-zone-cross.ngrok-free.dev/monitor

✅ Serenity 看板已启动
   手机访问: https://resend-zone-cross.ngrok-free.dev/monitor

✅ Serenity 看板已启动
   手机访问: https://resend-zone-cross.ngrok-free.dev/monitor

✅ Serenity 看板已启动
   手机访问: https://resend-zone-cross.ngrok-free.dev/monitor

✅ Serenity 看板已启动
   手机访问: https://resend-zone-cross.ngrok-free.dev/monitor

✅ Serenity 看板已启动
   手机访问: https://resend-zone-cross.ngrok-free.dev/monitor

✅ Serenity 看板已启动
   手机访问: https://resend-zone-cross.ngrok-free.dev/monitor

✅ Serenity 看板已启动
   手机访问: https://resend-zone-cross.ngrok-free.dev/monitor

✅ Serenity 看板已启动
   手机访问: https://resend-zone-cross.ngrok-free.dev/monitor

✅ Serenity 看板已启动
   手机访问: https://resend-zone-cross.ngrok-free.dev/monitor

✅ Serenity 看板已启动
   手机访问: https://resend-zone-cross.ngrok-free.dev/monitor

✅ Serenity 看板已启动
   手机访问: https://resend-zone-cross.ngrok-free.dev/monitor

✅ Serenity 看板已启动
   手机访问: https://resend-zone-cross.ngrok-free.dev/monitor

✅ Serenity 看板已启动
   手机访问: https://resend-zone-cross.ngrok-free.dev/monitor

✅ Serenity 看板已启动
   手机访问: https://resend-zone-cross.ngrok-free.dev/monitor

✅ Serenity 看板已启动
   手机访问: https://resend-zone-cross.ngrok-free.dev/monitor

✅ Serenity 看板已启动
   手机访问: https://resend-zone-cross.ngrok-free.dev/monitor

✅ Serenity 看板已启动
   手机访问: https://resend-zone-cross.ngrok-free.dev/monitor

✅ Serenity 看板已启动
   手机访问: https://resend-zone-cross.ngrok-free.dev/monitor

✅ Serenity 看板已启动
   手机访问: https://resend-zone-cross.ngrok-free.dev/monitor

✅ Serenity 看板已启动
   手机访问: https://resend-zone-cross.ngrok-free.dev/monitor

✅ Serenity 看板已启动
   手机访问: https://resend-zone-cross.ngrok-free.dev/monitor

✅ Serenity 看板已启动
   手机访问: https://resend-zone-cross.ngrok-free.dev/monitor

✅ Serenity 看板已启动
   手机访问: https://resend-zone-cross.ngrok-free.dev/monitor

✅ Serenity 看板已启动
   手机访问: https://resend-zone-cross.ngrok-free.dev/monitor

✅ Serenity 看板已启动
   手机访问: https://resend-zone-cross.ngrok-free.dev/monitor

✅ Serenity 看板已启动
   手机访问: https://resend-zone-cross.ngrok-free.dev/monitor

✅ Serenity 看板已启动
   手机访问: https://resend-zone-cross.ngrok-free.dev/monitor

✅ Serenity 看板已启动
   手机访问: https://resend-zone-cross.ngrok-free.dev/monitor

✅ Serenity 看板已启动
   手机访问: https://resend-zone-cross.ngrok-free.dev/monitor

✅ Serenity 看板已启动
   手机访问: https://resend-zone-cross.ngrok-free.dev/monitor

✅ Serenity 看板已启动
   手机访问: https://resend-zone-cross.ngrok-free.dev/monitor

✅ Serenity 看板已启动
   手机访问: https://resend-zone-cross.ngrok-free.dev/monitor

✅ Serenity 看板已启动
   手机访问: https://resend-zone-cross.ngrok-free.dev/monitor

✅ Serenity 看板已启动
   手机访问: https://resend-zone-cross.ngrok-free.dev/monitor

✅ Serenity 看板已启动
   手机访问: https://resend-zone-cross.ngrok-free.dev/monitor

✅ Serenity 看板已启动
   手机访问: https://resend-zone-cross.ngrok-free.dev/monitor

✅ Serenity 看板已启动
   手机访问: https://resend-zone-cross.ngrok-free.dev/monitor

✅ Serenity 看板已启动
   手机访问: https://resend-zone-cross.ngrok-free.dev/monitor

✅ Serenity 看板已启动
   手机访问: https://resend-zone-cross.ngrok-free.dev/monitor

✅ Serenity 看板已启动
   手机访问: https://resend-zone-cross.ngrok-free.dev/monitor

✅ Serenity 看板已启动
   手机访问: https://resend-zone-cross.ngrok-free.dev/monitor

✅ Serenity 看板已启动
   手机访问: https://resend-zone-cross.ngrok-free.dev/monitor

✅ Serenity 看板已启动
   手机访问: https://resend-zone-cross.ngrok-free.dev/monitor

✅ Serenity 看板已启动
   手机访问: https://resend-zone-cross.ngrok-free.dev/monitor

✅ Serenity 看板已启动
   手机访问: https://resend-zone-cross.ngrok-free.dev/monitor

✅ Serenity 看板已启动
   手机访问: https://resend-zone-cross.ngrok-free.dev/monitor

✅ Serenity 看板已启动
   手机访问: https://resend-zone-cross.ngrok-free.dev/monitor

✅ Serenity 看板已启动
   手机访问: https://resend-zone-cross.ngrok-free.dev/monitor

✅ Serenity 看板已启动
   手机访问: https://resend-zone-cross.ngrok-free.dev/monitor

✅ Serenity 看板已启动
   手机访问: https://resend-zone-cross.ngrok-free.dev/monitor

✅ Serenity 看板已启动
   手机访问: https://resend-zone-cross.ngrok-free.dev/monitor

✅ Serenity 看板已启动
   手机访问: https://resend-zone-cross.ngrok-free.dev/monitor

✅ Serenity 看板已启动
   手机访问: https://resend-zone-cross.ngrok-free.dev/monitor

✅ Serenity 看板已启动
   手机访问: https://resend-zone-cross.ngrok-free.dev/monitor

✅ Serenity 看板已启动
   手机访问: https://resend-zone-cross.ngrok-free.dev/monitor

✅ Serenity 看板已启动
   手机访问: https://resend-zone-cross.ngrok-free.dev/monitor

✅ Serenity 看板已启动
   手机访问: https://resend-zone-cross.ngrok-free.dev/monitor

✅ Serenity 看板已启动
   手机访问: https://resend-zone-cross.ngrok-free.dev/monitor

✅ Serenity 看板已启动
   手机访问: https://resend-zone-cross.ngrok-free.dev/monitor

✅ Serenity 看板已启动
   手机访问: https://resend-zone-cross.ngrok-free.dev/monitor

✅ Serenity 看板已启动
   手机访问: https://resend-zone-cross.ngrok-free.dev/monitor

✅ Serenity 看板已启动
   手机访问: https://resend-zone-cross.ngrok-free.dev/monitor

✅ Serenity 看板已启动
   手机访问: https://resend-zone-cross.ngrok-free.dev/monitor

✅ Serenity 看板已启动
   手机访问: https://resend-zone-cross.ngrok-free.dev/monitor

✅ Serenity 看板已启动
   手机访问: https://resend-zone-cross.ngrok-free.dev/monitor

✅ Serenity 看板已启动
   手机访问: https://resend-zone-cross.ngrok-free.dev/monitor

✅ Serenity 看板已启动
   手机访问: https://resend-zone-cross.ngrok-free.dev/monitor

✅ Serenity 看板已启动
   手机访问: https://resend-zone-cross.ngrok-free.dev/monitor

✅ Serenity 看板已启动
   手机访问: https://resend-zone-cross.ngrok-free.dev/monitor

✅ Serenity 看板已启动
   手机访问: https://resend-zone-cross.ngrok-free.dev/monitor

✅ Serenity 看板已启动
   手机访问: https://resend-zone-cross.ngrok-free.dev/monitor

✅ Serenity 看板已启动
   手机访问: https://resend-zone-cross.ngrok-free.dev/monitor

✅ Serenity 看板已启动
   手机访问: https://resend-zone-cross.ngrok-free.dev/monitor

✅ Serenity 看板已启动
   手机访问: https://resend-zone-cross.ngrok-free.dev/monitor

✅ Serenity 看板已启动
   手机访问: https://resend-zone-cross.ngrok-free.dev/monitor

✅ Serenity 看板已启动
   手机访问: https://resend-zone-cross.ngrok-free.dev/monitor

✅ Serenity 看板已启动
   手机访问: https://resend-zone-cross.ngrok-free.dev/monitor

✅ Serenity 看板已启动
   手机访问: https://resend-zone-cross.ngrok-free.dev/monitor

✅ Serenity 看板已启动
   手机访问: https://resend-zone-cross.ngrok-free.dev/monitor

✅ Serenity 看板已启动
   手机访问: https://resend-zone-cross.ngrok-free.dev/monitor

✅ Serenity 看板已启动
   手机访问: https://resend-zone-cross.ngrok-free.dev/monitor

✅ Serenity 看板已启动
   手机访问: https://resend-zone-cross.ngrok-free.dev/monitor

✅ Serenity 看板已启动
   手机访问: https://resend-zone-cross.ngrok-free.dev/monitor

✅ Serenity 看板已启动
   手机访问: https://resend-zone-cross.ngrok-free.dev/monitor

✅ Serenity 看板已启动
   手机访问: https://resend-zone-cross.ngrok-free.dev/monitor

✅ Serenity 看板已启动
   手机访问: https://resend-zone-cross.ngrok-free.dev/monitor
[INFO   ] 市场状态: 震荡市 → [内核冻结] 忽略市场体制权重偏移，使用固定权重
[WARNING] ⚠️ 均值回归模式激活 — 负IC因子(动量/量能/技术面)将自动翻转
[INFO   ] 🔧 [MR模式] 因子翻转激活: ['factor', 'moat', 'technical', 'volume']
[INFO   ] 🔧 [MR模式] 因子翻转激活: ['factor', 'moat', 'technical', 'volume']

✅ Serenity 看板已启动
   手机访问: https://resend-zone-cross.ngrok-free.dev/monitor
[INFO   ] 🔧 [MR模式] 因子翻转激活: ['factor', 'moat', 'technical', 'volume']
[INFO   ] 🔧 [MR模式] 因子翻转激活: ['factor', 'moat', 'technical', 'volume']
[INFO   ] 🔧 [MR模式] 因子翻转激活: ['factor', 'moat', 'technical', 'volume']
[INFO   ] 🔧 [MR模式] 因子翻转激活: ['factor', 'moat', 'technical', 'volume']
[INFO   ] 🔧 [MR模式] 因子翻转激活: ['factor', 'moat', 'technical', 'volume']
[INFO   ] 🔧 [MR模式] 因子翻转激活: ['factor', 'moat', 'technical', 'volume']
[INFO   ] 🔧 [MR模式] 因子翻转激活: ['factor', 'moat', 'technical', 'volume']
[INFO   ] 🔧 [MR模式] 因子翻转激活: ['factor', 'moat', 'technical', 'volume']
[INFO   ] 🔧 [MR模式] 因子翻转激活: ['factor', 'moat', 'technical', 'volume']
[INFO   ] 🔧 [MR模式] 因子翻转激活: ['factor', 'moat', 'technical', 'volume']
[INFO   ] 🔧 [MR模式] 因子翻转激活: ['factor', 'moat', 'technical', 'volume']
[INFO   ] 🔧 [MR模式] 因子翻转激活: ['factor', 'moat', 'technical', 'volume']
[INFO   ] 🔧 [MR模式] 因子翻转激活: ['factor', 'moat', 'technical', 'volume']
[INFO   ] 🔧 [MR模式] 因子翻转激活: ['factor', 'moat', 'technical', 'volume']
[INFO   ] 🔧 [MR模式] 因子翻转激活: ['factor', 'moat', 'technical', 'volume']
[INFO   ] 🔧 [MR模式] 因子翻转激活: ['factor', 'moat', 'technical', 'volume']
[INFO   ] 🔧 [MR模式] 因子翻转激活: ['factor', 'moat', 'technical', 'volume']
[INFO   ] 🔧 [MR模式] 因子翻转激活: ['factor', 'moat', 'technical', 'volume']
[INFO   ]   🟡 CAUTION_BUY 精筛拦截 兴发集团: 量能确认:缩量0.0x MA20
[INFO   ]   🟡 CAUTION_BUY 精筛拦截 亨通光电: 量能确认:缩量0.0x MA20; 动量底线[MR]:动量分75(15-65期望)

✅ Serenity 看板已启动
   手机访问: https://resend-zone-cross.ngrok-free.dev/monitor
[INFO   ]   🛡️ 非持仓SELL降级 士兰微: SELL → WATCH (历史胜率仅20%)
[INFO   ]   🛡️ 非持仓SELL降级 兆易创新: SELL → WATCH (历史胜率仅20%)
[INFO   ]   🛡️ 非持仓SELL降级 中国巨石: SELL → WATCH (历史胜率仅20%)
[INFO   ]   🟡 CAUTION_BUY 精筛拦截 大秦铁路: 量能确认:缩量0.0x MA20; 动量底线[MR]:动量分75(15-65期望)
[INFO   ]   🛡️ 非持仓SELL降级 紫光股份: SELL → WATCH (历史胜率仅20%)

✅ Serenity 看板已启动
   手机访问: https://resend-zone-cross.ngrok-free.dev/monitor
[INFO   ]   🛡️ 非持仓SELL降级 恒立液压: SELL → WATCH (历史胜率仅20%)
[INFO   ]   🛡️ 非持仓SELL降级 卧龙电驱: SELL → WATCH (历史胜率仅20%)
[INFO   ]   🛡️ 非持仓SELL降级 中大力德: SELL → WATCH (历史胜率仅20%)
2026-07-10 13:30:36,413 [INFO] HTTP Request: GET http://qt.gtimg.cn/q=sz000988,sh600036 "HTTP/1.1 200 OK"
2026-07-10 13:30:36,452 [DEBUG] 审计记录写入: 69eada9e466645f5 002281 CAUTION_BUY score=61

✅ Serenity 看板已启动
   手机访问: https://resend-zone-cross.ngrok-free.dev/monitor
2026-07-10 13:30:42,921 [INFO] HTTP Request: GET http://qt.gtimg.cn/q=sz000988,sh600036 "HTTP/1.1 200 OK"
2026-07-10 13:30:42,952 [DEBUG] 审计记录写入: 36e0f70de9f24bb7 000988 HOLD score=59

✅ Serenity 看板已启动
   手机访问: https://resend-zone-cross.ngrok-free.dev/monitor
2026-07-10 13:30:49,174 [INFO] HTTP Request: GET http://qt.gtimg.cn/q=sz000988,sh600036 "HTTP/1.1 200 OK"
2026-07-10 13:30:49,208 [DEBUG] 审计记录写入: a32fd0fde42a4700 600141 CAUTION_BUY score=61
2026-07-10 13:30:55,409 [INFO] HTTP Request: GET http://qt.gtimg.cn/q=sz000988,sh600036 "HTTP/1.1 200 OK"
2026-07-10 13:30:55,429 [DEBUG] 审计记录写入: 68c1642bcf27471f 603083 HOLD score=56

✅ Serenity 看板已启动
   手机访问: https://resend-zone-cross.ngrok-free.dev/monitor
2026-07-10 13:31:01,550 [INFO] HTTP Request: GET http://qt.gtimg.cn/q=sz000988,sh600036 "HTTP/1.1 200 OK"
2026-07-10 13:31:01,575 [DEBUG] 审计记录写入: 9829014da19a4e77 600487 CAUTION_BUY score=63
2026-07-10 13:31:07,697 [INFO] HTTP Request: GET http://qt.gtimg.cn/q=sz000988,sh600036 "HTTP/1.1 200 OK"
2026-07-10 13:31:07,719 [DEBUG] 审计记录写入: 56d9e56c6cfc46ef 002428 HOLD score=56

✅ Serenity 看板已启动
   手机访问: https://resend-zone-cross.ngrok-free.dev/monitor
2026-07-10 13:31:14,063 [INFO] HTTP Request: GET http://qt.gtimg.cn/q=sz000988,sh600036 "HTTP/1.1 200 OK"
2026-07-10 13:31:14,096 [DEBUG] 审计记录写入: 9817f31e07514676 600460 SELL score=40

✅ Serenity 看板已启动
   手机访问: https://resend-zone-cross.ngrok-free.dev/monitor
2026-07-10 13:31:20,619 [INFO] HTTP Request: GET http://qt.gtimg.cn/q=sz000988,sh600036 "HTTP/1.1 200 OK"
2026-07-10 13:31:20,644 [DEBUG] 审计记录写入: 9572308b45774a19 603986 WATCH score=45
2026-07-10 13:31:26,903 [INFO] HTTP Request: GET http://qt.gtimg.cn/q=sz000988,sh600036 "HTTP/1.1 200 OK"
2026-07-10 13:31:26,934 [DEBUG] 审计记录写入: d140e37ca9bc4a54 600176 SELL score=43

✅ Serenity 看板已启动
   手机访问: https://resend-zone-cross.ngrok-free.dev/monitor
2026-07-10 13:31:33,222 [INFO] HTTP Request: GET http://qt.gtimg.cn/q=sz000988,sh600036 "HTTP/1.1 200 OK"
2026-07-10 13:31:33,248 [DEBUG] 审计记录写入: 011ccc3d4e2b4f2a 600036 BUY score=69
2026-07-10 13:31:39,539 [INFO] HTTP Request: GET http://qt.gtimg.cn/q=sz000988,sh600036 "HTTP/1.1 200 OK"
2026-07-10 13:31:39,568 [DEBUG] 审计记录写入: efeb6b3c351e47d7 600585 CAUTION_BUY score=64

✅ Serenity 看板已启动
   手机访问: https://resend-zone-cross.ngrok-free.dev/monitor
2026-07-10 13:31:46,875 [INFO] HTTP Request: GET http://qt.gtimg.cn/q=sz000988,sh600036 "HTTP/1.1 200 OK"
2026-07-10 13:31:46,907 [DEBUG] 审计记录写入: c6f4e5dedf144d69 600900 CAUTION_BUY score=62

✅ Serenity 看板已启动
   手机访问: https://resend-zone-cross.ngrok-free.dev/monitor
2026-07-10 13:31:52,726 [INFO] HTTP Request: GET http://qt.gtimg.cn/q=sz000988,sh600036 "HTTP/1.1 200 OK"
2026-07-10 13:31:52,753 [DEBUG] 审计记录写入: 09c8026a2cd9419f 601398 CAUTION_BUY score=69
2026-07-10 13:31:59,095 [INFO] HTTP Request: GET http://qt.gtimg.cn/q=sz000988,sh600036 "HTTP/1.1 200 OK"
2026-07-10 13:31:59,117 [DEBUG] 审计记录写入: b2c636ed2a804f16 601006 BUY score=67

✅ Serenity 看板已启动
   手机访问: https://resend-zone-cross.ngrok-free.dev/monitor
2026-07-10 13:32:05,695 [INFO] HTTP Request: GET http://qt.gtimg.cn/q=sz000988,sh600036 "HTTP/1.1 200 OK"
2026-07-10 13:32:05,722 [DEBUG] 审计记录写入: ce6208f387064b4f 000938 SELL score=44
2026-07-10 13:32:12,025 [INFO] HTTP Request: GET http://qt.gtimg.cn/q=sz000988,sh600036 "HTTP/1.1 200 OK"
2026-07-10 13:32:12,053 [DEBUG] 审计记录写入: 198bfee14aea44e9 601689 HOLD score=59

✅ Serenity 看板已启动
   手机访问: https://resend-zone-cross.ngrok-free.dev/monitor
2026-07-10 13:32:18,367 [INFO] HTTP Request: GET http://qt.gtimg.cn/q=sz000988,sh600036 "HTTP/1.1 200 OK"
2026-07-10 13:32:18,394 [DEBUG] 审计记录写入: 6d110039d3554704 002050 HOLD score=54

✅ Serenity 看板已启动
   手机访问: https://resend-zone-cross.ngrok-free.dev/monitor
2026-07-10 13:32:24,724 [INFO] HTTP Request: GET http://qt.gtimg.cn/q=sz000988,sh600036 "HTTP/1.1 200 OK"
2026-07-10 13:32:24,751 [DEBUG] 审计记录写入: 8a386ebf33a147cc 601100 SELL score=38
2026-07-10 13:32:31,196 [INFO] HTTP Request: GET http://qt.gtimg.cn/q=sz000988,sh600036 "HTTP/1.1 200 OK"
2026-07-10 13:32:31,226 [DEBUG] 审计记录写入: 91e2261f64924699 600580 SELL score=44

✅ Serenity 看板已启动
   手机访问: https://resend-zone-cross.ngrok-free.dev/monitor
2026-07-10 13:32:37,577 [INFO] HTTP Request: GET http://qt.gtimg.cn/q=sz000988,sh600036 "HTTP/1.1 200 OK"
2026-07-10 13:32:37,605 [DEBUG] 审计记录写入: a217997ac8b243a5 002896 SELL score=41
2026-07-10 13:32:41,001 [INFO] HTTP Request: GET http://qt.gtimg.cn/q=sz002281,sz000988,sh600141,sh603083,sh600487,sz002428,sh600460,sh603986,sh600176,sh600036,sh600585,sh600900,sh601398,sh601006,sz000938,sh601689,sz002050,sh601100,sh600580,sz002896 "HTTP/1.1 200 OK"
2026-07-10 13:32:41,911 [INFO] HTTP Request: GET http://qt.gtimg.cn/q=sz000988,sh600036 "HTTP/1.1 200 OK"
[INFO   ]   🟡 CAUTION_BUY 精筛拦截 光迅科技: 量能确认:缩量0.0x MA20
2026-07-10 13:32:41,933 [INFO]   🟡 CAUTION_BUY 精筛拦截 光迅科技: 量能确认:缩量0.0x MA20
2026-07-10 13:32:42,915 [INFO] HTTP Request: GET http://qt.gtimg.cn/q=sz000988,sh600036 "HTTP/1.1 200 OK"

✅ Serenity 看板已启动
   手机访问: https://resend-zone-cross.ngrok-free.dev/monitor
2026-07-10 13:32:43,904 [INFO] HTTP Request: GET http://qt.gtimg.cn/q=sz000988,sh600036 "HTTP/1.1 200 OK"
[INFO   ]   🟡 CAUTION_BUY 精筛拦截 兴发集团: 量能确认:缩量0.0x MA20; 动量底线[MR]:动量分85(15-65期望)
2026-07-10 13:32:43,929 [INFO]   🟡 CAUTION_BUY 精筛拦截 兴发集团: 量能确认:缩量0.0x MA20; 动量底线[MR]:动量分85(15-65期望)
2026-07-10 13:32:44,883 [INFO] HTTP Request: GET http://qt.gtimg.cn/q=sz000988,sh600036 "HTTP/1.1 200 OK"
2026-07-10 13:32:45,858 [INFO] HTTP Request: GET http://qt.gtimg.cn/q=sz000988,sh600036 "HTTP/1.1 200 OK"
[INFO   ]   🟡 CAUTION_BUY 精筛拦截 亨通光电: 量能确认:缩量0.1x MA20; 动量底线[MR]:动量分75(15-65期望)
2026-07-10 13:32:45,890 [INFO]   🟡 CAUTION_BUY 精筛拦截 亨通光电: 量能确认:缩量0.1x MA20; 动量底线[MR]:动量分75(15-65期望)
2026-07-10 13:32:46,843 [INFO] HTTP Request: GET http://qt.gtimg.cn/q=sz000988,sh600036 "HTTP/1.1 200 OK"
2026-07-10 13:32:47,821 [INFO] HTTP Request: GET http://qt.gtimg.cn/q=sz000988,sh600036 "HTTP/1.1 200 OK"
[INFO   ]   🛡️ 非持仓SELL降级 士兰微: SELL → WATCH (历史胜率仅20%)
2026-07-10 13:32:47,846 [INFO]   🛡️ 非持仓SELL降级 士兰微: SELL → WATCH (历史胜率仅20%)
2026-07-10 13:32:48,793 [INFO] HTTP Request: GET http://qt.gtimg.cn/q=sz000988,sh600036 "HTTP/1.1 200 OK"
2026-07-10 13:32:49,763 [INFO] HTTP Request: GET http://qt.gtimg.cn/q=sz000988,sh600036 "HTTP/1.1 200 OK"
[INFO   ]   🛡️ 非持仓SELL降级 中国巨石: SELL → WATCH (历史胜率仅20%)
2026-07-10 13:32:49,789 [INFO]   🛡️ 非持仓SELL降级 中国巨石: SELL → WATCH (历史胜率仅20%)
2026-07-10 13:32:50,764 [INFO] HTTP Request: GET http://qt.gtimg.cn/q=sz000988,sh600036 "HTTP/1.1 200 OK"
2026-07-10 13:32:51,751 [INFO] HTTP Request: GET http://qt.gtimg.cn/q=sz000988,sh600036 "HTTP/1.1 200 OK"
[INFO   ]   🟡 CAUTION_BUY 精筛拦截 海螺水泥: 量能确认:缩量0.0x MA20
2026-07-10 13:32:51,780 [INFO]   🟡 CAUTION_BUY 精筛拦截 海螺水泥: 量能确认:缩量0.0x MA20
2026-07-10 13:32:52,732 [INFO] HTTP Request: GET http://qt.gtimg.cn/q=sz000988,sh600036 "HTTP/1.1 200 OK"
2026-07-10 13:32:53,701 [INFO] HTTP Request: GET http://qt.gtimg.cn/q=sz000988,sh600036 "HTTP/1.1 200 OK"

✅ Serenity 看板已启动
   手机访问: https://resend-zone-cross.ngrok-free.dev/monitor
2026-07-10 13:32:54,665 [INFO] HTTP Request: GET http://qt.gtimg.cn/q=sz000988,sh600036 "HTTP/1.1 200 OK"
2026-07-10 13:32:55,582 [INFO] HTTP Request: GET http://qt.gtimg.cn/q=sz000988,sh600036 "HTTP/1.1 200 OK"
2026-07-10 13:32:56,492 [INFO] HTTP Request: GET http://qt.gtimg.cn/q=sh601006 "HTTP/1.1 200 OK"
2026-07-10 13:32:57,443 [INFO] HTTP Request: GET http://qt.gtimg.cn/q=sz000988,sh600036 "HTTP/1.1 200 OK"
[INFO   ]   🛡️ 非持仓SELL降级 紫光股份: SELL → WATCH (历史胜率仅20%)
2026-07-10 13:32:57,468 [INFO]   🛡️ 非持仓SELL降级 紫光股份: SELL → WATCH (历史胜率仅20%)
2026-07-10 13:32:58,446 [INFO] HTTP Request: GET http://qt.gtimg.cn/q=sz000988,sh600036 "HTTP/1.1 200 OK"
2026-07-10 13:32:59,441 [INFO] HTTP Request: GET http://qt.gtimg.cn/q=sz000988,sh600036 "HTTP/1.1 200 OK"
2026-07-10 13:33:00,436 [INFO] HTTP Request: GET http://qt.gtimg.cn/q=sz000988,sh600036 "HTTP/1.1 200 OK"
[INFO   ]   🛡️ 非持仓SELL降级 恒立液压: SELL → WATCH (历史胜率仅20%)
2026-07-10 13:33:00,459 [INFO]   🛡️ 非持仓SELL降级 恒立液压: SELL → WATCH (历史胜率仅20%)
2026-07-10 13:33:01,414 [INFO] HTTP Request: GET http://qt.gtimg.cn/q=sz000988,sh600036 "HTTP/1.1 200 OK"
[INFO   ]   🛡️ 非持仓SELL降级 卧龙电驱: SELL → WATCH (历史胜率仅20%)
2026-07-10 13:33:01,436 [INFO]   🛡️ 非持仓SELL降级 卧龙电驱: SELL → WATCH (历史胜率仅20%)
2026-07-10 13:33:03,470 [INFO] HTTP Request: GET http://qt.gtimg.cn/q=sz000988,sh600036 "HTTP/1.1 200 OK"
[INFO   ]   🛡️ 非持仓SELL降级 中大力德: SELL → WATCH (历史胜率仅20%)
2026-07-10 13:33:03,493 [INFO]   🛡️ 非持仓SELL降级 中大力德: SELL → WATCH (历史胜率仅20%)
=======================================================
  📡 Serenity 交易信号 | 2026-07-10
=======================================================

  🟢 #1 工商银行 (601398) — CAUTION_BUY
     综合评分: 71.9
     现价: 7.27 | 买入区: 7-8 | 目标: 10
     建议仓位: 0元 (0股 @ ~7.27)
     全球最大银行，股息率5%+ — 国家队护盘标的，系统性重要 | 多周期共振[5d+20d↑] | 多周期共振[5d+20d↑]

  ⚪ #2 招商银行 (600036) — STRONG_HOLD
     综合评分: 69.1
     现价: 36.68 | 买入区: 34-42 | 目标: 52
     零售银行龙头，高股息防御 — 震荡市资金避风港，ROE行业领先

  🟢🟢 #3 大秦铁路 (601006) — BUY
     综合评分: 67.4
     现价: 4.66 | 买入区: 4-5 | 目标: 7
     建议仓位: 4203元 (900股 @ ~4.66)
     煤炭运输专线，稳定现金流 — 高股息+低波动，红利策略核心

  ⚪ #4 长江电力 (600900) — HOLD
     综合评分: 65.5
     现价: 27.93 | 买入区: 24-30 | 目标: 36
     建议仓位: 0元 (0股 @ ~27.93)
     水电绝对龙头，现金流稳定 — 类债券属性，极端行情避险首选 | 多周期共振[5d+20d↑]

  ⚪ #5 海螺水泥 (600585) — HOLD
     综合评分: 63.8
     现价: 17.14 | 买入区: 16-20 | 目标: 24
     建议仓位: 0元 (0股 @ ~17.14)
     水泥龙头+高分红 — 基建稳增长受益，低估值防御属性强

  ⚪ #6 亨通光电 (600487) — HOLD
     综合评分: 62.8
     现价: 81.4 | 买入区: 82-115 | 目标: 145
     建议仓位: 0元 (0股 @ ~81.40)
     光纤光缆龙头，CPO光纤阵列(FAU)受益 — 防守型+补涨逻辑

  ⚪ #7 兴发集团 (600141) — HOLD
     综合评分: 61.2
     现价: 35.1 | 买入区: 30-36 | 目标: 44
     建议仓位: 0元 (0股 @ ~35.10)
     磷化工龙头，红磷/磷化学品用于CPO光对准和Rubin半导体热管理 — Serenity红磷主题映射

  ⚪ #8 光迅科技 (002281) — HOLD
     综合评分: 60.8
     现价: 244.8 | 买入区: 175-220 | 目标: 300
     建议仓位: 0元 (0股 @ ~244.80)
     光器件全产业链龙头，AI光互联核心受益 — CPO检测/FAU直接映射Serenity的SIVE瓶颈逻辑

  ⚪ #9 华工科技 (000988) — TAKE_PROFIT
     综合评分: 59.0
     现价: 163.42 | 买入区: 130-165 | 目标: 220
     光模块+激光双主线，AI算力配套 — 激光器+光引擎赛道与SIVE逻辑高度重合

  ⚪ #10 拓普集团 (601689) — HOLD
     综合评分: 58.9
     现价: 58.13 | 买入区: 80-105 | 目标: 135
     特斯拉Optimus执行器模组核心供应商 — 机器人+汽车双主线，公募持仓40亿+

  ⚪ #11 剑桥科技 (603083) — HOLD
     综合评分: 56.3
     现价: 207.35 | 买入区: 155-190 | 目标: 270
     高速光模块弹性标的，800G/1.6T放量 — 受益于CPO光学引擎需求爆发

  ⚪ #12 云南锗业 (002428) — HOLD
     综合评分: 55.8
     现价: 103.85 | 买入区: 78-96 | 目标: 120
     锗衬底材料，CPO用InP衬底的替代表达 — Serenity持有AXTI的映射逻辑

  ⚪ #13 三花智控 (002050) — HOLD
     综合评分: 54.3
     现价: 44.12 | 买入区: 28-38 | 目标: 48
     热管理/执行器龙头 — 特斯拉供应链核心，公募持仓60亿+，机器人+汽零双驱动

  ⚪ #14 兆易创新 (603986) — WATCH
     综合评分: 45.4
     现价: 652.92 | 买入区: 410-505 | 目标: 625
     NOR Flash/DRAM，AI数据中心存储需求外溢 — Serenity重仓SNDK的映射逻辑

  ⚪ #15 卧龙电驱 (600580) — WATCH
     综合评分: 44.3
     现价: 34.3 | 买入区: 18-25 | 目标: 32
     伺服电机龙头 — 机器人动力系统核心供应商，国产伺服替代受益

  ⚪ #16 紫光股份 (000938) — WATCH
     综合评分: 43.5
     现价: 39.25 | 买入区: 22-30 | 目标: 38
     AI算力交换机龙头，新华三核心资产 — 数据中心交换机+服务器双主线，AI基建核心受益

  ⚪ #17 中国巨石 (600176) — WATCH
     综合评分: 42.6
     现价: 57.79 | 买入区: 36-44 | 目标: 54
     玻纤/电子布全球龙头，AI服务器PCB基材需求爆发 — 6月金股(7家券商推荐)，同赛道宏和科技已20倍

  ⚪ #18 中大力德 (002896) — WATCH
     综合评分: 41.3
     现价: 77.23 | 买入区: 35-48 | 目标: 62
     RV减速器+电机一体化 — 国产减速器替代，机器人关节核心部件

  ⚪ #19 士兰微 (600460) — WATCH
     综合评分: 40.2
     现价: 46.95 | 买入区: 28-34 | 目标: 42
     功率半导体IDM龙头，800VDC数据中心供电架构受益 — 映射Serenity NVTS/POWI功率半主题

  ⚪ #20 恒立液压 (601100) — WATCH
     综合评分: 38.4
     现价: 112.59 | 买入区: 55-72 | 目标: 92
     液压件龙头→人形机器人丝杠 — 技术壁垒高，国产替代+机器人新增量逻辑

=======================================================
  共 20 个信号 | 可用资金: 4949 元
=======================================================
[INFO   ] 市场状态: 震荡市 → [内核冻结] 忽略市场体制权重偏移，使用固定权重
[WARNING] ⚠️ 均值回归模式激活 — 负IC因子(动量/量能/技术面)将自动翻转

✅ Serenity 看板已启动
   手机访问: https://resend-zone-cross.ngrok-free.dev/monitor
⏱️ 盘中监控 [13:33] — 检测 3 只持仓
触发 1 条预警

⚠️ [B] 华工科技: 止盈 T5: 9.1% ≥ 5%, 建议出 50%


✅ Serenity 看板已启动
   手机访问: https://resend-zone-cross.ngrok-free.dev/monitor

✅ Serenity 看板已启动
   手机访问: https://resend-zone-cross.ngrok-free.dev/monitor

✅ Serenity 看板已启动
   手机访问: https://resend-zone-cross.ngrok-free.dev/monitor

✅ Serenity 看板已启动
   手机访问: https://resend-zone-cross.ngrok-free.dev/monitor

✅ Serenity 看板已启动
   手机访问: https://resend-zone-cross.ngrok-free.dev/monitor

✅ Serenity 看板已启动
   手机访问: https://resend-zone-cross.ngrok-free.dev/monitor

✅ Serenity 看板已启动
   手机访问: https://resend-zone-cross.ngrok-free.dev/monitor

✅ Serenity 看板已启动
   手机访问: https://resend-zone-cross.ngrok-free.dev/monitor

✅ Serenity 看板已启动
   手机访问: https://resend-zone-cross.ngrok-free.dev/monitor

✅ Serenity 看板已启动
   手机访问: https://resend-zone-cross.ngrok-free.dev/monitor

✅ Serenity 看板已启动
   手机访问: https://resend-zone-cross.ngrok-free.dev/monitor

✅ Serenity 看板已启动
   手机访问: https://resend-zone-cross.ngrok-free.dev/monitor

✅ Serenity 看板已启动
   手机访问: https://resend-zone-cross.ngrok-free.dev/monitor

✅ Serenity 看板已启动
   手机访问: https://resend-zone-cross.ngrok-free.dev/monitor

✅ Serenity 看板已启动
   手机访问: https://resend-zone-cross.ngrok-free.dev/monitor

✅ Serenity 看板已启动
   手机访问: https://resend-zone-cross.ngrok-free.dev/monitor

✅ Serenity 看板已启动
   手机访问: https://resend-zone-cross.ngrok-free.dev/monitor

✅ Serenity 看板已启动
   手机访问: https://resend-zone-cross.ngrok-free.dev/monitor

✅ Serenity 看板已启动
   手机访问: https://resend-zone-cross.ngrok-free.dev/monitor

✅ Serenity 看板已启动
   手机访问: https://resend-zone-cross.ngrok-free.dev/monitor

✅ Serenity 看板已启动
   手机访问: https://resend-zone-cross.ngrok-free.dev/monitor

✅ Serenity 看板已启动
   手机访问: https://resend-zone-cross.ngrok-free.dev/monitor

✅ Serenity 看板已启动
   手机访问: https://resend-zone-cross.ngrok-free.dev/monitor

✅ Serenity 看板已启动
   手机访问: https://resend-zone-cross.ngrok-free.dev/monitor

✅ Serenity 看板已启动
   手机访问: https://resend-zone-cross.ngrok-free.dev/monitor

✅ Serenity 看板已启动
   手机访问: https://resend-zone-cross.ngrok-free.dev/monitor

✅ Serenity 看板已启动
   手机访问: https://resend-zone-cross.ngrok-free.dev/monitor

✅ Serenity 看板已启动
   手机访问: https://resend-zone-cross.ngrok-free.dev/monitor

✅ Serenity 看板已启动
   手机访问: https://resend-zone-cross.ngrok-free.dev/monitor

✅ Serenity 看板已启动
   手机访问: https://resend-zone-cross.ngrok-free.dev/monitor

✅ Serenity 看板已启动
   手机访问: https://resend-zone-cross.ngrok-free.dev/monitor

✅ Serenity 看板已启动
   手机访问: https://resend-zone-cross.ngrok-free.dev/monitor

✅ Serenity 看板已启动
   手机访问: https://resend-zone-cross.ngrok-free.dev/monitor

✅ Serenity 看板已启动
   手机访问: https://resend-zone-cross.ngrok-free.dev/monitor

✅ Serenity 看板已启动
   手机访问: https://resend-zone-cross.ngrok-free.dev/monitor

✅ Serenity 看板已启动
   手机访问: https://resend-zone-cross.ngrok-free.dev/monitor

✅ Serenity 看板已启动
   手机访问: https://resend-zone-cross.ngrok-free.dev/monitor

✅ Serenity 看板已启动
   手机访问: https://resend-zone-cross.ngrok-free.dev/monitor

✅ Serenity 看板已启动
   手机访问: https://resend-zone-cross.ngrok-free.dev/monitor

✅ Serenity 看板已启动
   手机访问: https://resend-zone-cross.ngrok-free.dev/monitor

✅ Serenity 看板已启动
   手机访问: https://resend-zone-cross.ngrok-free.dev/monitor

✅ Serenity 看板已启动
   手机访问: https://resend-zone-cross.ngrok-free.dev/monitor

✅ Serenity 看板已启动
   手机访问: https://resend-zone-cross.ngrok-free.dev/monitor

✅ Serenity 看板已启动
   手机访问: https://resend-zone-cross.ngrok-free.dev/monitor

✅ Serenity 看板已启动
   手机访问: https://resend-zone-cross.ngrok-free.dev/monitor

✅ Serenity 看板已启动
   手机访问: https://resend-zone-cross.ngrok-free.dev/monitor

✅ Serenity 看板已启动
   手机访问: https://resend-zone-cross.ngrok-free.dev/monitor

✅ Serenity 看板已启动
   手机访问: https://resend-zone-cross.ngrok-free.dev/monitor

✅ Serenity 看板已启动
   手机访问: https://resend-zone-cross.ngrok-free.dev/monitor

✅ Serenity 看板已启动
   手机访问: https://resend-zone-cross.ngrok-free.dev/monitor

✅ Serenity 看板已启动
   手机访问: https://resend-zone-cross.ngrok-free.dev/monitor

✅ Serenity 看板已启动
   手机访问: https://resend-zone-cross.ngrok-free.dev/monitor

✅ Serenity 看板已启动
   手机访问: https://resend-zone-cross.ngrok-free.dev/monitor

✅ Serenity 看板已启动
   手机访问: https://resend-zone-cross.ngrok-free.dev/monitor

✅ Serenity 看板已启动
   手机访问: https://resend-zone-cross.ngrok-free.dev/monitor

✅ Serenity 看板已启动
   手机访问: https://resend-zone-cross.ngrok-free.dev/monitor

✅ Serenity 看板已启动
   手机访问: https://resend-zone-cross.ngrok-free.dev/monitor

✅ Serenity 看板已启动
   手机访问: https://resend-zone-cross.ngrok-free.dev/monitor

✅ Serenity 看板已启动
   手机访问: https://resend-zone-cross.ngrok-free.dev/monitor

✅ Serenity 看板已启动
   手机访问: https://resend-zone-cross.ngrok-free.dev/monitor

✅ Serenity 看板已启动
   手机访问: https://resend-zone-cross.ngrok-free.dev/monitor

✅ Serenity 看板已启动
   手机访问: https://resend-zone-cross.ngrok-free.dev/monitor

✅ Serenity 看板已启动
   手机访问: https://resend-zone-cross.ngrok-free.dev/monitor

✅ Serenity 看板已启动
   手机访问: https://resend-zone-cross.ngrok-free.dev/monitor

✅ Serenity 看板已启动
   手机访问: https://resend-zone-cross.ngrok-free.dev/monitor

✅ Serenity 看板已启动
   手机访问: https://resend-zone-cross.ngrok-free.dev/monitor

✅ Serenity 看板已启动
   手机访问: https://resend-zone-cross.ngrok-free.dev/monitor

✅ Serenity 看板已启动
   手机访问: https://resend-zone-cross.ngrok-free.dev/monitor

✅ Serenity 看板已启动
   手机访问: https://resend-zone-cross.ngrok-free.dev/monitor

✅ Serenity 看板已启动
   手机访问: https://resend-zone-cross.ngrok-free.dev/monitor

✅ Serenity 看板已启动
   手机访问: https://resend-zone-cross.ngrok-free.dev/monitor

✅ Serenity 看板已启动
   手机访问: https://resend-zone-cross.ngrok-free.dev/monitor

✅ Serenity 看板已启动
   手机访问: https://resend-zone-cross.ngrok-free.dev/monitor

✅ Serenity 看板已启动
   手机访问: https://resend-zone-cross.ngrok-free.dev/monitor

✅ Serenity 看板已启动
   手机访问: https://resend-zone-cross.ngrok-free.dev/monitor

✅ Serenity 看板已启动
   手机访问: https://resend-zone-cross.ngrok-free.dev/monitor

✅ Serenity 看板已启动
   手机访问: https://resend-zone-cross.ngrok-free.dev/monitor

✅ Serenity 看板已启动
   手机访问: https://resend-zone-cross.ngrok-free.dev/monitor

✅ Serenity 看板已启动
   手机访问: https://resend-zone-cross.ngrok-free.dev/monitor

✅ Serenity 看板已启动
   手机访问: https://resend-zone-cross.ngrok-free.dev/monitor

✅ Serenity 看板已启动
   手机访问: https://resend-zone-cross.ngrok-free.dev/monitor

✅ Serenity 看板已启动
   手机访问: https://resend-zone-cross.ngrok-free.dev/monitor

✅ Serenity 看板已启动
   手机访问: https://resend-zone-cross.ngrok-free.dev/monitor

✅ Serenity 看板已启动
   手机访问: https://resend-zone-cross.ngrok-free.dev/monitor

✅ Serenity 看板已启动
   手机访问: https://resend-zone-cross.ngrok-free.dev/monitor

✅ Serenity 看板已启动
   手机访问: https://resend-zone-cross.ngrok-free.dev/monitor

✅ Serenity 看板已启动
   手机访问: https://resend-zone-cross.ngrok-free.dev/monitor

✅ Serenity 看板已启动
   手机访问: https://resend-zone-cross.ngrok-free.dev/monitor

✅ Serenity 看板已启动
   手机访问: https://resend-zone-cross.ngrok-free.dev/monitor

✅ Serenity 看板已启动
   手机访问: https://resend-zone-cross.ngrok-free.dev/monitor

✅ Serenity 看板已启动
   手机访问: https://resend-zone-cross.ngrok-free.dev/monitor

✅ Serenity 看板已启动
   手机访问: https://resend-zone-cross.ngrok-free.dev/monitor

✅ Serenity 看板已启动
   手机访问: https://resend-zone-cross.ngrok-free.dev/monitor

✅ Serenity 看板已启动
   手机访问: https://resend-zone-cross.ngrok-free.dev/monitor

✅ Serenity 看板已启动
   手机访问: https://resend-zone-cross.ngrok-free.dev/monitor

✅ Serenity 看板已启动
   手机访问: https://resend-zone-cross.ngrok-free.dev/monitor

✅ Serenity 看板已启动
   手机访问: https://resend-zone-cross.ngrok-free.dev/monitor

✅ Serenity 看板已启动
   手机访问: https://resend-zone-cross.ngrok-free.dev/monitor

✅ Serenity 看板已启动
   手机访问: https://resend-zone-cross.ngrok-free.dev/monitor

✅ Serenity 看板已启动
   手机访问: https://resend-zone-cross.ngrok-free.dev/monitor

✅ Serenity 看板已启动
   手机访问: https://resend-zone-cross.ngrok-free.dev/monitor

✅ Serenity 看板已启动
   手机访问: https://resend-zone-cross.ngrok-free.dev/monitor

✅ Serenity 看板已启动
   手机访问: https://resend-zone-cross.ngrok-free.dev/monitor

✅ Serenity 看板已启动
   手机访问: https://resend-zone-cross.ngrok-free.dev/monitor

✅ Serenity 看板已启动
   手机访问: https://resend-zone-cross.ngrok-free.dev/monitor

✅ Serenity 看板已启动
   手机访问: https://resend-zone-cross.ngrok-free.dev/monitor

✅ Serenity 看板已启动
   手机访问: https://resend-zone-cross.ngrok-free.dev/monitor

✅ Serenity 看板已启动
   手机访问: https://resend-zone-cross.ngrok-free.dev/monitor

✅ Serenity 看板已启动
   手机访问: https://resend-zone-cross.ngrok-free.dev/monitor

✅ Serenity 看板已启动
   手机访问: https://resend-zone-cross.ngrok-free.dev/monitor

✅ Serenity 看板已启动
   手机访问: https://resend-zone-cross.ngrok-free.dev/monitor

✅ Serenity 看板已启动
   手机访问: https://resend-zone-cross.ngrok-free.dev/monitor

✅ Serenity 看板已启动
   手机访问: https://resend-zone-cross.ngrok-free.dev/monitor

✅ Serenity 看板已启动
   手机访问: https://resend-zone-cross.ngrok-free.dev/monitor

✅ Serenity 看板已启动
   手机访问: https://resend-zone-cross.ngrok-free.dev/monitor

✅ Serenity 看板已启动
   手机访问: https://resend-zone-cross.ngrok-free.dev/monitor

✅ Serenity 看板已启动
   手机访问: https://resend-zone-cross.ngrok-free.dev/monitor

✅ Serenity 看板已启动
   手机访问: https://resend-zone-cross.ngrok-free.dev/monitor

✅ Serenity 看板已启动
   手机访问: https://resend-zone-cross.ngrok-free.dev/monitor

✅ Serenity 看板已启动
   手机访问: https://resend-zone-cross.ngrok-free.dev/monitor

✅ Serenity 看板已启动
   手机访问: https://resend-zone-cross.ngrok-free.dev/monitor

✅ Serenity 看板已启动
   手机访问: https://resend-zone-cross.ngrok-free.dev/monitor

✅ Serenity 看板已启动
   手机访问: https://resend-zone-cross.ngrok-free.dev/monitor

✅ Serenity 看板已启动
   手机访问: https://resend-zone-cross.ngrok-free.dev/monitor

✅ Serenity 看板已启动
   手机访问: https://resend-zone-cross.ngrok-free.dev/monitor

✅ Serenity 看板已启动
   手机访问: https://resend-zone-cross.ngrok-free.dev/monitor

✅ Serenity 看板已启动
   手机访问: https://resend-zone-cross.ngrok-free.dev/monitor

✅ Serenity 看板已启动
   手机访问: https://resend-zone-cross.ngrok-free.dev/monitor

✅ Serenity 看板已启动
   手机访问: https://resend-zone-cross.ngrok-free.dev/monitor

✅ Serenity 看板已启动
   手机访问: https://resend-zone-cross.ngrok-free.dev/monitor

✅ Serenity 看板已启动
   手机访问: https://resend-zone-cross.ngrok-free.dev/monitor

✅ Serenity 看板已启动
   手机访问: https://resend-zone-cross.ngrok-free.dev/monitor

✅ Serenity 看板已启动
   手机访问: https://resend-zone-cross.ngrok-free.dev/monitor

✅ Serenity 看板已启动
   手机访问: https://resend-zone-cross.ngrok-free.dev/monitor

✅ Serenity 看板已启动
   手机访问: https://resend-zone-cross.ngrok-free.dev/monitor

✅ Serenity 看板已启动
   手机访问: https://resend-zone-cross.ngrok-free.dev/monitor

✅ Serenity 看板已启动
   手机访问: https://resend-zone-cross.ngrok-free.dev/monitor

✅ Serenity 看板已启动
   手机访问: https://resend-zone-cross.ngrok-free.dev/monitor

✅ Serenity 看板已启动
   手机访问: https://resend-zone-cross.ngrok-free.dev/monitor

✅ Serenity 看板已启动
   手机访问: https://resend-zone-cross.ngrok-free.dev/monitor

✅ Serenity 看板已启动
   手机访问: https://resend-zone-cross.ngrok-free.dev/monitor

✅ Serenity 看板已启动
   手机访问: https://resend-zone-cross.ngrok-free.dev/monitor

✅ Serenity 看板已启动
   手机访问: https://resend-zone-cross.ngrok-free.dev/monitor

✅ Serenity 看板已启动
   手机访问: https://resend-zone-cross.ngrok-free.dev/monitor

✅ Serenity 看板已启动
   手机访问: https://resend-zone-cross.ngrok-free.dev/monitor

✅ Serenity 看板已启动
   手机访问: https://resend-zone-cross.ngrok-free.dev/monitor

✅ Serenity 看板已启动
   手机访问: https://resend-zone-cross.ngrok-free.dev/monitor

✅ Serenity 看板已启动
   手机访问: https://resend-zone-cross.ngrok-free.dev/monitor

✅ Serenity 看板已启动
   手机访问: https://resend-zone-cross.ngrok-free.dev/monitor

✅ Serenity 看板已启动
   手机访问: https://resend-zone-cross.ngrok-free.dev/monitor

✅ Serenity 看板已启动
   手机访问: https://resend-zone-cross.ngrok-free.dev/monitor

✅ Serenity 看板已启动
   手机访问: https://resend-zone-cross.ngrok-free.dev/monitor

✅ Serenity 看板已启动
   手机访问: https://resend-zone-cross.ngrok-free.dev/monitor

✅ Serenity 看板已启动
   手机访问: https://resend-zone-cross.ngrok-free.dev/monitor
[INFO   ] 市场状态: 震荡市 → [内核冻结] 忽略市场体制权重偏移，使用固定权重
[WARNING] ⚠️ 均值回归模式激活 — 负IC因子(动量/量能/技术面)将自动翻转

✅ Serenity 看板已启动
   手机访问: https://resend-zone-cross.ngrok-free.dev/monitor
[INFO   ] 🔧 [MR模式] 因子翻转激活: ['factor', 'moat', 'volume']
[INFO   ] 🔧 [MR模式] 因子翻转激活: ['factor', 'moat', 'volume']
[INFO   ] 🔧 [MR模式] 因子翻转激活: ['factor', 'moat', 'volume']
[INFO   ] 🔧 [MR模式] 因子翻转激活: ['factor', 'moat', 'volume']
[INFO   ] 🔧 [MR模式] 因子翻转激活: ['factor', 'moat', 'volume']
[INFO   ] 🔧 [MR模式] 因子翻转激活: ['factor', 'moat', 'volume']
[INFO   ] 🔧 [MR模式] 因子翻转激活: ['factor', 'moat', 'volume']
[INFO   ] 🔧 [MR模式] 因子翻转激活: ['factor', 'moat', 'volume']
[INFO   ] 🔧 [MR模式] 因子翻转激活: ['factor', 'moat', 'volume']
[INFO   ] 🔧 [MR模式] 因子翻转激活: ['factor', 'moat', 'volume']
[INFO   ] 🔧 [MR模式] 因子翻转激活: ['factor', 'moat', 'volume']
[INFO   ] 🔧 [MR模式] 因子翻转激活: ['factor', 'moat', 'volume']
[INFO   ] 🔧 [MR模式] 因子翻转激活: ['factor', 'moat', 'volume']
[INFO   ] 🔧 [MR模式] 因子翻转激活: ['factor', 'moat', 'volume']
[INFO   ] 🔧 [MR模式] 因子翻转激活: ['factor', 'moat', 'volume']
[INFO   ] 🔧 [MR模式] 因子翻转激活: ['factor', 'moat', 'volume']
[INFO   ] 🔧 [MR模式] 因子翻转激活: ['factor', 'moat', 'volume']
[INFO   ] 🔧 [MR模式] 因子翻转激活: ['factor', 'moat', 'volume']
[INFO   ] 🔧 [MR模式] 因子翻转激活: ['factor', 'moat', 'volume']
[INFO   ] 🔧 [MR模式] 因子翻转激活: ['factor', 'moat', 'volume']

✅ Serenity 看板已启动
   手机访问: https://resend-zone-cross.ngrok-free.dev/monitor
[INFO   ]   🟡 CAUTION_BUY 精筛拦截 亨通光电: 量能确认:缩量0.1x MA20; 动量底线[MR]:动量分75(15-65期望)
[INFO   ]   🛡️ 非持仓SELL降级 士兰微: SELL → WATCH (历史胜率仅20%)
[INFO   ]   🛡️ 非持仓SELL降级 兆易创新: SELL → WATCH (历史胜率仅20%)
[INFO   ]   🛡️ 非持仓SELL降级 中国巨石: SELL → WATCH (历史胜率仅20%)

✅ Serenity 看板已启动
   手机访问: https://resend-zone-cross.ngrok-free.dev/monitor
[INFO   ]   🟡 CAUTION_BUY 精筛拦截 大秦铁路: 量能确认:缩量0.0x MA20; 动量底线[MR]:动量分75(15-65期望)
[INFO   ]   🛡️ 非持仓SELL降级 紫光股份: SELL → WATCH (历史胜率仅20%)
[INFO   ]   🟡 CAUTION_BUY 精筛拦截 三花智控: 量能确认:缩量0.0x MA20
[INFO   ]   🛡️ 非持仓SELL降级 恒立液压: SELL → WATCH (历史胜率仅20%)
[INFO   ]   🛡️ 非持仓SELL降级 卧龙电驱: SELL → WATCH (历史胜率仅20%)
[INFO   ]   🛡️ 非持仓SELL降级 中大力德: SELL → WATCH (历史胜率仅20%)

✅ Serenity 看板已启动
   手机访问: https://resend-zone-cross.ngrok-free.dev/monitor
2026-07-10 14:00:38,230 [INFO] HTTP Request: GET http://qt.gtimg.cn/q=sz000988,sh600036 "HTTP/1.1 200 OK"
2026-07-10 14:00:38,275 [DEBUG] 审计记录写入: d4e8738647684242 002281 CAUTION_BUY score=63
2026-07-10 14:00:44,590 [INFO] HTTP Request: GET http://qt.gtimg.cn/q=sz000988,sh600036 "HTTP/1.1 200 OK"
2026-07-10 14:00:44,617 [DEBUG] 审计记录写入: a8b7db7bffec44ca 000988 CAUTION_BUY score=65

✅ Serenity 看板已启动
   手机访问: https://resend-zone-cross.ngrok-free.dev/monitor
2026-07-10 14:00:51,310 [INFO] HTTP Request: GET http://qt.gtimg.cn/q=sz000988,sh600036 "HTTP/1.1 200 OK"
2026-07-10 14:00:51,341 [DEBUG] 审计记录写入: f0312e9a9e254f39 600141 HOLD score=57

✅ Serenity 看板已启动
   手机访问: https://resend-zone-cross.ngrok-free.dev/monitor
2026-07-10 14:00:57,829 [INFO] HTTP Request: GET http://qt.gtimg.cn/q=sz000988,sh600036 "HTTP/1.1 200 OK"
2026-07-10 14:00:57,857 [DEBUG] 审计记录写入: 4747849cb52144ee 603083 HOLD score=58
2026-07-10 14:01:04,009 [INFO] HTTP Request: GET http://qt.gtimg.cn/q=sz000988,sh600036 "HTTP/1.1 200 OK"
2026-07-10 14:01:04,037 [DEBUG] 审计记录写入: a894cc6ff81d4f60 600487 CAUTION_BUY score=65

✅ Serenity 看板已启动
   手机访问: https://resend-zone-cross.ngrok-free.dev/monitor
2026-07-10 14:01:10,515 [INFO] HTTP Request: GET http://qt.gtimg.cn/q=sz000988,sh600036 "HTTP/1.1 200 OK"
2026-07-10 14:01:10,542 [DEBUG] 审计记录写入: 193cbcbcd995460c 002428 HOLD score=58
2026-07-10 14:01:17,502 [INFO] HTTP Request: GET http://qt.gtimg.cn/q=sz000988,sh600036 "HTTP/1.1 200 OK"
2026-07-10 14:01:17,524 [DEBUG] 审计记录写入: 545fb9e0eb2843af 600460 SELL score=40

✅ Serenity 看板已启动
   手机访问: https://resend-zone-cross.ngrok-free.dev/monitor
2026-07-10 14:01:23,597 [INFO] HTTP Request: GET http://qt.gtimg.cn/q=sz000988,sh600036 "HTTP/1.1 200 OK"
2026-07-10 14:01:23,620 [DEBUG] 审计记录写入: 0cde2acc5fb04dbd 603986 SELL score=42

✅ Serenity 看板已启动
   手机访问: https://resend-zone-cross.ngrok-free.dev/monitor
2026-07-10 14:01:29,557 [INFO] HTTP Request: GET http://qt.gtimg.cn/q=sz000988,sh600036 "HTTP/1.1 200 OK"
2026-07-10 14:01:29,584 [DEBUG] 审计记录写入: b6a5be53be7a4be0 600176 SELL score=39
2026-07-10 14:01:36,108 [INFO] HTTP Request: GET http://qt.gtimg.cn/q=sz000988,sh600036 "HTTP/1.1 200 OK"
2026-07-10 14:01:36,128 [DEBUG] 审计记录写入: 3893212496c94975 600036 BUY score=69

✅ Serenity 看板已启动
   手机访问: https://resend-zone-cross.ngrok-free.dev/monitor
2026-07-10 14:01:42,575 [INFO] HTTP Request: GET http://qt.gtimg.cn/q=sz000988,sh600036 "HTTP/1.1 200 OK"
2026-07-10 14:01:42,597 [DEBUG] 审计记录写入: 376fca1da7444b0b 600585 CAUTION_BUY score=63
2026-07-10 14:01:49,334 [INFO] HTTP Request: GET http://qt.gtimg.cn/q=sz000988,sh600036 "HTTP/1.1 200 OK"
2026-07-10 14:01:49,362 [DEBUG] 审计记录写入: 7e6283a9209c4f0f 600900 CAUTION_BUY score=63

✅ Serenity 看板已启动
   手机访问: https://resend-zone-cross.ngrok-free.dev/monitor
2026-07-10 14:01:55,495 [INFO] HTTP Request: GET http://qt.gtimg.cn/q=sz000988,sh600036 "HTTP/1.1 200 OK"
2026-07-10 14:01:55,519 [DEBUG] 审计记录写入: cf835e2687cc414a 601398 CAUTION_BUY score=70

✅ Serenity 看板已启动
   手机访问: https://resend-zone-cross.ngrok-free.dev/monitor
2026-07-10 14:02:01,706 [INFO] HTTP Request: GET http://qt.gtimg.cn/q=sz000988,sh600036 "HTTP/1.1 200 OK"
2026-07-10 14:02:01,727 [DEBUG] 审计记录写入: 5d7108fe3e23448f 601006 BUY score=68
2026-07-10 14:02:08,129 [INFO] HTTP Request: GET http://qt.gtimg.cn/q=sz000988,sh600036 "HTTP/1.1 200 OK"
2026-07-10 14:02:08,155 [DEBUG] 审计记录写入: c1b65e1184134902 000938 SELL score=44

✅ Serenity 看板已启动
   手机访问: https://resend-zone-cross.ngrok-free.dev/monitor
2026-07-10 14:02:14,348 [INFO] HTTP Request: GET http://qt.gtimg.cn/q=sz000988,sh600036 "HTTP/1.1 200 OK"
2026-07-10 14:02:14,375 [DEBUG] 审计记录写入: 4774644b1eb64b4e 601689 HOLD score=59
2026-07-10 14:02:20,629 [INFO] HTTP Request: GET http://qt.gtimg.cn/q=sz000988,sh600036 "HTTP/1.1 200 OK"
2026-07-10 14:02:20,652 [DEBUG] 审计记录写入: 040aad9e4ca44420 002050 CAUTION_BUY score=61

✅ Serenity 看板已启动
   手机访问: https://resend-zone-cross.ngrok-free.dev/monitor
2026-07-10 14:02:26,777 [INFO] HTTP Request: GET http://qt.gtimg.cn/q=sz000988,sh600036 "HTTP/1.1 200 OK"
2026-07-10 14:02:26,799 [DEBUG] 审计记录写入: 4ba89d6242964280 601100 SELL score=43

✅ Serenity 看板已启动
   手机访问: https://resend-zone-cross.ngrok-free.dev/monitor
2026-07-10 14:02:33,201 [INFO] HTTP Request: GET http://qt.gtimg.cn/q=sz000988,sh600036 "HTTP/1.1 200 OK"
2026-07-10 14:02:33,230 [DEBUG] 审计记录写入: 9c5ea5e365374bdd 600580 SELL score=44
2026-07-10 14:02:39,785 [INFO] HTTP Request: GET http://qt.gtimg.cn/q=sz000988,sh600036 "HTTP/1.1 200 OK"
2026-07-10 14:02:39,812 [DEBUG] 审计记录写入: c19aefab928e4a64 002896 SELL score=41

✅ Serenity 看板已启动
   手机访问: https://resend-zone-cross.ngrok-free.dev/monitor
2026-07-10 14:02:43,127 [INFO] HTTP Request: GET http://qt.gtimg.cn/q=sz002281,sz000988,sh600141,sh603083,sh600487,sz002428,sh600460,sh603986,sh600176,sh600036,sh600585,sh600900,sh601398,sh601006,sz000938,sh601689,sz002050,sh601100,sh600580,sz002896 "HTTP/1.1 200 OK"
2026-07-10 14:02:44,071 [INFO] HTTP Request: GET http://qt.gtimg.cn/q=sz000988,sh600036 "HTTP/1.1 200 OK"
[INFO   ]   🟡 CAUTION_BUY 精筛拦截 光迅科技: 量能确认:缩量0.0x MA20; 动量底线[MR]:动量分75(15-65期望)
2026-07-10 14:02:44,090 [INFO]   🟡 CAUTION_BUY 精筛拦截 光迅科技: 量能确认:缩量0.0x MA20; 动量底线[MR]:动量分75(15-65期望)
2026-07-10 14:02:45,069 [INFO] HTTP Request: GET http://qt.gtimg.cn/q=sz000988,sh600036 "HTTP/1.1 200 OK"
2026-07-10 14:02:46,062 [INFO] HTTP Request: GET http://qt.gtimg.cn/q=sz000988,sh600036 "HTTP/1.1 200 OK"
2026-07-10 14:02:47,103 [INFO] HTTP Request: GET http://qt.gtimg.cn/q=sz000988,sh600036 "HTTP/1.1 200 OK"
2026-07-10 14:02:48,133 [INFO] HTTP Request: GET http://qt.gtimg.cn/q=sz000988,sh600036 "HTTP/1.1 200 OK"
[INFO   ]   🟡 CAUTION_BUY 精筛拦截 亨通光电: 量能确认:缩量0.1x MA20; 动量底线[MR]:动量分85(15-65期望)
2026-07-10 14:02:48,158 [INFO]   🟡 CAUTION_BUY 精筛拦截 亨通光电: 量能确认:缩量0.1x MA20; 动量底线[MR]:动量分85(15-65期望)
2026-07-10 14:02:49,109 [INFO] HTTP Request: GET http://qt.gtimg.cn/q=sz000988,sh600036 "HTTP/1.1 200 OK"
2026-07-10 14:02:50,086 [INFO] HTTP Request: GET http://qt.gtimg.cn/q=sz000988,sh600036 "HTTP/1.1 200 OK"
[INFO   ]   🛡️ 非持仓SELL降级 士兰微: SELL → WATCH (历史胜率仅20%)
2026-07-10 14:02:50,111 [INFO]   🛡️ 非持仓SELL降级 士兰微: SELL → WATCH (历史胜率仅20%)
2026-07-10 14:02:51,127 [INFO] HTTP Request: GET http://qt.gtimg.cn/q=sz000988,sh600036 "HTTP/1.1 200 OK"
[INFO   ]   🛡️ 非持仓SELL降级 兆易创新: SELL → WATCH (历史胜率仅20%)
2026-07-10 14:02:51,146 [INFO]   🛡️ 非持仓SELL降级 兆易创新: SELL → WATCH (历史胜率仅20%)
2026-07-10 14:02:52,093 [INFO] HTTP Request: GET http://qt.gtimg.cn/q=sz000988,sh600036 "HTTP/1.1 200 OK"
[INFO   ]   🛡️ 非持仓SELL降级 中国巨石: SELL → WATCH (历史胜率仅20%)
2026-07-10 14:02:52,115 [INFO]   🛡️ 非持仓SELL降级 中国巨石: SELL → WATCH (历史胜率仅20%)

✅ Serenity 看板已启动
   手机访问: https://resend-zone-cross.ngrok-free.dev/monitor
2026-07-10 14:02:53,189 [INFO] HTTP Request: GET http://qt.gtimg.cn/q=sz000988,sh600036 "HTTP/1.1 200 OK"
2026-07-10 14:02:54,188 [INFO] HTTP Request: GET http://qt.gtimg.cn/q=sz000988,sh600036 "HTTP/1.1 200 OK"
[INFO   ]   🟡 CAUTION_BUY 精筛拦截 海螺水泥: 量能确认:缩量0.0x MA20
2026-07-10 14:02:54,215 [INFO]   🟡 CAUTION_BUY 精筛拦截 海螺水泥: 量能确认:缩量0.0x MA20
2026-07-10 14:02:57,129 [INFO] HTTP Request: GET http://qt.gtimg.cn/q=sz000988,sh600036 "HTTP/1.1 200 OK"
2026-07-10 14:02:58,061 [INFO] HTTP Request: GET http://qt.gtimg.cn/q=sz000988,sh600036 "HTTP/1.1 200 OK"
2026-07-10 14:02:59,028 [INFO] HTTP Request: GET http://qt.gtimg.cn/q=sz000988,sh600036 "HTTP/1.1 200 OK"
2026-07-10 14:02:59,929 [INFO] HTTP Request: GET http://qt.gtimg.cn/q=sz000988,sh600036 "HTTP/1.1 200 OK"
2026-07-10 14:03:00,803 [INFO] HTTP Request: GET http://qt.gtimg.cn/q=sh601006 "HTTP/1.1 200 OK"
2026-07-10 14:03:01,775 [INFO] HTTP Request: GET http://qt.gtimg.cn/q=sz000988,sh600036 "HTTP/1.1 200 OK"
[INFO   ]   🛡️ 非持仓SELL降级 紫光股份: SELL → WATCH (历史胜率仅20%)
2026-07-10 14:03:01,798 [INFO]   🛡️ 非持仓SELL降级 紫光股份: SELL → WATCH (历史胜率仅20%)
2026-07-10 14:03:02,767 [INFO] HTTP Request: GET http://qt.gtimg.cn/q=sz000988,sh600036 "HTTP/1.1 200 OK"

✅ Serenity 看板已启动
   手机访问: https://resend-zone-cross.ngrok-free.dev/monitor
2026-07-10 14:03:04,027 [INFO] HTTP Request: GET http://qt.gtimg.cn/q=sz000988,sh600036 "HTTP/1.1 200 OK"
[INFO   ]   🟡 CAUTION_BUY 精筛拦截 三花智控: 量能确认:缩量0.0x MA20; 动量底线[MR]:动量分75(15-65期望)
2026-07-10 14:03:04,057 [INFO]   🟡 CAUTION_BUY 精筛拦截 三花智控: 量能确认:缩量0.0x MA20; 动量底线[MR]:动量分75(15-65期望)
2026-07-10 14:03:05,001 [INFO] HTTP Request: GET http://qt.gtimg.cn/q=sz000988,sh600036 "HTTP/1.1 200 OK"
[INFO   ]   🛡️ 非持仓SELL降级 恒立液压: SELL → WATCH (历史胜率仅20%)
2026-07-10 14:03:05,024 [INFO]   🛡️ 非持仓SELL降级 恒立液压: SELL → WATCH (历史胜率仅20%)
2026-07-10 14:03:06,069 [INFO] HTTP Request: GET http://qt.gtimg.cn/q=sz000988,sh600036 "HTTP/1.1 200 OK"
[INFO   ]   🛡️ 非持仓SELL降级 卧龙电驱: SELL → WATCH (历史胜率仅20%)
2026-07-10 14:03:06,094 [INFO]   🛡️ 非持仓SELL降级 卧龙电驱: SELL → WATCH (历史胜率仅20%)
2026-07-10 14:03:07,064 [INFO] HTTP Request: GET http://qt.gtimg.cn/q=sz000988,sh600036 "HTTP/1.1 200 OK"
[INFO   ]   🛡️ 非持仓SELL降级 中大力德: SELL → WATCH (历史胜率仅20%)
2026-07-10 14:03:07,087 [INFO]   🛡️ 非持仓SELL降级 中大力德: SELL → WATCH (历史胜率仅20%)
=======================================================
  📡 Serenity 交易信号 | 2026-07-10
=======================================================

  🟢 #1 工商银行 (601398) — CAUTION_BUY
     综合评分: 73.0
     现价: 7.28 | 买入区: 7-8 | 目标: 10
     建议仓位: 0元 (0股 @ ~7.28)
     全球最大银行，股息率5%+ — 国家队护盘标的，系统性重要 | 多周期共振[5d+20d↑] | 多周期共振[5d+20d↑]

  ⚪ #2 招商银行 (600036) — STRONG_HOLD
     综合评分: 68.8
     现价: 36.73 | 买入区: 34-42 | 目标: 52
     零售银行龙头，高股息防御 — 震荡市资金避风港，ROE行业领先

  🟢🟢 #3 大秦铁路 (601006) — BUY
     综合评分: 67.9
     现价: 4.66 | 买入区: 4-5 | 目标: 7
     建议仓位: 4194元 (900股 @ ~4.66)
     煤炭运输专线，稳定现金流 — 高股息+低波动，红利策略核心

  ⚪ #4 长江电力 (600900) — HOLD
     综合评分: 66.1
     现价: 27.94 | 买入区: 24-30 | 目标: 36
     建议仓位: 0元 (0股 @ ~27.94)
     水电绝对龙头，现金流稳定 — 类债券属性，极端行情避险首选 | 多周期共振[5d+20d↑]

  ⚪ #5 华工科技 (000988) — TAKE_PROFIT
     综合评分: 64.7
     现价: 160.45 | 买入区: 130-165 | 目标: 220
     光模块+激光双主线，AI算力配套 — 激光器+光引擎赛道与SIVE逻辑高度重合

  ⚪ #6 亨通光电 (600487) — HOLD
     综合评分: 64.6
     现价: 79.93 | 买入区: 82-115 | 目标: 145
     建议仓位: 0元 (0股 @ ~79.93)
     光纤光缆龙头，CPO光纤阵列(FAU)受益 — 防守型+补涨逻辑

  ⚪ #7 海螺水泥 (600585) — HOLD
     综合评分: 63.1
     现价: 17.1 | 买入区: 16-20 | 目标: 24
     建议仓位: 0元 (0股 @ ~17.10)
     水泥龙头+高分红 — 基建稳增长受益，低估值防御属性强

  ⚪ #8 光迅科技 (002281) — HOLD
     综合评分: 62.6
     现价: 240.0 | 买入区: 175-220 | 目标: 300
     建议仓位: 0元 (0股 @ ~240.00)
     光器件全产业链龙头，AI光互联核心受益 — CPO检测/FAU直接映射Serenity的SIVE瓶颈逻辑

  ⚪ #9 三花智控 (002050) — HOLD
     综合评分: 60.6
     现价: 43.57 | 买入区: 28-38 | 目标: 48
     建议仓位: 0元 (0股 @ ~43.57)
     热管理/执行器龙头 — 特斯拉供应链核心，公募持仓60亿+，机器人+汽零双驱动

  ⚪ #10 拓普集团 (601689) — HOLD
     综合评分: 59.0
     现价: 57.38 | 买入区: 80-105 | 目标: 135
     特斯拉Optimus执行器模组核心供应商 — 机器人+汽车双主线，公募持仓40亿+

  ⚪ #11 剑桥科技 (603083) — HOLD
     综合评分: 58.3
     现价: 203.99 | 买入区: 155-190 | 目标: 270
     高速光模块弹性标的，800G/1.6T放量 — 受益于CPO光学引擎需求爆发

  ⚪ #12 云南锗业 (002428) — HOLD
     综合评分: 58.1
     现价: 101.33 | 买入区: 78-96 | 目标: 120
     锗衬底材料，CPO用InP衬底的替代表达 — Serenity持有AXTI的映射逻辑

  ⚪ #13 兴发集团 (600141) — HOLD
     综合评分: 57.2
     现价: 34.63 | 买入区: 30-36 | 目标: 44
     磷化工龙头，红磷/磷化学品用于CPO光对准和Rubin半导体热管理 — Serenity红磷主题映射

  ⚪ #14 卧龙电驱 (600580) — WATCH
     综合评分: 44.4
     现价: 33.83 | 买入区: 18-25 | 目标: 32
     伺服电机龙头 — 机器人动力系统核心供应商，国产伺服替代受益

  ⚪ #15 紫光股份 (000938) — WATCH
     综合评分: 43.5
     现价: 39.23 | 买入区: 22-30 | 目标: 38
     AI算力交换机龙头，新华三核心资产 — 数据中心交换机+服务器双主线，AI基建核心受益

  ⚪ #16 恒立液压 (601100) — WATCH
     综合评分: 42.6
     现价: 112.01 | 买入区: 55-72 | 目标: 92
     液压件龙头→人形机器人丝杠 — 技术壁垒高，国产替代+机器人新增量逻辑

  ⚪ #17 兆易创新 (603986) — WATCH
     综合评分: 41.6
     现价: 640.1 | 买入区: 410-505 | 目标: 625
     NOR Flash/DRAM，AI数据中心存储需求外溢 — Serenity重仓SNDK的映射逻辑

  ⚪ #18 中大力德 (002896) — WATCH
     综合评分: 41.4
     现价: 76.1 | 买入区: 35-48 | 目标: 62
     RV减速器+电机一体化 — 国产减速器替代，机器人关节核心部件

  ⚪ #19 士兰微 (600460) — WATCH
     综合评分: 40.2
     现价: 46.0 | 买入区: 28-34 | 目标: 42
     功率半导体IDM龙头，800VDC数据中心供电架构受益 — 映射Serenity NVTS/POWI功率半主题

  ⚪ #20 中国巨石 (600176) — WATCH
     综合评分: 38.9
     现价: 56.82 | 买入区: 36-44 | 目标: 54
     玻纤/电子布全球龙头，AI服务器PCB基材需求爆发 — 6月金股(7家券商推荐)，同赛道宏和科技已20倍

=======================================================
  共 20 个信号 | 可用资金: 4949 元
=======================================================
[INFO   ] 市场状态: 震荡市 → [内核冻结] 忽略市场体制权重偏移，使用固定权重
[WARNING] ⚠️ 均值回归模式激活 — 负IC因子(动量/量能/技术面)将自动翻转
⏱️ 盘中监控 [14:03] — 检测 3 只持仓
触发 1 条预警

⚠️ [B] 华工科技: 止盈 T5: 7.3% ≥ 5%, 建议出 50%


✅ Serenity 看板已启动
   手机访问: https://resend-zone-cross.ngrok-free.dev/monitor

✅ Serenity 看板已启动
   手机访问: https://resend-zone-cross.ngrok-free.dev/monitor

✅ Serenity 看板已启动
   手机访问: https://resend-zone-cross.ngrok-free.dev/monitor

✅ Serenity 看板已启动
   手机访问: https://resend-zone-cross.ngrok-free.dev/monitor

✅ Serenity 看板已启动
   手机访问: https://resend-zone-cross.ngrok-free.dev/monitor

✅ Serenity 看板已启动
   手机访问: https://resend-zone-cross.ngrok-free.dev/monitor

✅ Serenity 看板已启动
   手机访问: https://resend-zone-cross.ngrok-free.dev/monitor

✅ Serenity 看板已启动
   手机访问: https://resend-zone-cross.ngrok-free.dev/monitor

✅ Serenity 看板已启动
   手机访问: https://resend-zone-cross.ngrok-free.dev/monitor

✅ Serenity 看板已启动
   手机访问: https://resend-zone-cross.ngrok-free.dev/monitor

✅ Serenity 看板已启动
   手机访问: https://resend-zone-cross.ngrok-free.dev/monitor

✅ Serenity 看板已启动
   手机访问: https://resend-zone-cross.ngrok-free.dev/monitor

✅ Serenity 看板已启动
   手机访问: https://resend-zone-cross.ngrok-free.dev/monitor

✅ Serenity 看板已启动
   手机访问: https://resend-zone-cross.ngrok-free.dev/monitor

✅ Serenity 看板已启动
   手机访问: https://resend-zone-cross.ngrok-free.dev/monitor

✅ Serenity 看板已启动
   手机访问: https://resend-zone-cross.ngrok-free.dev/monitor

✅ Serenity 看板已启动
   手机访问: https://resend-zone-cross.ngrok-free.dev/monitor

✅ Serenity 看板已启动
   手机访问: https://resend-zone-cross.ngrok-free.dev/monitor

✅ Serenity 看板已启动
   手机访问: https://resend-zone-cross.ngrok-free.dev/monitor

✅ Serenity 看板已启动
   手机访问: https://resend-zone-cross.ngrok-free.dev/monitor

✅ Serenity 看板已启动
   手机访问: https://resend-zone-cross.ngrok-free.dev/monitor

✅ Serenity 看板已启动
   手机访问: https://resend-zone-cross.ngrok-free.dev/monitor

✅ Serenity 看板已启动
   手机访问: https://resend-zone-cross.ngrok-free.dev/monitor

✅ Serenity 看板已启动
   手机访问: https://resend-zone-cross.ngrok-free.dev/monitor

✅ Serenity 看板已启动
   手机访问: https://resend-zone-cross.ngrok-free.dev/monitor

✅ Serenity 看板已启动
   手机访问: https://resend-zone-cross.ngrok-free.dev/monitor

✅ Serenity 看板已启动
   手机访问: https://resend-zone-cross.ngrok-free.dev/monitor

✅ Serenity 看板已启动
   手机访问: https://resend-zone-cross.ngrok-free.dev/monitor

✅ Serenity 看板已启动
   手机访问: https://resend-zone-cross.ngrok-free.dev/monitor

✅ Serenity 看板已启动
   手机访问: https://resend-zone-cross.ngrok-free.dev/monitor

✅ Serenity 看板已启动
   手机访问: https://resend-zone-cross.ngrok-free.dev/monitor

✅ Serenity 看板已启动
   手机访问: https://resend-zone-cross.ngrok-free.dev/monitor

✅ Serenity 看板已启动
   手机访问: https://resend-zone-cross.ngrok-free.dev/monitor

✅ Serenity 看板已启动
   手机访问: https://resend-zone-cross.ngrok-free.dev/monitor

✅ Serenity 看板已启动
   手机访问: https://resend-zone-cross.ngrok-free.dev/monitor

✅ Serenity 看板已启动
   手机访问: https://resend-zone-cross.ngrok-free.dev/monitor

✅ Serenity 看板已启动
   手机访问: https://resend-zone-cross.ngrok-free.dev/monitor

✅ Serenity 看板已启动
   手机访问: https://resend-zone-cross.ngrok-free.dev/monitor

✅ Serenity 看板已启动
   手机访问: https://resend-zone-cross.ngrok-free.dev/monitor

✅ Serenity 看板已启动
   手机访问: https://resend-zone-cross.ngrok-free.dev/monitor

✅ Serenity 看板已启动
   手机访问: https://resend-zone-cross.ngrok-free.dev/monitor

✅ Serenity 看板已启动
   手机访问: https://resend-zone-cross.ngrok-free.dev/monitor

✅ Serenity 看板已启动
   手机访问: https://resend-zone-cross.ngrok-free.dev/monitor

✅ Serenity 看板已启动
   手机访问: https://resend-zone-cross.ngrok-free.dev/monitor

✅ Serenity 看板已启动
   手机访问: https://resend-zone-cross.ngrok-free.dev/monitor

✅ Serenity 看板已启动
   手机访问: https://resend-zone-cross.ngrok-free.dev/monitor

✅ Serenity 看板已启动
   手机访问: https://resend-zone-cross.ngrok-free.dev/monitor

✅ Serenity 看板已启动
   手机访问: https://resend-zone-cross.ngrok-free.dev/monitor

✅ Serenity 看板已启动
   手机访问: https://resend-zone-cross.ngrok-free.dev/monitor

✅ Serenity 看板已启动
   手机访问: https://resend-zone-cross.ngrok-free.dev/monitor

✅ Serenity 看板已启动
   手机访问: https://resend-zone-cross.ngrok-free.dev/monitor

✅ Serenity 看板已启动
   手机访问: https://resend-zone-cross.ngrok-free.dev/monitor

✅ Serenity 看板已启动
   手机访问: https://resend-zone-cross.ngrok-free.dev/monitor

✅ Serenity 看板已启动
   手机访问: https://resend-zone-cross.ngrok-free.dev/monitor

✅ Serenity 看板已启动
   手机访问: https://resend-zone-cross.ngrok-free.dev/monitor

✅ Serenity 看板已启动
   手机访问: https://resend-zone-cross.ngrok-free.dev/monitor

✅ Serenity 看板已启动
   手机访问: https://resend-zone-cross.ngrok-free.dev/monitor

✅ Serenity 看板已启动
   手机访问: https://resend-zone-cross.ngrok-free.dev/monitor

✅ Serenity 看板已启动
   手机访问: https://resend-zone-cross.ngrok-free.dev/monitor

✅ Serenity 看板已启动
   手机访问: https://resend-zone-cross.ngrok-free.dev/monitor

✅ Serenity 看板已启动
   手机访问: https://resend-zone-cross.ngrok-free.dev/monitor

✅ Serenity 看板已启动
   手机访问: https://resend-zone-cross.ngrok-free.dev/monitor

✅ Serenity 看板已启动
   手机访问: https://resend-zone-cross.ngrok-free.dev/monitor

✅ Serenity 看板已启动
   手机访问: https://resend-zone-cross.ngrok-free.dev/monitor

✅ Serenity 看板已启动
   手机访问: https://resend-zone-cross.ngrok-free.dev/monitor

✅ Serenity 看板已启动
   手机访问: https://resend-zone-cross.ngrok-free.dev/monitor

✅ Serenity 看板已启动
   手机访问: https://resend-zone-cross.ngrok-free.dev/monitor

✅ Serenity 看板已启动
   手机访问: https://resend-zone-cross.ngrok-free.dev/monitor

✅ Serenity 看板已启动
   手机访问: https://resend-zone-cross.ngrok-free.dev/monitor

✅ Serenity 看板已启动
   手机访问: https://resend-zone-cross.ngrok-free.dev/monitor

✅ Serenity 看板已启动
   手机访问: https://resend-zone-cross.ngrok-free.dev/monitor

✅ Serenity 看板已启动
   手机访问: https://resend-zone-cross.ngrok-free.dev/monitor

✅ Serenity 看板已启动
   手机访问: https://resend-zone-cross.ngrok-free.dev/monitor

✅ Serenity 看板已启动
   手机访问: https://resend-zone-cross.ngrok-free.dev/monitor

✅ Serenity 看板已启动
   手机访问: https://resend-zone-cross.ngrok-free.dev/monitor

✅ Serenity 看板已启动
   手机访问: https://resend-zone-cross.ngrok-free.dev/monitor

✅ Serenity 看板已启动
   手机访问: https://resend-zone-cross.ngrok-free.dev/monitor

✅ Serenity 看板已启动
   手机访问: https://resend-zone-cross.ngrok-free.dev/monitor

✅ Serenity 看板已启动
   手机访问: https://resend-zone-cross.ngrok-free.dev/monitor

✅ Serenity 看板已启动
   手机访问: https://resend-zone-cross.ngrok-free.dev/monitor

✅ Serenity 看板已启动
   手机访问: https://resend-zone-cross.ngrok-free.dev/monitor

✅ Serenity 看板已启动
   手机访问: https://resend-zone-cross.ngrok-free.dev/monitor

✅ Serenity 看板已启动
   手机访问: https://resend-zone-cross.ngrok-free.dev/monitor

✅ Serenity 看板已启动
   手机访问: https://resend-zone-cross.ngrok-free.dev/monitor

✅ Serenity 看板已启动
   手机访问: https://resend-zone-cross.ngrok-free.dev/monitor

✅ Serenity 看板已启动
   手机访问: https://resend-zone-cross.ngrok-free.dev/monitor

✅ Serenity 看板已启动
   手机访问: https://resend-zone-cross.ngrok-free.dev/monitor

✅ Serenity 看板已启动
   手机访问: https://resend-zone-cross.ngrok-free.dev/monitor

✅ Serenity 看板已启动
   手机访问: https://resend-zone-cross.ngrok-free.dev/monitor

✅ Serenity 看板已启动
   手机访问: https://resend-zone-cross.ngrok-free.dev/monitor

✅ Serenity 看板已启动
   手机访问: https://resend-zone-cross.ngrok-free.dev/monitor

✅ Serenity 看板已启动
   手机访问: https://resend-zone-cross.ngrok-free.dev/monitor

✅ Serenity 看板已启动
   手机访问: https://resend-zone-cross.ngrok-free.dev/monitor

✅ Serenity 看板已启动
   手机访问: https://resend-zone-cross.ngrok-free.dev/monitor

✅ Serenity 看板已启动
   手机访问: https://resend-zone-cross.ngrok-free.dev/monitor

✅ Serenity 看板已启动
   手机访问: https://resend-zone-cross.ngrok-free.dev/monitor

✅ Serenity 看板已启动
   手机访问: https://resend-zone-cross.ngrok-free.dev/monitor

✅ Serenity 看板已启动
   手机访问: https://resend-zone-cross.ngrok-free.dev/monitor

✅ Serenity 看板已启动
   手机访问: https://resend-zone-cross.ngrok-free.dev/monitor

✅ Serenity 看板已启动
   手机访问: https://resend-zone-cross.ngrok-free.dev/monitor

✅ Serenity 看板已启动
   手机访问: https://resend-zone-cross.ngrok-free.dev/monitor

✅ Serenity 看板已启动
   手机访问: https://resend-zone-cross.ngrok-free.dev/monitor

✅ Serenity 看板已启动
   手机访问: https://resend-zone-cross.ngrok-free.dev/monitor

✅ Serenity 看板已启动
   手机访问: https://resend-zone-cross.ngrok-free.dev/monitor

✅ Serenity 看板已启动
   手机访问: https://resend-zone-cross.ngrok-free.dev/monitor

✅ Serenity 看板已启动
   手机访问: https://resend-zone-cross.ngrok-free.dev/monitor

✅ Serenity 看板已启动
   手机访问: https://resend-zone-cross.ngrok-free.dev/monitor

✅ Serenity 看板已启动
   手机访问: https://resend-zone-cross.ngrok-free.dev/monitor

✅ Serenity 看板已启动
   手机访问: https://resend-zone-cross.ngrok-free.dev/monitor

✅ Serenity 看板已启动
   手机访问: https://resend-zone-cross.ngrok-free.dev/monitor

✅ Serenity 看板已启动
   手机访问: https://resend-zone-cross.ngrok-free.dev/monitor

✅ Serenity 看板已启动
   手机访问: https://resend-zone-cross.ngrok-free.dev/monitor

✅ Serenity 看板已启动
   手机访问: https://resend-zone-cross.ngrok-free.dev/monitor

✅ Serenity 看板已启动
   手机访问: https://resend-zone-cross.ngrok-free.dev/monitor

✅ Serenity 看板已启动
   手机访问: https://resend-zone-cross.ngrok-free.dev/monitor

✅ Serenity 看板已启动
   手机访问: https://resend-zone-cross.ngrok-free.dev/monitor

✅ Serenity 看板已启动
   手机访问: https://resend-zone-cross.ngrok-free.dev/monitor

✅ Serenity 看板已启动
   手机访问: https://resend-zone-cross.ngrok-free.dev/monitor

✅ Serenity 看板已启动
   手机访问: https://resend-zone-cross.ngrok-free.dev/monitor

✅ Serenity 看板已启动
   手机访问: https://resend-zone-cross.ngrok-free.dev/monitor

✅ Serenity 看板已启动
   手机访问: https://resend-zone-cross.ngrok-free.dev/monitor

✅ Serenity 看板已启动
   手机访问: https://resend-zone-cross.ngrok-free.dev/monitor

✅ Serenity 看板已启动
   手机访问: https://resend-zone-cross.ngrok-free.dev/monitor

✅ Serenity 看板已启动
   手机访问: https://resend-zone-cross.ngrok-free.dev/monitor

✅ Serenity 看板已启动
   手机访问: https://resend-zone-cross.ngrok-free.dev/monitor

✅ Serenity 看板已启动
   手机访问: https://resend-zone-cross.ngrok-free.dev/monitor

✅ Serenity 看板已启动
   手机访问: https://resend-zone-cross.ngrok-free.dev/monitor

✅ Serenity 看板已启动
   手机访问: https://resend-zone-cross.ngrok-free.dev/monitor

✅ Serenity 看板已启动
   手机访问: https://resend-zone-cross.ngrok-free.dev/monitor

✅ Serenity 看板已启动
   手机访问: https://resend-zone-cross.ngrok-free.dev/monitor

✅ Serenity 看板已启动
   手机访问: https://resend-zone-cross.ngrok-free.dev/monitor

✅ Serenity 看板已启动
   手机访问: https://resend-zone-cross.ngrok-free.dev/monitor

✅ Serenity 看板已启动
   手机访问: https://resend-zone-cross.ngrok-free.dev/monitor

✅ Serenity 看板已启动
   手机访问: https://resend-zone-cross.ngrok-free.dev/monitor

✅ Serenity 看板已启动
   手机访问: https://resend-zone-cross.ngrok-free.dev/monitor

✅ Serenity 看板已启动
   手机访问: https://resend-zone-cross.ngrok-free.dev/monitor

✅ Serenity 看板已启动
   手机访问: https://resend-zone-cross.ngrok-free.dev/monitor

✅ Serenity 看板已启动
   手机访问: https://resend-zone-cross.ngrok-free.dev/monitor

✅ Serenity 看板已启动
   手机访问: https://resend-zone-cross.ngrok-free.dev/monitor

✅ Serenity 看板已启动
   手机访问: https://resend-zone-cross.ngrok-free.dev/monitor

✅ Serenity 看板已启动
   手机访问: https://resend-zone-cross.ngrok-free.dev/monitor

✅ Serenity 看板已启动
   手机访问: https://resend-zone-cross.ngrok-free.dev/monitor

✅ Serenity 看板已启动
   手机访问: https://resend-zone-cross.ngrok-free.dev/monitor

✅ Serenity 看板已启动
   手机访问: https://resend-zone-cross.ngrok-free.dev/monitor

✅ Serenity 看板已启动
   手机访问: https://resend-zone-cross.ngrok-free.dev/monitor

✅ Serenity 看板已启动
   手机访问: https://resend-zone-cross.ngrok-free.dev/monitor

✅ Serenity 看板已启动
   手机访问: https://resend-zone-cross.ngrok-free.dev/monitor

✅ Serenity 看板已启动
   手机访问: https://resend-zone-cross.ngrok-free.dev/monitor

✅ Serenity 看板已启动
   手机访问: https://resend-zone-cross.ngrok-free.dev/monitor

✅ Serenity 看板已启动
   手机访问: https://resend-zone-cross.ngrok-free.dev/monitor

✅ Serenity 看板已启动
   手机访问: https://resend-zone-cross.ngrok-free.dev/monitor

✅ Serenity 看板已启动
   手机访问: https://resend-zone-cross.ngrok-free.dev/monitor

✅ Serenity 看板已启动
   手机访问: https://resend-zone-cross.ngrok-free.dev/monitor

✅ Serenity 看板已启动
   手机访问: https://resend-zone-cross.ngrok-free.dev/monitor
[INFO   ] 市场状态: 震荡市 → [内核冻结] 忽略市场体制权重偏移，使用固定权重
[WARNING] ⚠️ 均值回归模式激活 — 负IC因子(动量/量能/技术面)将自动翻转

✅ Serenity 看板已启动
   手机访问: https://resend-zone-cross.ngrok-free.dev/monitor
[INFO   ] 🔧 [MR模式] 因子翻转激活: ['factor', 'moat', 'volume']
[INFO   ] 🔧 [MR模式] 因子翻转激活: ['factor', 'moat', 'volume']
[INFO   ] 🔧 [MR模式] 因子翻转激活: ['factor', 'moat', 'volume']
[INFO   ] 🔧 [MR模式] 因子翻转激活: ['factor', 'moat', 'volume']
[INFO   ] 🔧 [MR模式] 因子翻转激活: ['factor', 'moat', 'volume']
[INFO   ] 🔧 [MR模式] 因子翻转激活: ['factor', 'moat', 'volume']
[INFO   ] 🔧 [MR模式] 因子翻转激活: ['factor', 'moat', 'volume']
[INFO   ] 🔧 [MR模式] 因子翻转激活: ['factor', 'moat', 'volume']
[INFO   ] 🔧 [MR模式] 因子翻转激活: ['factor', 'moat', 'volume']
[INFO   ] 🔧 [MR模式] 因子翻转激活: ['factor', 'moat', 'volume']
[INFO   ] 🔧 [MR模式] 因子翻转激活: ['factor', 'moat', 'volume']
[INFO   ] 🔧 [MR模式] 因子翻转激活: ['factor', 'moat', 'volume']
[INFO   ] 🔧 [MR模式] 因子翻转激活: ['factor', 'moat', 'volume']
[INFO   ] 🔧 [MR模式] 因子翻转激活: ['factor', 'moat', 'volume']
[INFO   ] 🔧 [MR模式] 因子翻转激活: ['factor', 'moat', 'volume']
[INFO   ] 🔧 [MR模式] 因子翻转激活: ['factor', 'moat', 'volume']
[INFO   ] 🔧 [MR模式] 因子翻转激活: ['factor', 'moat', 'volume']
[INFO   ] 🔧 [MR模式] 因子翻转激活: ['factor', 'moat', 'volume']
[INFO   ] 🔧 [MR模式] 因子翻转激活: ['factor', 'moat', 'volume']
[INFO   ] 🔧 [MR模式] 因子翻转激活: ['factor', 'moat', 'volume']

✅ Serenity 看板已启动
   手机访问: https://resend-zone-cross.ngrok-free.dev/monitor
[INFO   ]   🟡 CAUTION_BUY 精筛拦截 亨通光电: 量能确认:缩量0.1x MA20; 动量底线[MR]:动量分85(15-65期望)
[INFO   ]   🛡️ 非持仓SELL降级 士兰微: SELL → WATCH (历史胜率仅20%)
[INFO   ]   🛡️ 非持仓SELL降级 兆易创新: SELL → WATCH (历史胜率仅20%)
[INFO   ]   🛡️ 非持仓SELL降级 中国巨石: SELL → WATCH (历史胜率仅20%)

✅ Serenity 看板已启动
   手机访问: https://resend-zone-cross.ngrok-free.dev/monitor
[INFO   ]   🟡 CAUTION_BUY 精筛拦截 大秦铁路: 量能确认:缩量0.0x MA20; 动量底线[MR]:动量分75(15-65期望)
[INFO   ]   🛡️ 非持仓SELL降级 紫光股份: SELL → WATCH (历史胜率仅20%)
[INFO   ]   🟡 CAUTION_BUY 精筛拦截 三花智控: 量能确认:缩量0.0x MA20; 动量底线[MR]:动量分75(15-65期望)
[INFO   ]   🛡️ 非持仓SELL降级 恒立液压: SELL → WATCH (历史胜率仅20%)
[INFO   ]   🛡️ 非持仓SELL降级 中大力德: SELL → WATCH (历史胜率仅20%)

✅ Serenity 看板已启动
   手机访问: https://resend-zone-cross.ngrok-free.dev/monitor
2026-07-10 14:30:36,361 [INFO] HTTP Request: GET http://qt.gtimg.cn/q=sz000988,sh600036 "HTTP/1.1 200 OK"
2026-07-10 14:30:36,401 [DEBUG] 审计记录写入: 57a8ea8d771448db 002281 CAUTION_BUY score=62
2026-07-10 14:30:42,379 [INFO] HTTP Request: GET http://qt.gtimg.cn/q=sz000988,sh600036 "HTTP/1.1 200 OK"
2026-07-10 14:30:42,406 [DEBUG] 审计记录写入: e9f9427d38264d6e 000988 CAUTION_BUY score=64

✅ Serenity 看板已启动
   手机访问: https://resend-zone-cross.ngrok-free.dev/monitor
2026-07-10 14:30:48,991 [INFO] HTTP Request: GET http://qt.gtimg.cn/q=sz000988,sh600036 "HTTP/1.1 200 OK"
2026-07-10 14:30:49,022 [DEBUG] 审计记录写入: aee4d5579df94e8d 600141 HOLD score=58

✅ Serenity 看板已启动
   手机访问: https://resend-zone-cross.ngrok-free.dev/monitor
2026-07-10 14:30:55,132 [INFO] HTTP Request: GET http://qt.gtimg.cn/q=sz000988,sh600036 "HTTP/1.1 200 OK"
2026-07-10 14:30:55,161 [DEBUG] 审计记录写入: 9020526f1fb94181 603083 HOLD score=58
2026-07-10 14:31:01,242 [INFO] HTTP Request: GET http://qt.gtimg.cn/q=sz000988,sh600036 "HTTP/1.1 200 OK"
2026-07-10 14:31:01,265 [DEBUG] 审计记录写入: 21ead9eb11584cf9 600487 CAUTION_BUY score=64

✅ Serenity 看板已启动
   手机访问: https://resend-zone-cross.ngrok-free.dev/monitor
2026-07-10 14:31:07,322 [INFO] HTTP Request: GET http://qt.gtimg.cn/q=sz000988,sh600036 "HTTP/1.1 200 OK"
2026-07-10 14:31:07,350 [DEBUG] 审计记录写入: b86671e20b534917 002428 HOLD score=57
2026-07-10 14:31:13,657 [INFO] HTTP Request: GET http://qt.gtimg.cn/q=sz000988,sh600036 "HTTP/1.1 200 OK"
2026-07-10 14:31:13,686 [DEBUG] 审计记录写入: 8257e73d67934d55 600460 SELL score=40

✅ Serenity 看板已启动
   手机访问: https://resend-zone-cross.ngrok-free.dev/monitor
2026-07-10 14:31:20,044 [INFO] HTTP Request: GET http://qt.gtimg.cn/q=sz000988,sh600036 "HTTP/1.1 200 OK"
2026-07-10 14:31:20,071 [DEBUG] 审计记录写入: 74fde68723b2422f 603986 SELL score=43
2026-07-10 14:31:26,085 [INFO] HTTP Request: GET http://qt.gtimg.cn/q=sz000988,sh600036 "HTTP/1.1 200 OK"

✅ Serenity 看板已启动
   手机访问: https://resend-zone-cross.ngrok-free.dev/monitor
2026-07-10 14:31:26,109 [DEBUG] 审计记录写入: af555113863a4147 600176 SELL score=39
2026-07-10 14:31:32,478 [INFO] HTTP Request: GET http://qt.gtimg.cn/q=sz000988,sh600036 "HTTP/1.1 200 OK"
2026-07-10 14:31:32,507 [DEBUG] 审计记录写入: 3a86dab593f641fc 600036 BUY score=70

✅ Serenity 看板已启动
   手机访问: https://resend-zone-cross.ngrok-free.dev/monitor
2026-07-10 14:31:38,812 [INFO] HTTP Request: GET http://qt.gtimg.cn/q=sz000988,sh600036 "HTTP/1.1 200 OK"
2026-07-10 14:31:38,843 [DEBUG] 审计记录写入: 254ed8515f5a4ae8 600585 CAUTION_BUY score=63
2026-07-10 14:31:44,816 [INFO] HTTP Request: GET http://qt.gtimg.cn/q=sz000988,sh600036 "HTTP/1.1 200 OK"
2026-07-10 14:31:44,842 [DEBUG] 审计记录写入: 53ba3434bd3b4343 600900 CAUTION_BUY score=60

✅ Serenity 看板已启动
   手机访问: https://resend-zone-cross.ngrok-free.dev/monitor
2026-07-10 14:31:51,051 [INFO] HTTP Request: GET http://qt.gtimg.cn/q=sz000988,sh600036 "HTTP/1.1 200 OK"
2026-07-10 14:31:51,079 [DEBUG] 审计记录写入: 9cced32a4caf4a04 601398 CAUTION_BUY score=70
2026-07-10 14:31:57,298 [INFO] HTTP Request: GET http://qt.gtimg.cn/q=sz000988,sh600036 "HTTP/1.1 200 OK"
2026-07-10 14:31:57,324 [DEBUG] 审计记录写入: 11291ba08d8b4f35 601006 BUY score=68

✅ Serenity 看板已启动
   手机访问: https://resend-zone-cross.ngrok-free.dev/monitor
2026-07-10 14:32:03,623 [INFO] HTTP Request: GET http://qt.gtimg.cn/q=sz000988,sh600036 "HTTP/1.1 200 OK"
2026-07-10 14:32:03,647 [DEBUG] 审计记录写入: 3e405b2bd31b40eb 000938 SELL score=44

✅ Serenity 看板已启动
   手机访问: https://resend-zone-cross.ngrok-free.dev/monitor
2026-07-10 14:32:09,796 [INFO] HTTP Request: GET http://qt.gtimg.cn/q=sz000988,sh600036 "HTTP/1.1 200 OK"
2026-07-10 14:32:09,823 [DEBUG] 审计记录写入: f49ca461c3474363 601689 HOLD score=59
2026-07-10 14:32:16,314 [INFO] HTTP Request: GET http://qt.gtimg.cn/q=sz000988,sh600036 "HTTP/1.1 200 OK"
2026-07-10 14:32:16,340 [DEBUG] 审计记录写入: 655e19437bd640f6 002050 CAUTION_BUY score=60

✅ Serenity 看板已启动
   手机访问: https://resend-zone-cross.ngrok-free.dev/monitor
2026-07-10 14:32:22,585 [INFO] HTTP Request: GET http://qt.gtimg.cn/q=sz000988,sh600036 "HTTP/1.1 200 OK"
2026-07-10 14:32:22,610 [DEBUG] 审计记录写入: 3a06ed445f5240e5 601100 SELL score=42

✅ Serenity 看板已启动
   手机访问: https://resend-zone-cross.ngrok-free.dev/monitor
2026-07-10 14:32:29,088 [INFO] HTTP Request: GET http://qt.gtimg.cn/q=sz000988,sh600036 "HTTP/1.1 200 OK"
2026-07-10 14:32:29,116 [DEBUG] 审计记录写入: 67ebae7655424dba 600580 HOLD score=50
2026-07-10 14:32:35,238 [INFO] HTTP Request: GET http://qt.gtimg.cn/q=sz000988,sh600036 "HTTP/1.1 200 OK"
2026-07-10 14:32:35,266 [DEBUG] 审计记录写入: 56fc7d6e4e8d40b0 002896 SELL score=42
2026-07-10 14:32:38,605 [INFO] HTTP Request: GET http://qt.gtimg.cn/q=sz002281,sz000988,sh600141,sh603083,sh600487,sz002428,sh600460,sh603986,sh600176,sh600036,sh600585,sh600900,sh601398,sh601006,sz000938,sh601689,sz002050,sh601100,sh600580,sz002896 "HTTP/1.1 200 OK"

✅ Serenity 看板已启动
   手机访问: https://resend-zone-cross.ngrok-free.dev/monitor
2026-07-10 14:32:39,583 [INFO] HTTP Request: GET http://qt.gtimg.cn/q=sz000988,sh600036 "HTTP/1.1 200 OK"
[INFO   ]   🟡 CAUTION_BUY 精筛拦截 光迅科技: 量能确认:缩量0.0x MA20; 动量底线[MR]:动量分75(15-65期望)
2026-07-10 14:32:39,605 [INFO]   🟡 CAUTION_BUY 精筛拦截 光迅科技: 量能确认:缩量0.0x MA20; 动量底线[MR]:动量分75(15-65期望)
2026-07-10 14:32:40,572 [INFO] HTTP Request: GET http://qt.gtimg.cn/q=sz000988,sh600036 "HTTP/1.1 200 OK"
2026-07-10 14:32:41,547 [INFO] HTTP Request: GET http://qt.gtimg.cn/q=sz000988,sh600036 "HTTP/1.1 200 OK"
2026-07-10 14:32:42,531 [INFO] HTTP Request: GET http://qt.gtimg.cn/q=sz000988,sh600036 "HTTP/1.1 200 OK"
2026-07-10 14:32:43,619 [INFO] HTTP Request: GET http://qt.gtimg.cn/q=sz000988,sh600036 "HTTP/1.1 200 OK"
[INFO   ]   🟡 CAUTION_BUY 精筛拦截 亨通光电: 量能确认:缩量0.1x MA20; 动量底线[MR]:动量分85(15-65期望)
2026-07-10 14:32:43,646 [INFO]   🟡 CAUTION_BUY 精筛拦截 亨通光电: 量能确认:缩量0.1x MA20; 动量底线[MR]:动量分85(15-65期望)
2026-07-10 14:32:44,703 [INFO] HTTP Request: GET http://qt.gtimg.cn/q=sz000988,sh600036 "HTTP/1.1 200 OK"
2026-07-10 14:32:45,693 [INFO] HTTP Request: GET http://qt.gtimg.cn/q=sz000988,sh600036 "HTTP/1.1 200 OK"
[INFO   ]   🛡️ 非持仓SELL降级 士兰微: SELL → WATCH (历史胜率仅20%)
2026-07-10 14:32:45,718 [INFO]   🛡️ 非持仓SELL降级 士兰微: SELL → WATCH (历史胜率仅20%)
2026-07-10 14:32:46,653 [INFO] HTTP Request: GET http://qt.gtimg.cn/q=sz000988,sh600036 "HTTP/1.1 200 OK"
[INFO   ]   🛡️ 非持仓SELL降级 兆易创新: SELL → WATCH (历史胜率仅20%)
2026-07-10 14:32:46,672 [INFO]   🛡️ 非持仓SELL降级 兆易创新: SELL → WATCH (历史胜率仅20%)
2026-07-10 14:32:47,867 [INFO] HTTP Request: GET http://qt.gtimg.cn/q=sz000988,sh600036 "HTTP/1.1 200 OK"
[INFO   ]   🛡️ 非持仓SELL降级 中国巨石: SELL → WATCH (历史胜率仅20%)
2026-07-10 14:32:47,890 [INFO]   🛡️ 非持仓SELL降级 中国巨石: SELL → WATCH (历史胜率仅20%)
2026-07-10 14:32:48,847 [INFO] HTTP Request: GET http://qt.gtimg.cn/q=sz000988,sh600036 "HTTP/1.1 200 OK"
2026-07-10 14:32:49,806 [INFO] HTTP Request: GET http://qt.gtimg.cn/q=sz000988,sh600036 "HTTP/1.1 200 OK"
[INFO   ]   🟡 CAUTION_BUY 精筛拦截 海螺水泥: 量能确认:缩量0.0x MA20
2026-07-10 14:32:49,833 [INFO]   🟡 CAUTION_BUY 精筛拦截 海螺水泥: 量能确认:缩量0.0x MA20

✅ Serenity 看板已启动
   手机访问: https://resend-zone-cross.ngrok-free.dev/monitor
2026-07-10 14:32:50,796 [INFO] HTTP Request: GET http://qt.gtimg.cn/q=sz000988,sh600036 "HTTP/1.1 200 OK"
2026-07-10 14:32:51,757 [INFO] HTTP Request: GET http://qt.gtimg.cn/q=sz000988,sh600036 "HTTP/1.1 200 OK"
2026-07-10 14:32:52,733 [INFO] HTTP Request: GET http://qt.gtimg.cn/q=sz000988,sh600036 "HTTP/1.1 200 OK"
2026-07-10 14:32:53,702 [INFO] HTTP Request: GET http://qt.gtimg.cn/q=sz000988,sh600036 "HTTP/1.1 200 OK"
2026-07-10 14:32:54,596 [INFO] HTTP Request: GET http://qt.gtimg.cn/q=sh601006 "HTTP/1.1 200 OK"
2026-07-10 14:32:55,562 [INFO] HTTP Request: GET http://qt.gtimg.cn/q=sz000988,sh600036 "HTTP/1.1 200 OK"
[INFO   ]   🛡️ 非持仓SELL降级 紫光股份: SELL → WATCH (历史胜率仅20%)
2026-07-10 14:32:55,587 [INFO]   🛡️ 非持仓SELL降级 紫光股份: SELL → WATCH (历史胜率仅20%)
2026-07-10 14:32:56,528 [INFO] HTTP Request: GET http://qt.gtimg.cn/q=sz000988,sh600036 "HTTP/1.1 200 OK"
2026-07-10 14:32:57,519 [INFO] HTTP Request: GET http://qt.gtimg.cn/q=sz000988,sh600036 "HTTP/1.1 200 OK"
[INFO   ]   🟡 CAUTION_BUY 精筛拦截 三花智控: 量能确认:缩量0.0x MA20; 动量底线[MR]:动量分75(15-65期望)
2026-07-10 14:32:57,537 [INFO]   🟡 CAUTION_BUY 精筛拦截 三花智控: 量能确认:缩量0.0x MA20; 动量底线[MR]:动量分75(15-65期望)
2026-07-10 14:32:58,526 [INFO] HTTP Request: GET http://qt.gtimg.cn/q=sz000988,sh600036 "HTTP/1.1 200 OK"
[INFO   ]   🛡️ 非持仓SELL降级 恒立液压: SELL → WATCH (历史胜率仅20%)
2026-07-10 14:32:58,547 [INFO]   🛡️ 非持仓SELL降级 恒立液压: SELL → WATCH (历史胜率仅20%)
2026-07-10 14:32:59,499 [INFO] HTTP Request: GET http://qt.gtimg.cn/q=sz000988,sh600036 "HTTP/1.1 200 OK"

✅ Serenity 看板已启动
   手机访问: https://resend-zone-cross.ngrok-free.dev/monitor
2026-07-10 14:33:00,525 [INFO] HTTP Request: GET http://qt.gtimg.cn/q=sz000988,sh600036 "HTTP/1.1 200 OK"
[INFO   ]   🛡️ 非持仓SELL降级 中大力德: SELL → WATCH (历史胜率仅20%)
2026-07-10 14:33:00,550 [INFO]   🛡️ 非持仓SELL降级 中大力德: SELL → WATCH (历史胜率仅20%)
=======================================================
  📡 Serenity 交易信号 | 2026-07-10
=======================================================

  🟢 #1 工商银行 (601398) — CAUTION_BUY
     综合评分: 73.1
     现价: 7.32 | 买入区: 7-8 | 目标: 10
     建议仓位: 0元 (0股 @ ~7.32)
     全球最大银行，股息率5%+ — 国家队护盘标的，系统性重要 | 多周期共振[5d+20d↑] | 多周期共振[5d+20d↑]

  ⚪ #2 招商银行 (600036) — STRONG_HOLD
     综合评分: 69.6
     现价: 36.78 | 买入区: 34-42 | 目标: 52
     零售银行龙头，高股息防御 — 震荡市资金避风港，ROE行业领先

  🟢🟢 #3 大秦铁路 (601006) — BUY
     综合评分: 67.9
     现价: 4.66 | 买入区: 4-5 | 目标: 7
     建议仓位: 4203元 (900股 @ ~4.66)
     煤炭运输专线，稳定现金流 — 高股息+低波动，红利策略核心

  ⚪ #4 华工科技 (000988) — TAKE_PROFIT
     综合评分: 64.5
     现价: 160.09 | 买入区: 130-165 | 目标: 220
     光模块+激光双主线，AI算力配套 — 激光器+光引擎赛道与SIVE逻辑高度重合

  ⚪ #5 亨通光电 (600487) — HOLD
     综合评分: 64.2
     现价: 78.6 | 买入区: 82-115 | 目标: 145
     建议仓位: 0元 (0股 @ ~78.60)
     光纤光缆龙头，CPO光纤阵列(FAU)受益 — 防守型+补涨逻辑

  ⚪ #6 海螺水泥 (600585) — HOLD
     综合评分: 63.1
     现价: 17.11 | 买入区: 16-20 | 目标: 24
     建议仓位: 0元 (0股 @ ~17.11)
     水泥龙头+高分红 — 基建稳增长受益，低估值防御属性强

  ⚪ #7 长江电力 (600900) — HOLD
     综合评分: 63.1
     现价: 28.07 | 买入区: 24-30 | 目标: 36
     建议仓位: 0元 (0股 @ ~28.07)
     水电绝对龙头，现金流稳定 — 类债券属性，极端行情避险首选 | 多周期共振[5d+20d↑]

  ⚪ #8 光迅科技 (002281) — HOLD
     综合评分: 62.4
     现价: 237.12 | 买入区: 175-220 | 目标: 300
     建议仓位: 0元 (0股 @ ~237.12)
     光器件全产业链龙头，AI光互联核心受益 — CPO检测/FAU直接映射Serenity的SIVE瓶颈逻辑

  ⚪ #9 三花智控 (002050) — HOLD
     综合评分: 60.5
     现价: 43.5 | 买入区: 28-38 | 目标: 48
     建议仓位: 0元 (0股 @ ~43.50)
     热管理/执行器龙头 — 特斯拉供应链核心，公募持仓60亿+，机器人+汽零双驱动

  ⚪ #10 拓普集团 (601689) — HOLD
     综合评分: 58.8
     现价: 57.6 | 买入区: 80-105 | 目标: 135
     特斯拉Optimus执行器模组核心供应商 — 机器人+汽车双主线，公募持仓40亿+

  ⚪ #11 剑桥科技 (603083) — HOLD
     综合评分: 58.2
     现价: 201.6 | 买入区: 155-190 | 目标: 270
     高速光模块弹性标的，800G/1.6T放量 — 受益于CPO光学引擎需求爆发

  ⚪ #12 兴发集团 (600141) — HOLD
     综合评分: 57.8
     现价: 34.38 | 买入区: 30-36 | 目标: 44
     磷化工龙头，红磷/磷化学品用于CPO光对准和Rubin半导体热管理 — Serenity红磷主题映射

  ⚪ #13 云南锗业 (002428) — HOLD
     综合评分: 57.1
     现价: 100.84 | 买入区: 78-96 | 目标: 120
     锗衬底材料，CPO用InP衬底的替代表达 — Serenity持有AXTI的映射逻辑

  ⚪ #14 卧龙电驱 (600580) — HOLD
     综合评分: 50.5
     现价: 33.76 | 买入区: 18-25 | 目标: 32
     伺服电机龙头 — 机器人动力系统核心供应商，国产伺服替代受益

  ⚪ #15 紫光股份 (000938) — WATCH
     综合评分: 43.5
     现价: 38.46 | 买入区: 22-30 | 目标: 38
     AI算力交换机龙头，新华三核心资产 — 数据中心交换机+服务器双主线，AI基建核心受益

  ⚪ #16 兆易创新 (603986) — WATCH
     综合评分: 43.4
     现价: 621.88 | 买入区: 410-505 | 目标: 625
     NOR Flash/DRAM，AI数据中心存储需求外溢 — Serenity重仓SNDK的映射逻辑

  ⚪ #17 恒立液压 (601100) — WATCH
     综合评分: 41.9
     现价: 111.68 | 买入区: 55-72 | 目标: 92
     液压件龙头→人形机器人丝杠 — 技术壁垒高，国产替代+机器人新增量逻辑

  ⚪ #18 中大力德 (002896) — WATCH
     综合评分: 41.7
     现价: 76.0 | 买入区: 35-48 | 目标: 62
     RV减速器+电机一体化 — 国产减速器替代，机器人关节核心部件

  ⚪ #19 士兰微 (600460) — WATCH
     综合评分: 40.2
     现价: 45.23 | 买入区: 28-34 | 目标: 42
     功率半导体IDM龙头，800VDC数据中心供电架构受益 — 映射Serenity NVTS/POWI功率半主题

  ⚪ #20 中国巨石 (600176) — WATCH
     综合评分: 39.1
     现价: 56.11 | 买入区: 36-44 | 目标: 54
     玻纤/电子布全球龙头，AI服务器PCB基材需求爆发 — 6月金股(7家券商推荐)，同赛道宏和科技已20倍

=======================================================
  共 20 个信号 | 可用资金: 4949 元
=======================================================
[INFO   ] 市场状态: 震荡市 → [内核冻结] 忽略市场体制权重偏移，使用固定权重
[WARNING] ⚠️ 均值回归模式激活 — 负IC因子(动量/量能/技术面)将自动翻转
⏱️ 盘中监控 [14:33] — 检测 3 只持仓
触发 1 条预警

⚠️ [B] 华工科技: 止盈 T5: 6.9% ≥ 5%, 建议出 50%


✅ Serenity 看板已启动
   手机访问: https://resend-zone-cross.ngrok-free.dev/monitor

✅ Serenity 看板已启动
   手机访问: https://resend-zone-cross.ngrok-free.dev/monitor

✅ Serenity 看板已启动
   手机访问: https://resend-zone-cross.ngrok-free.dev/monitor

✅ Serenity 看板已启动
   手机访问: https://resend-zone-cross.ngrok-free.dev/monitor

✅ Serenity 看板已启动
   手机访问: https://resend-zone-cross.ngrok-free.dev/monitor

✅ Serenity 看板已启动
   手机访问: https://resend-zone-cross.ngrok-free.dev/monitor

✅ Serenity 看板已启动
   手机访问: https://resend-zone-cross.ngrok-free.dev/monitor

✅ Serenity 看板已启动
   手机访问: https://resend-zone-cross.ngrok-free.dev/monitor

✅ Serenity 看板已启动
   手机访问: https://resend-zone-cross.ngrok-free.dev/monitor

✅ Serenity 看板已启动
   手机访问: https://resend-zone-cross.ngrok-free.dev/monitor

✅ Serenity 看板已启动
   手机访问: https://resend-zone-cross.ngrok-free.dev/monitor

✅ Serenity 看板已启动
   手机访问: https://resend-zone-cross.ngrok-free.dev/monitor

✅ Serenity 看板已启动
   手机访问: https://resend-zone-cross.ngrok-free.dev/monitor

✅ Serenity 看板已启动
   手机访问: https://resend-zone-cross.ngrok-free.dev/monitor

✅ Serenity 看板已启动
   手机访问: https://resend-zone-cross.ngrok-free.dev/monitor

✅ Serenity 看板已启动
   手机访问: https://resend-zone-cross.ngrok-free.dev/monitor

✅ Serenity 看板已启动
   手机访问: https://resend-zone-cross.ngrok-free.dev/monitor

✅ Serenity 看板已启动
   手机访问: https://resend-zone-cross.ngrok-free.dev/monitor

✅ Serenity 看板已启动
   手机访问: https://resend-zone-cross.ngrok-free.dev/monitor

✅ Serenity 看板已启动
   手机访问: https://resend-zone-cross.ngrok-free.dev/monitor

✅ Serenity 看板已启动
   手机访问: https://resend-zone-cross.ngrok-free.dev/monitor

✅ Serenity 看板已启动
   手机访问: https://resend-zone-cross.ngrok-free.dev/monitor

✅ Serenity 看板已启动
   手机访问: https://resend-zone-cross.ngrok-free.dev/monitor

✅ Serenity 看板已启动
   手机访问: https://resend-zone-cross.ngrok-free.dev/monitor

✅ Serenity 看板已启动
   手机访问: https://resend-zone-cross.ngrok-free.dev/monitor

✅ Serenity 看板已启动
   手机访问: https://resend-zone-cross.ngrok-free.dev/monitor

✅ Serenity 看板已启动
   手机访问: https://resend-zone-cross.ngrok-free.dev/monitor

✅ Serenity 看板已启动
   手机访问: https://resend-zone-cross.ngrok-free.dev/monitor

✅ Serenity 看板已启动
   手机访问: https://resend-zone-cross.ngrok-free.dev/monitor

✅ Serenity 看板已启动
   手机访问: https://resend-zone-cross.ngrok-free.dev/monitor

✅ Serenity 看板已启动
   手机访问: https://resend-zone-cross.ngrok-free.dev/monitor

✅ Serenity 看板已启动
   手机访问: https://resend-zone-cross.ngrok-free.dev/monitor

✅ Serenity 看板已启动
   手机访问: https://resend-zone-cross.ngrok-free.dev/monitor

✅ Serenity 看板已启动
   手机访问: https://resend-zone-cross.ngrok-free.dev/monitor

✅ Serenity 看板已启动
   手机访问: https://resend-zone-cross.ngrok-free.dev/monitor

✅ Serenity 看板已启动
   手机访问: https://resend-zone-cross.ngrok-free.dev/monitor

✅ Serenity 看板已启动
   手机访问: https://resend-zone-cross.ngrok-free.dev/monitor

✅ Serenity 看板已启动
   手机访问: https://resend-zone-cross.ngrok-free.dev/monitor

✅ Serenity 看板已启动
   手机访问: https://resend-zone-cross.ngrok-free.dev/monitor

✅ Serenity 看板已启动
   手机访问: https://resend-zone-cross.ngrok-free.dev/monitor

✅ Serenity 看板已启动
   手机访问: https://resend-zone-cross.ngrok-free.dev/monitor

✅ Serenity 看板已启动
   手机访问: https://resend-zone-cross.ngrok-free.dev/monitor

✅ Serenity 看板已启动
   手机访问: https://resend-zone-cross.ngrok-free.dev/monitor

✅ Serenity 看板已启动
   手机访问: https://resend-zone-cross.ngrok-free.dev/monitor

✅ Serenity 看板已启动
   手机访问: https://resend-zone-cross.ngrok-free.dev/monitor

✅ Serenity 看板已启动
   手机访问: https://resend-zone-cross.ngrok-free.dev/monitor

✅ Serenity 看板已启动
   手机访问: https://resend-zone-cross.ngrok-free.dev/monitor

✅ Serenity 看板已启动
   手机访问: https://resend-zone-cross.ngrok-free.dev/monitor

✅ Serenity 看板已启动
   手机访问: https://resend-zone-cross.ngrok-free.dev/monitor

✅ Serenity 看板已启动
   手机访问: https://resend-zone-cross.ngrok-free.dev/monitor

✅ Serenity 看板已启动
   手机访问: https://resend-zone-cross.ngrok-free.dev/monitor

✅ Serenity 看板已启动
   手机访问: https://resend-zone-cross.ngrok-free.dev/monitor

✅ Serenity 看板已启动
   手机访问: https://resend-zone-cross.ngrok-free.dev/monitor

✅ Serenity 看板已启动
   手机访问: https://resend-zone-cross.ngrok-free.dev/monitor

✅ Serenity 看板已启动
   手机访问: https://resend-zone-cross.ngrok-free.dev/monitor

✅ Serenity 看板已启动
   手机访问: https://resend-zone-cross.ngrok-free.dev/monitor

✅ Serenity 看板已启动
   手机访问: https://resend-zone-cross.ngrok-free.dev/monitor

✅ Serenity 看板已启动
   手机访问: https://resend-zone-cross.ngrok-free.dev/monitor

✅ Serenity 看板已启动
   手机访问: https://resend-zone-cross.ngrok-free.dev/monitor

✅ Serenity 看板已启动
   手机访问: https://resend-zone-cross.ngrok-free.dev/monitor

✅ Serenity 看板已启动
   手机访问: https://resend-zone-cross.ngrok-free.dev/monitor

✅ Serenity 看板已启动
   手机访问: https://resend-zone-cross.ngrok-free.dev/monitor

✅ Serenity 看板已启动
   手机访问: https://resend-zone-cross.ngrok-free.dev/monitor

✅ Serenity 看板已启动
   手机访问: https://resend-zone-cross.ngrok-free.dev/monitor

✅ Serenity 看板已启动
   手机访问: https://resend-zone-cross.ngrok-free.dev/monitor

✅ Serenity 看板已启动
   手机访问: https://resend-zone-cross.ngrok-free.dev/monitor

✅ Serenity 看板已启动
   手机访问: https://resend-zone-cross.ngrok-free.dev/monitor

✅ Serenity 看板已启动
   手机访问: https://resend-zone-cross.ngrok-free.dev/monitor

✅ Serenity 看板已启动
   手机访问: https://resend-zone-cross.ngrok-free.dev/monitor

✅ Serenity 看板已启动
   手机访问: https://resend-zone-cross.ngrok-free.dev/monitor

✅ Serenity 看板已启动
   手机访问: https://resend-zone-cross.ngrok-free.dev/monitor

✅ Serenity 看板已启动
   手机访问: https://resend-zone-cross.ngrok-free.dev/monitor

✅ Serenity 看板已启动
   手机访问: https://resend-zone-cross.ngrok-free.dev/monitor

✅ Serenity 看板已启动
   手机访问: https://resend-zone-cross.ngrok-free.dev/monitor

✅ Serenity 看板已启动
   手机访问: https://resend-zone-cross.ngrok-free.dev/monitor

✅ Serenity 看板已启动
   手机访问: https://resend-zone-cross.ngrok-free.dev/monitor

✅ Serenity 看板已启动
   手机访问: https://resend-zone-cross.ngrok-free.dev/monitor

✅ Serenity 看板已启动
   手机访问: https://resend-zone-cross.ngrok-free.dev/monitor

✅ Serenity 看板已启动
   手机访问: https://resend-zone-cross.ngrok-free.dev/monitor

✅ Serenity 看板已启动
   手机访问: https://resend-zone-cross.ngrok-free.dev/monitor

✅ Serenity 看板已启动
   手机访问: https://resend-zone-cross.ngrok-free.dev/monitor

✅ Serenity 看板已启动
   手机访问: https://resend-zone-cross.ngrok-free.dev/monitor

✅ Serenity 看板已启动
   手机访问: https://resend-zone-cross.ngrok-free.dev/monitor

✅ Serenity 看板已启动
   手机访问: https://resend-zone-cross.ngrok-free.dev/monitor

✅ Serenity 看板已启动
   手机访问: https://resend-zone-cross.ngrok-free.dev/monitor

✅ Serenity 看板已启动
   手机访问: https://resend-zone-cross.ngrok-free.dev/monitor

✅ Serenity 看板已启动
   手机访问: https://resend-zone-cross.ngrok-free.dev/monitor

✅ Serenity 看板已启动
   手机访问: https://resend-zone-cross.ngrok-free.dev/monitor

✅ Serenity 看板已启动
   手机访问: https://resend-zone-cross.ngrok-free.dev/monitor

✅ Serenity 看板已启动
   手机访问: https://resend-zone-cross.ngrok-free.dev/monitor

✅ Serenity 看板已启动
   手机访问: https://resend-zone-cross.ngrok-free.dev/monitor

✅ Serenity 看板已启动
   手机访问: https://resend-zone-cross.ngrok-free.dev/monitor

✅ Serenity 看板已启动
   手机访问: https://resend-zone-cross.ngrok-free.dev/monitor

✅ Serenity 看板已启动
   手机访问: https://resend-zone-cross.ngrok-free.dev/monitor

✅ Serenity 看板已启动
   手机访问: https://resend-zone-cross.ngrok-free.dev/monitor

✅ Serenity 看板已启动
   手机访问: https://resend-zone-cross.ngrok-free.dev/monitor

✅ Serenity 看板已启动
   手机访问: https://resend-zone-cross.ngrok-free.dev/monitor

✅ Serenity 看板已启动
   手机访问: https://resend-zone-cross.ngrok-free.dev/monitor

✅ Serenity 看板已启动
   手机访问: https://resend-zone-cross.ngrok-free.dev/monitor

✅ Serenity 看板已启动
   手机访问: https://resend-zone-cross.ngrok-free.dev/monitor

✅ Serenity 看板已启动
   手机访问: https://resend-zone-cross.ngrok-free.dev/monitor

✅ Serenity 看板已启动
   手机访问: https://resend-zone-cross.ngrok-free.dev/monitor

✅ Serenity 看板已启动
   手机访问: https://resend-zone-cross.ngrok-free.dev/monitor

✅ Serenity 看板已启动
   手机访问: https://resend-zone-cross.ngrok-free.dev/monitor

✅ Serenity 看板已启动
   手机访问: https://resend-zone-cross.ngrok-free.dev/monitor

✅ Serenity 看板已启动
   手机访问: https://resend-zone-cross.ngrok-free.dev/monitor

✅ Serenity 看板已启动
   手机访问: https://resend-zone-cross.ngrok-free.dev/monitor

✅ Serenity 看板已启动
   手机访问: https://resend-zone-cross.ngrok-free.dev/monitor

✅ Serenity 看板已启动
   手机访问: https://resend-zone-cross.ngrok-free.dev/monitor

✅ Serenity 看板已启动
   手机访问: https://resend-zone-cross.ngrok-free.dev/monitor

✅ Serenity 看板已启动
   手机访问: https://resend-zone-cross.ngrok-free.dev/monitor

✅ Serenity 看板已启动
   手机访问: https://resend-zone-cross.ngrok-free.dev/monitor

✅ Serenity 看板已启动
   手机访问: https://resend-zone-cross.ngrok-free.dev/monitor

✅ Serenity 看板已启动
   手机访问: https://resend-zone-cross.ngrok-free.dev/monitor

✅ Serenity 看板已启动
   手机访问: https://resend-zone-cross.ngrok-free.dev/monitor

✅ Serenity 看板已启动
   手机访问: https://resend-zone-cross.ngrok-free.dev/monitor

✅ Serenity 看板已启动
   手机访问: https://resend-zone-cross.ngrok-free.dev/monitor

✅ Serenity 看板已启动
   手机访问: https://resend-zone-cross.ngrok-free.dev/monitor

✅ Serenity 看板已启动
   手机访问: https://resend-zone-cross.ngrok-free.dev/monitor

✅ Serenity 看板已启动
   手机访问: https://resend-zone-cross.ngrok-free.dev/monitor

✅ Serenity 看板已启动
   手机访问: https://resend-zone-cross.ngrok-free.dev/monitor

✅ Serenity 看板已启动
   手机访问: https://resend-zone-cross.ngrok-free.dev/monitor

✅ Serenity 看板已启动
   手机访问: https://resend-zone-cross.ngrok-free.dev/monitor

✅ Serenity 看板已启动
   手机访问: https://resend-zone-cross.ngrok-free.dev/monitor

✅ Serenity 看板已启动
   手机访问: https://resend-zone-cross.ngrok-free.dev/monitor

✅ Serenity 看板已启动
   手机访问: https://resend-zone-cross.ngrok-free.dev/monitor

✅ Serenity 看板已启动
   手机访问: https://resend-zone-cross.ngrok-free.dev/monitor

✅ Serenity 看板已启动
   手机访问: https://resend-zone-cross.ngrok-free.dev/monitor

✅ Serenity 看板已启动
   手机访问: https://resend-zone-cross.ngrok-free.dev/monitor

✅ Serenity 看板已启动
   手机访问: https://resend-zone-cross.ngrok-free.dev/monitor

✅ Serenity 看板已启动
   手机访问: https://resend-zone-cross.ngrok-free.dev/monitor

✅ Serenity 看板已启动
   手机访问: https://resend-zone-cross.ngrok-free.dev/monitor

✅ Serenity 看板已启动
   手机访问: https://resend-zone-cross.ngrok-free.dev/monitor

✅ Serenity 看板已启动
   手机访问: https://resend-zone-cross.ngrok-free.dev/monitor

✅ Serenity 看板已启动
   手机访问: https://resend-zone-cross.ngrok-free.dev/monitor

✅ Serenity 看板已启动
   手机访问: https://resend-zone-cross.ngrok-free.dev/monitor

✅ Serenity 看板已启动
   手机访问: https://resend-zone-cross.ngrok-free.dev/monitor

✅ Serenity 看板已启动
   手机访问: https://resend-zone-cross.ngrok-free.dev/monitor

✅ Serenity 看板已启动
   手机访问: https://resend-zone-cross.ngrok-free.dev/monitor

✅ Serenity 看板已启动
   手机访问: https://resend-zone-cross.ngrok-free.dev/monitor

✅ Serenity 看板已启动
   手机访问: https://resend-zone-cross.ngrok-free.dev/monitor

✅ Serenity 看板已启动
   手机访问: https://resend-zone-cross.ngrok-free.dev/monitor

✅ Serenity 看板已启动
   手机访问: https://resend-zone-cross.ngrok-free.dev/monitor

✅ Serenity 看板已启动
   手机访问: https://resend-zone-cross.ngrok-free.dev/monitor

✅ Serenity 看板已启动
   手机访问: https://resend-zone-cross.ngrok-free.dev/monitor

✅ Serenity 看板已启动
   手机访问: https://resend-zone-cross.ngrok-free.dev/monitor

✅ Serenity 看板已启动
   手机访问: https://resend-zone-cross.ngrok-free.dev/monitor

✅ Serenity 看板已启动
   手机访问: https://resend-zone-cross.ngrok-free.dev/monitor

✅ Serenity 看板已启动
   手机访问: https://resend-zone-cross.ngrok-free.dev/monitor

✅ Serenity 看板已启动
   手机访问: https://resend-zone-cross.ngrok-free.dev/monitor

✅ Serenity 看板已启动
   手机访问: https://resend-zone-cross.ngrok-free.dev/monitor

✅ Serenity 看板已启动
   手机访问: https://resend-zone-cross.ngrok-free.dev/monitor

✅ Serenity 看板已启动
   手机访问: https://resend-zone-cross.ngrok-free.dev/monitor

✅ Serenity 看板已启动
   手机访问: https://resend-zone-cross.ngrok-free.dev/monitor

✅ Serenity 看板已启动
   手机访问: https://resend-zone-cross.ngrok-free.dev/monitor

✅ Serenity 看板已启动
   手机访问: https://resend-zone-cross.ngrok-free.dev/monitor

✅ Serenity 看板已启动
   手机访问: https://resend-zone-cross.ngrok-free.dev/monitor

✅ Serenity 看板已启动
   手机访问: https://resend-zone-cross.ngrok-free.dev/monitor

✅ Serenity 看板已启动
   手机访问: https://resend-zone-cross.ngrok-free.dev/monitor

✅ Serenity 看板已启动
   手机访问: https://resend-zone-cross.ngrok-free.dev/monitor

✅ Serenity 看板已启动
   手机访问: https://resend-zone-cross.ngrok-free.dev/monitor

✅ Serenity 看板已启动
   手机访问: https://resend-zone-cross.ngrok-free.dev/monitor

✅ Serenity 看板已启动
   手机访问: https://resend-zone-cross.ngrok-free.dev/monitor

✅ Serenity 看板已启动
   手机访问: https://resend-zone-cross.ngrok-free.dev/monitor

✅ Serenity 看板已启动
   手机访问: https://resend-zone-cross.ngrok-free.dev/monitor

✅ Serenity 看板已启动
   手机访问: https://resend-zone-cross.ngrok-free.dev/monitor

✅ Serenity 看板已启动
   手机访问: https://resend-zone-cross.ngrok-free.dev/monitor

✅ Serenity 看板已启动
   手机访问: https://resend-zone-cross.ngrok-free.dev/monitor

✅ Serenity 看板已启动
   手机访问: https://resend-zone-cross.ngrok-free.dev/monitor

✅ Serenity 看板已启动
   手机访问: https://resend-zone-cross.ngrok-free.dev/monitor

✅ Serenity 看板已启动
   手机访问: https://resend-zone-cross.ngrok-free.dev/monitor

✅ Serenity 看板已启动
   手机访问: https://resend-zone-cross.ngrok-free.dev/monitor

✅ Serenity 看板已启动
   手机访问: https://resend-zone-cross.ngrok-free.dev/monitor

✅ Serenity 看板已启动
   手机访问: https://resend-zone-cross.ngrok-free.dev/monitor

✅ Serenity 看板已启动
   手机访问: https://resend-zone-cross.ngrok-free.dev/monitor

✅ Serenity 看板已启动
   手机访问: https://resend-zone-cross.ngrok-free.dev/monitor

✅ Serenity 看板已启动
   手机访问: https://resend-zone-cross.ngrok-free.dev/monitor

✅ Serenity 看板已启动
   手机访问: https://resend-zone-cross.ngrok-free.dev/monitor

✅ Serenity 看板已启动
   手机访问: https://resend-zone-cross.ngrok-free.dev/monitor

✅ Serenity 看板已启动
   手机访问: https://resend-zone-cross.ngrok-free.dev/monitor

✅ Serenity 看板已启动
   手机访问: https://resend-zone-cross.ngrok-free.dev/monitor

✅ Serenity 看板已启动
   手机访问: https://resend-zone-cross.ngrok-free.dev/monitor

✅ Serenity 看板已启动
   手机访问: https://resend-zone-cross.ngrok-free.dev/monitor

✅ Serenity 看板已启动
   手机访问: https://resend-zone-cross.ngrok-free.dev/monitor

✅ Serenity 看板已启动
   手机访问: https://resend-zone-cross.ngrok-free.dev/monitor

✅ Serenity 看板已启动
   手机访问: https://resend-zone-cross.ngrok-free.dev/monitor

✅ Serenity 看板已启动
   手机访问: https://resend-zone-cross.ngrok-free.dev/monitor

✅ Serenity 看板已启动
   手机访问: https://resend-zone-cross.ngrok-free.dev/monitor

✅ Serenity 看板已启动
   手机访问: https://resend-zone-cross.ngrok-free.dev/monitor

✅ Serenity 看板已启动
   手机访问: https://resend-zone-cross.ngrok-free.dev/monitor

✅ Serenity 看板已启动
   手机访问: https://resend-zone-cross.ngrok-free.dev/monitor

✅ Serenity 看板已启动
   手机访问: https://resend-zone-cross.ngrok-free.dev/monitor

✅ Serenity 看板已启动
   手机访问: https://resend-zone-cross.ngrok-free.dev/monitor

✅ Serenity 看板已启动
   手机访问: https://resend-zone-cross.ngrok-free.dev/monitor

✅ Serenity 看板已启动
   手机访问: https://resend-zone-cross.ngrok-free.dev/monitor

✅ Serenity 看板已启动
   手机访问: https://resend-zone-cross.ngrok-free.dev/monitor

✅ Serenity 看板已启动
   手机访问: https://resend-zone-cross.ngrok-free.dev/monitor

✅ Serenity 看板已启动
   手机访问: https://resend-zone-cross.ngrok-free.dev/monitor

✅ Serenity 看板已启动
   手机访问: https://resend-zone-cross.ngrok-free.dev/monitor

✅ Serenity 看板已启动
   手机访问: https://resend-zone-cross.ngrok-free.dev/monitor

✅ Serenity 看板已启动
   手机访问: https://resend-zone-cross.ngrok-free.dev/monitor

✅ Serenity 看板已启动
   手机访问: https://resend-zone-cross.ngrok-free.dev/monitor

✅ Serenity 看板已启动
   手机访问: https://resend-zone-cross.ngrok-free.dev/monitor

✅ Serenity 看板已启动
   手机访问: https://resend-zone-cross.ngrok-free.dev/monitor

✅ Serenity 看板已启动
   手机访问: https://resend-zone-cross.ngrok-free.dev/monitor

✅ Serenity 看板已启动
   手机访问: https://resend-zone-cross.ngrok-free.dev/monitor

✅ Serenity 看板已启动
   手机访问: https://resend-zone-cross.ngrok-free.dev/monitor

✅ Serenity 看板已启动
   手机访问: https://resend-zone-cross.ngrok-free.dev/monitor

✅ Serenity 看板已启动
   手机访问: https://resend-zone-cross.ngrok-free.dev/monitor

✅ Serenity 看板已启动
   手机访问: https://resend-zone-cross.ngrok-free.dev/monitor

✅ Serenity 看板已启动
   手机访问: https://resend-zone-cross.ngrok-free.dev/monitor

✅ Serenity 看板已启动
   手机访问: https://resend-zone-cross.ngrok-free.dev/monitor

✅ Serenity 看板已启动
   手机访问: https://resend-zone-cross.ngrok-free.dev/monitor

✅ Serenity 看板已启动
   手机访问: https://resend-zone-cross.ngrok-free.dev/monitor

✅ Serenity 看板已启动
   手机访问: https://resend-zone-cross.ngrok-free.dev/monitor

✅ Serenity 看板已启动
   手机访问: https://resend-zone-cross.ngrok-free.dev/monitor

✅ Serenity 看板已启动
   手机访问: https://resend-zone-cross.ngrok-free.dev/monitor

✅ Serenity 看板已启动
   手机访问: https://resend-zone-cross.ngrok-free.dev/monitor

✅ Serenity 看板已启动
   手机访问: https://resend-zone-cross.ngrok-free.dev/monitor

✅ Serenity 看板已启动
   手机访问: https://resend-zone-cross.ngrok-free.dev/monitor

✅ Serenity 看板已启动
   手机访问: https://resend-zone-cross.ngrok-free.dev/monitor

✅ Serenity 看板已启动
   手机访问: https://resend-zone-cross.ngrok-free.dev/monitor

✅ Serenity 看板已启动
   手机访问: https://resend-zone-cross.ngrok-free.dev/monitor

✅ Serenity 看板已启动
   手机访问: https://resend-zone-cross.ngrok-free.dev/monitor

✅ Serenity 看板已启动
   手机访问: https://resend-zone-cross.ngrok-free.dev/monitor

✅ Serenity 看板已启动
   手机访问: https://resend-zone-cross.ngrok-free.dev/monitor

✅ Serenity 看板已启动
   手机访问: https://resend-zone-cross.ngrok-free.dev/monitor

✅ Serenity 看板已启动
   手机访问: https://resend-zone-cross.ngrok-free.dev/monitor

✅ Serenity 看板已启动
   手机访问: https://resend-zone-cross.ngrok-free.dev/monitor

✅ Serenity 看板已启动
   手机访问: https://resend-zone-cross.ngrok-free.dev/monitor

✅ Serenity 看板已启动
   手机访问: https://resend-zone-cross.ngrok-free.dev/monitor

✅ Serenity 看板已启动
   手机访问: https://resend-zone-cross.ngrok-free.dev/monitor

✅ Serenity 看板已启动
   手机访问: https://resend-zone-cross.ngrok-free.dev/monitor

✅ Serenity 看板已启动
   手机访问: https://resend-zone-cross.ngrok-free.dev/monitor

✅ Serenity 看板已启动
   手机访问: https://resend-zone-cross.ngrok-free.dev/monitor

✅ Serenity 看板已启动
   手机访问: https://resend-zone-cross.ngrok-free.dev/monitor

✅ Serenity 看板已启动
   手机访问: https://resend-zone-cross.ngrok-free.dev/monitor

✅ Serenity 看板已启动
   手机访问: https://resend-zone-cross.ngrok-free.dev/monitor

✅ Serenity 看板已启动
   手机访问: https://resend-zone-cross.ngrok-free.dev/monitor

✅ Serenity 看板已启动
   手机访问: https://resend-zone-cross.ngrok-free.dev/monitor

✅ Serenity 看板已启动
   手机访问: https://resend-zone-cross.ngrok-free.dev/monitor

✅ Serenity 看板已启动
   手机访问: https://resend-zone-cross.ngrok-free.dev/monitor

✅ Serenity 看板已启动
   手机访问: https://resend-zone-cross.ngrok-free.dev/monitor

✅ Serenity 看板已启动
   手机访问: https://resend-zone-cross.ngrok-free.dev/monitor

✅ Serenity 看板已启动
   手机访问: https://resend-zone-cross.ngrok-free.dev/monitor

✅ Serenity 看板已启动
   手机访问: https://resend-zone-cross.ngrok-free.dev/monitor

✅ Serenity 看板已启动
   手机访问: https://resend-zone-cross.ngrok-free.dev/monitor

✅ Serenity 看板已启动
   手机访问: https://resend-zone-cross.ngrok-free.dev/monitor

✅ Serenity 看板已启动
   手机访问: https://resend-zone-cross.ngrok-free.dev/monitor

✅ Serenity 看板已启动
   手机访问: https://resend-zone-cross.ngrok-free.dev/monitor

✅ Serenity 看板已启动
   手机访问: https://resend-zone-cross.ngrok-free.dev/monitor

✅ Serenity 看板已启动
   手机访问: https://resend-zone-cross.ngrok-free.dev/monitor

✅ Serenity 看板已启动
   手机访问: https://resend-zone-cross.ngrok-free.dev/monitor

✅ Serenity 看板已启动
   手机访问: https://resend-zone-cross.ngrok-free.dev/monitor

✅ Serenity 看板已启动
   手机访问: https://resend-zone-cross.ngrok-free.dev/monitor

✅ Serenity 看板已启动
   手机访问: https://resend-zone-cross.ngrok-free.dev/monitor

✅ Serenity 看板已启动
   手机访问: https://resend-zone-cross.ngrok-free.dev/monitor

✅ Serenity 看板已启动
   手机访问: https://resend-zone-cross.ngrok-free.dev/monitor

✅ Serenity 看板已启动
   手机访问: https://resend-zone-cross.ngrok-free.dev/monitor

✅ Serenity 看板已启动
   手机访问: https://resend-zone-cross.ngrok-free.dev/monitor

✅ Serenity 看板已启动
   手机访问: https://resend-zone-cross.ngrok-free.dev/monitor

✅ Serenity 看板已启动
   手机访问: https://resend-zone-cross.ngrok-free.dev/monitor

✅ Serenity 看板已启动
   手机访问: https://resend-zone-cross.ngrok-free.dev/monitor

✅ Serenity 看板已启动
   手机访问: https://resend-zone-cross.ngrok-free.dev/monitor

✅ Serenity 看板已启动
   手机访问: https://resend-zone-cross.ngrok-free.dev/monitor

✅ Serenity 看板已启动
   手机访问: https://resend-zone-cross.ngrok-free.dev/monitor

✅ Serenity 看板已启动
   手机访问: https://resend-zone-cross.ngrok-free.dev/monitor

✅ Serenity 看板已启动
   手机访问: https://resend-zone-cross.ngrok-free.dev/monitor

✅ Serenity 看板已启动
   手机访问: https://resend-zone-cross.ngrok-free.dev/monitor

✅ Serenity 看板已启动
   手机访问: https://resend-zone-cross.ngrok-free.dev/monitor

✅ Serenity 看板已启动
   手机访问: https://resend-zone-cross.ngrok-free.dev/monitor

✅ Serenity 看板已启动
   手机访问: https://resend-zone-cross.ngrok-free.dev/monitor

✅ Serenity 看板已启动
   手机访问: https://resend-zone-cross.ngrok-free.dev/monitor

✅ Serenity 看板已启动
   手机访问: https://resend-zone-cross.ngrok-free.dev/monitor

✅ Serenity 看板已启动
   手机访问: https://resend-zone-cross.ngrok-free.dev/monitor

✅ Serenity 看板已启动
   手机访问: https://resend-zone-cross.ngrok-free.dev/monitor

✅ Serenity 看板已启动
   手机访问: https://resend-zone-cross.ngrok-free.dev/monitor

✅ Serenity 看板已启动
   手机访问: https://resend-zone-cross.ngrok-free.dev/monitor

✅ Serenity 看板已启动
   手机访问: https://resend-zone-cross.ngrok-free.dev/monitor

✅ Serenity 看板已启动
   手机访问: https://resend-zone-cross.ngrok-free.dev/monitor

✅ Serenity 看板已启动
   手机访问: https://resend-zone-cross.ngrok-free.dev/monitor

✅ Serenity 看板已启动
   手机访问: https://resend-zone-cross.ngrok-free.dev/monitor

✅ Serenity 看板已启动
   手机访问: https://resend-zone-cross.ngrok-free.dev/monitor

✅ Serenity 看板已启动
   手机访问: https://resend-zone-cross.ngrok-free.dev/monitor

✅ Serenity 看板已启动
   手机访问: https://resend-zone-cross.ngrok-free.dev/monitor

✅ Serenity 看板已启动
   手机访问: https://resend-zone-cross.ngrok-free.dev/monitor

✅ Serenity 看板已启动
   手机访问: https://resend-zone-cross.ngrok-free.dev/monitor

✅ Serenity 看板已启动
   手机访问: https://resend-zone-cross.ngrok-free.dev/monitor

✅ Serenity 看板已启动
   手机访问: https://resend-zone-cross.ngrok-free.dev/monitor

✅ Serenity 看板已启动
   手机访问: https://resend-zone-cross.ngrok-free.dev/monitor

✅ Serenity 看板已启动
   手机访问: https://resend-zone-cross.ngrok-free.dev/monitor

✅ Serenity 看板已启动
   手机访问: https://resend-zone-cross.ngrok-free.dev/monitor

✅ Serenity 看板已启动
   手机访问: https://resend-zone-cross.ngrok-free.dev/monitor

✅ Serenity 看板已启动
   手机访问: https://resend-zone-cross.ngrok-free.dev/monitor

✅ Serenity 看板已启动
   手机访问: https://resend-zone-cross.ngrok-free.dev/monitor

✅ Serenity 看板已启动
   手机访问: https://resend-zone-cross.ngrok-free.dev/monitor

✅ Serenity 看板已启动
   手机访问: https://resend-zone-cross.ngrok-free.dev/monitor

✅ Serenity 看板已启动
   手机访问: https://resend-zone-cross.ngrok-free.dev/monitor

✅ Serenity 看板已启动
   手机访问: https://resend-zone-cross.ngrok-free.dev/monitor

✅ Serenity 看板已启动
   手机访问: https://resend-zone-cross.ngrok-free.dev/monitor

✅ Serenity 看板已启动
   手机访问: https://resend-zone-cross.ngrok-free.dev/monitor

✅ Serenity 看板已启动
   手机访问: https://resend-zone-cross.ngrok-free.dev/monitor

✅ Serenity 看板已启动
   手机访问: https://resend-zone-cross.ngrok-free.dev/monitor

✅ Serenity 看板已启动
   手机访问: https://resend-zone-cross.ngrok-free.dev/monitor

✅ Serenity 看板已启动
   手机访问: https://resend-zone-cross.ngrok-free.dev/monitor

✅ Serenity 看板已启动
   手机访问: https://resend-zone-cross.ngrok-free.dev/monitor

✅ Serenity 看板已启动
   手机访问: https://resend-zone-cross.ngrok-free.dev/monitor

✅ Serenity 看板已启动
   手机访问: https://resend-zone-cross.ngrok-free.dev/monitor

✅ Serenity 看板已启动
   手机访问: https://resend-zone-cross.ngrok-free.dev/monitor

✅ Serenity 看板已启动
   手机访问: https://resend-zone-cross.ngrok-free.dev/monitor

✅ Serenity 看板已启动
   手机访问: https://resend-zone-cross.ngrok-free.dev/monitor

✅ Serenity 看板已启动
   手机访问: https://resend-zone-cross.ngrok-free.dev/monitor

✅ Serenity 看板已启动
   手机访问: https://resend-zone-cross.ngrok-free.dev/monitor

✅ Serenity 看板已启动
   手机访问: https://resend-zone-cross.ngrok-free.dev/monitor

✅ Serenity 看板已启动
   手机访问: https://resend-zone-cross.ngrok-free.dev/monitor

✅ Serenity 看板已启动
   手机访问: https://resend-zone-cross.ngrok-free.dev/monitor

✅ Serenity 看板已启动
   手机访问: https://resend-zone-cross.ngrok-free.dev/monitor

✅ Serenity 看板已启动
   手机访问: https://resend-zone-cross.ngrok-free.dev/monitor

✅ Serenity 看板已启动
   手机访问: https://resend-zone-cross.ngrok-free.dev/monitor

✅ Serenity 看板已启动
   手机访问: https://resend-zone-cross.ngrok-free.dev/monitor

✅ Serenity 看板已启动
   手机访问: https://resend-zone-cross.ngrok-free.dev/monitor

✅ Serenity 看板已启动
   手机访问: https://resend-zone-cross.ngrok-free.dev/monitor

✅ Serenity 看板已启动
   手机访问: https://resend-zone-cross.ngrok-free.dev/monitor

✅ Serenity 看板已启动
   手机访问: https://resend-zone-cross.ngrok-free.dev/monitor

✅ Serenity 看板已启动
   手机访问: https://resend-zone-cross.ngrok-free.dev/monitor

✅ Serenity 看板已启动
   手机访问: https://resend-zone-cross.ngrok-free.dev/monitor

✅ Serenity 看板已启动
   手机访问: https://resend-zone-cross.ngrok-free.dev/monitor
[INFO   ] 市场状态: 震荡市 → [内核冻结] 忽略市场体制权重偏移，使用固定权重
[WARNING] ⚠️ 均值回归模式激活 — 负IC因子(动量/量能/技术面)将自动翻转
[INFO   ] 🔧 [MR模式] 因子翻转激活: ['factor', 'moat', 'volume']
[INFO   ] 🔧 [MR模式] 因子翻转激活: ['factor', 'moat', 'volume']
[INFO   ] 🔧 [MR模式] 因子翻转激活: ['factor', 'moat', 'volume']
[INFO   ] 🔧 [MR模式] 因子翻转激活: ['factor', 'moat', 'volume']
[INFO   ] 🔧 [MR模式] 因子翻转激活: ['factor', 'moat', 'volume']
[INFO   ] 🔧 [MR模式] 因子翻转激活: ['factor', 'moat', 'volume']
[INFO   ] 🔧 [MR模式] 因子翻转激活: ['factor', 'moat', 'volume']
[INFO   ] 🔧 [MR模式] 因子翻转激活: ['factor', 'moat', 'volume']
[INFO   ] 🔧 [MR模式] 因子翻转激活: ['factor', 'moat', 'volume']
[INFO   ] 🔧 [MR模式] 因子翻转激活: ['factor', 'moat', 'volume']
[INFO   ] 🔧 [MR模式] 因子翻转激活: ['factor', 'moat', 'volume']
[INFO   ] 🔧 [MR模式] 因子翻转激活: ['factor', 'moat', 'volume']
[INFO   ] 🔧 [MR模式] 因子翻转激活: ['factor', 'moat', 'volume']
[INFO   ] 🔧 [MR模式] 因子翻转激活: ['factor', 'moat', 'volume']
[INFO   ] 🔧 [MR模式] 因子翻转激活: ['factor', 'moat', 'volume']
[INFO   ] 🔧 [MR模式] 因子翻转激活: ['factor', 'moat', 'volume']

✅ Serenity 看板已启动
   手机访问: https://resend-zone-cross.ngrok-free.dev/monitor
[INFO   ] 🔧 [MR模式] 因子翻转激活: ['factor', 'moat', 'volume']
[INFO   ] 🔧 [MR模式] 因子翻转激活: ['factor', 'moat', 'volume']
[INFO   ] 🔧 [MR模式] 因子翻转激活: ['factor', 'moat', 'volume']
[INFO   ] 🔧 [MR模式] 因子翻转激活: ['factor', 'moat', 'volume']
[INFO   ]   🟡 CAUTION_BUY 精筛拦截 光迅科技: 量能确认:缩量0.1x MA20; 动量底线[MR]:动量分85(15-65期望)
[INFO   ]   🟡 CAUTION_BUY 精筛拦截 亨通光电: 量能确认:缩量0.1x MA20; 动量底线[MR]:动量分85(15-65期望)
[INFO   ]   🛡️ 非持仓SELL降级 士兰微: SELL → WATCH (历史胜率仅20%)

✅ Serenity 看板已启动
   手机访问: https://resend-zone-cross.ngrok-free.dev/monitor
[INFO   ]   🛡️ 非持仓SELL降级 兆易创新: SELL → WATCH (历史胜率仅20%)
[INFO   ]   🛡️ 非持仓SELL降级 中国巨石: SELL → WATCH (历史胜率仅20%)
[INFO   ]   🟡 CAUTION_BUY 精筛拦截 大秦铁路: 量能确认:缩量0.0x MA20; 动量底线[MR]:动量分75(15-65期望)
[INFO   ]   🛡️ 非持仓SELL降级 紫光股份: SELL → WATCH (历史胜率仅20%)
[INFO   ]   🟡 CAUTION_BUY 精筛拦截 三花智控: 量能确认:缩量0.0x MA20; 动量底线[MR]:动量分75(15-65期望)

✅ Serenity 看板已启动
   手机访问: https://resend-zone-cross.ngrok-free.dev/monitor
[INFO   ]   🛡️ 非持仓SELL降级 恒立液压: SELL → WATCH (历史胜率仅20%)
2026-07-10 15:30:38,653 [INFO] HTTP Request: GET http://qt.gtimg.cn/q=sz000988,sh600036,sh600141 "HTTP/1.1 200 OK"
2026-07-10 15:30:38,700 [DEBUG] 审计记录写入: 49d80cc5a5654b4b 002281 CAUTION_BUY score=64

✅ Serenity 看板已启动
   手机访问: https://resend-zone-cross.ngrok-free.dev/monitor
2026-07-10 15:30:44,765 [INFO] HTTP Request: GET http://qt.gtimg.cn/q=sz000988,sh600036,sh600141 "HTTP/1.1 200 OK"
2026-07-10 15:30:44,798 [DEBUG] 审计记录写入: 40d2bf3dc0744bef 000988 BUY score=67
2026-07-10 15:30:51,197 [INFO] HTTP Request: GET http://qt.gtimg.cn/q=sz000988,sh600036,sh600141 "HTTP/1.1 200 OK"
2026-07-10 15:30:51,231 [DEBUG] 审计记录写入: 26fe816fcc35413e 600141 HOLD score=58

✅ Serenity 看板已启动
   手机访问: https://resend-zone-cross.ngrok-free.dev/monitor
2026-07-10 15:30:57,575 [INFO] HTTP Request: GET http://qt.gtimg.cn/q=sz000988,sh600036,sh600141 "HTTP/1.1 200 OK"
2026-07-10 15:30:57,604 [DEBUG] 审计记录写入: 158400fbb2644ef9 603083 CAUTION_BUY score=60

✅ Serenity 看板已启动
   手机访问: https://resend-zone-cross.ngrok-free.dev/monitor
2026-07-10 15:31:04,283 [INFO] HTTP Request: GET http://qt.gtimg.cn/q=sz000988,sh600036,sh600141 "HTTP/1.1 200 OK"
2026-07-10 15:31:04,314 [DEBUG] 审计记录写入: 53f0197fd37548b5 600487 CAUTION_BUY score=64
2026-07-10 15:31:10,398 [INFO] HTTP Request: GET http://qt.gtimg.cn/q=sz000988,sh600036,sh600141 "HTTP/1.1 200 OK"
2026-07-10 15:31:10,420 [DEBUG] 审计记录写入: be4553b791ee4db0 002428 HOLD score=58

✅ Serenity 看板已启动
   手机访问: https://resend-zone-cross.ngrok-free.dev/monitor
2026-07-10 15:31:16,733 [INFO] HTTP Request: GET http://qt.gtimg.cn/q=sz000988,sh600036,sh600141 "HTTP/1.1 200 OK"
2026-07-10 15:31:16,765 [DEBUG] 审计记录写入: d9c11b813a7c4303 600460 SELL score=40

✅ Serenity 看板已启动
   手机访问: https://resend-zone-cross.ngrok-free.dev/monitor
2026-07-10 15:31:23,359 [INFO] HTTP Request: GET http://qt.gtimg.cn/q=sz000988,sh600036,sh600141 "HTTP/1.1 200 OK"
2026-07-10 15:31:23,385 [DEBUG] 审计记录写入: 20ba0ce58d3b47eb 603986 SELL score=44
2026-07-10 15:31:31,726 [INFO] HTTP Request: GET http://qt.gtimg.cn/q=sz000988,sh600036,sh600141 "HTTP/1.1 200 OK"
2026-07-10 15:31:31,759 [DEBUG] 审计记录写入: cd229cbcde3b4f06 600176 SELL score=39

✅ Serenity 看板已启动
   手机访问: https://resend-zone-cross.ngrok-free.dev/monitor
2026-07-10 15:31:37,413 [INFO] HTTP Request: GET http://qt.gtimg.cn/q=sz000988,sh600036,sh600141 "HTTP/1.1 200 OK"
2026-07-10 15:31:37,443 [DEBUG] 审计记录写入: b7bb5c0265b34e0a 600036 BUY score=70

✅ Serenity 看板已启动
   手机访问: https://resend-zone-cross.ngrok-free.dev/monitor
2026-07-10 15:31:43,708 [INFO] HTTP Request: GET http://qt.gtimg.cn/q=sz000988,sh600036,sh600141 "HTTP/1.1 200 OK"
2026-07-10 15:31:43,739 [DEBUG] 审计记录写入: ece9ae08efcf4712 600585 CAUTION_BUY score=63
2026-07-10 15:31:49,971 [INFO] HTTP Request: GET http://qt.gtimg.cn/q=sz000988,sh600036,sh600141 "HTTP/1.1 200 OK"
2026-07-10 15:31:50,001 [DEBUG] 审计记录写入: 7f37812a12ec45c9 600900 CAUTION_BUY score=60

✅ Serenity 看板已启动
   手机访问: https://resend-zone-cross.ngrok-free.dev/monitor
2026-07-10 15:31:56,072 [INFO] HTTP Request: GET http://qt.gtimg.cn/q=sz000988,sh600036,sh600141 "HTTP/1.1 200 OK"
2026-07-10 15:31:56,100 [DEBUG] 审计记录写入: 9cc35f556a604108 601398 CAUTION_BUY score=69
2026-07-10 15:32:02,342 [INFO] HTTP Request: GET http://qt.gtimg.cn/q=sz000988,sh600036,sh600141 "HTTP/1.1 200 OK"
2026-07-10 15:32:02,365 [DEBUG] 审计记录写入: 6e07a609201d4f0e 601006 BUY score=68

✅ Serenity 看板已启动
   手机访问: https://resend-zone-cross.ngrok-free.dev/monitor
2026-07-10 15:32:09,011 [INFO] HTTP Request: GET http://qt.gtimg.cn/q=sz000988,sh600036,sh600141 "HTTP/1.1 200 OK"
2026-07-10 15:32:09,040 [DEBUG] 审计记录写入: 076ac77eade944fc 000938 SELL score=44

✅ Serenity 看板已启动
   手机访问: https://resend-zone-cross.ngrok-free.dev/monitor
2026-07-10 15:32:15,377 [INFO] HTTP Request: GET http://qt.gtimg.cn/q=sz000988,sh600036,sh600141 "HTTP/1.1 200 OK"
2026-07-10 15:32:15,409 [DEBUG] 审计记录写入: 295afb02984448b9 601689 HOLD score=59
2026-07-10 15:32:21,941 [INFO] HTTP Request: GET http://qt.gtimg.cn/q=sz000988,sh600036,sh600141 "HTTP/1.1 200 OK"
2026-07-10 15:32:21,970 [DEBUG] 审计记录写入: fdf2236b43514f67 002050 CAUTION_BUY score=62

✅ Serenity 看板已启动
   手机访问: https://resend-zone-cross.ngrok-free.dev/monitor
2026-07-10 15:32:28,232 [INFO] HTTP Request: GET http://qt.gtimg.cn/q=sz000988,sh600036,sh600141 "HTTP/1.1 200 OK"
2026-07-10 15:32:28,257 [DEBUG] 审计记录写入: d63c0e14bd5e4e54 601100 SELL score=42
2026-07-10 15:32:34,612 [INFO] HTTP Request: GET http://qt.gtimg.cn/q=sz000988,sh600036,sh600141 "HTTP/1.1 200 OK"
2026-07-10 15:32:34,642 [DEBUG] 审计记录写入: 8373c2751dbb41c6 600580 HOLD score=51

✅ Serenity 看板已启动
   手机访问: https://resend-zone-cross.ngrok-free.dev/monitor
2026-07-10 15:32:41,578 [INFO] HTTP Request: GET http://qt.gtimg.cn/q=sz000988,sh600036,sh600141 "HTTP/1.1 200 OK"
2026-07-10 15:32:41,600 [DEBUG] 审计记录写入: 069870e47bde4ff7 002896 WATCH score=48
2026-07-10 15:32:44,467 [INFO] AI解读降级到模板: 招商银行
2026-07-10 15:32:44,467 [INFO] AI解读降级到模板: 华工科技
2026-07-10 15:32:44,467 [INFO] AI解读降级到模板: 兴发集团
2026-07-10 15:32:44,468 [INFO] AI解读降级到模板: 紫光股份
2026-07-10 15:32:44,468 [INFO] AI解读降级到模板: 长江电力
2026-07-10 15:32:44,468 [INFO] AI解读降级到模板: 工商银行
2026-07-10 15:32:45,376 [INFO] HTTP Request: GET http://qt.gtimg.cn/q=sz002281,sz000988,sh600141,sh603083,sh600487,sz002428,sh600460,sh603986,sh600176,sh600036,sh600585,sh600900,sh601398,sh601006,sz000938,sh601689,sz002050,sh601100,sh600580,sz002896 "HTTP/1.1 200 OK"
[INFO   ] 🔧 [MR模式] 因子翻转激活: ['factor', 'moat', 'volume']
2026-07-10 15:32:45,564 [INFO] 🔧 [MR模式] 因子翻转激活: ['factor', 'moat', 'volume']
[INFO   ] 🔧 [MR模式] 因子翻转激活: ['factor', 'moat', 'volume']
2026-07-10 15:32:45,712 [INFO] 🔧 [MR模式] 因子翻转激活: ['factor', 'moat', 'volume']
[INFO   ] 🔧 [MR模式] 因子翻转激活: ['factor', 'moat', 'volume']
2026-07-10 15:32:45,859 [INFO] 🔧 [MR模式] 因子翻转激活: ['factor', 'moat', 'volume']

✅ Serenity 看板已启动
   手机访问: https://resend-zone-cross.ngrok-free.dev/monitor
[INFO   ] 🔧 [MR模式] 因子翻转激活: ['factor', 'moat', 'volume']
2026-07-10 15:32:46,008 [INFO] 🔧 [MR模式] 因子翻转激活: ['factor', 'moat', 'volume']
[INFO   ] 🔧 [MR模式] 因子翻转激活: ['factor', 'moat', 'volume']
2026-07-10 15:32:46,157 [INFO] 🔧 [MR模式] 因子翻转激活: ['factor', 'moat', 'volume']
[INFO   ] 🔧 [MR模式] 因子翻转激活: ['factor', 'moat', 'volume']
2026-07-10 15:32:46,355 [INFO] 🔧 [MR模式] 因子翻转激活: ['factor', 'moat', 'volume']
[INFO   ] 🔧 [MR模式] 因子翻转激活: ['factor', 'moat', 'volume']
2026-07-10 15:32:46,504 [INFO] 🔧 [MR模式] 因子翻转激活: ['factor', 'moat', 'volume']
[INFO   ] 🔧 [MR模式] 因子翻转激活: ['factor', 'moat', 'volume']
2026-07-10 15:32:46,652 [INFO] 🔧 [MR模式] 因子翻转激活: ['factor', 'moat', 'volume']
[INFO   ] 🔧 [MR模式] 因子翻转激活: ['factor', 'moat', 'volume']
2026-07-10 15:32:46,802 [INFO] 🔧 [MR模式] 因子翻转激活: ['factor', 'moat', 'volume']
[INFO   ] 🔧 [MR模式] 因子翻转激活: ['factor', 'moat', 'volume']
2026-07-10 15:32:46,951 [INFO] 🔧 [MR模式] 因子翻转激活: ['factor', 'moat', 'volume']
[INFO   ] 🔧 [MR模式] 因子翻转激活: ['factor', 'moat', 'volume']
2026-07-10 15:32:47,100 [INFO] 🔧 [MR模式] 因子翻转激活: ['factor', 'moat', 'volume']
[INFO   ] 🔧 [MR模式] 因子翻转激活: ['factor', 'moat', 'volume']
2026-07-10 15:32:47,249 [INFO] 🔧 [MR模式] 因子翻转激活: ['factor', 'moat', 'volume']
[INFO   ] 🔧 [MR模式] 因子翻转激活: ['factor', 'moat', 'volume']
2026-07-10 15:32:47,445 [INFO] 🔧 [MR模式] 因子翻转激活: ['factor', 'moat', 'volume']
[INFO   ] 🔧 [MR模式] 因子翻转激活: ['factor', 'moat', 'volume']
2026-07-10 15:32:47,595 [INFO] 🔧 [MR模式] 因子翻转激活: ['factor', 'moat', 'volume']
[INFO   ] 🔧 [MR模式] 因子翻转激活: ['factor', 'moat', 'volume']
2026-07-10 15:32:47,744 [INFO] 🔧 [MR模式] 因子翻转激活: ['factor', 'moat', 'volume']
[INFO   ] 🔧 [MR模式] 因子翻转激活: ['factor', 'moat', 'volume']
2026-07-10 15:32:47,893 [INFO] 🔧 [MR模式] 因子翻转激活: ['factor', 'moat', 'volume']
[INFO   ] 🔧 [MR模式] 因子翻转激活: ['factor', 'moat', 'volume']
2026-07-10 15:32:48,041 [INFO] 🔧 [MR模式] 因子翻转激活: ['factor', 'moat', 'volume']
[INFO   ] 🔧 [MR模式] 因子翻转激活: ['factor', 'moat', 'volume']
2026-07-10 15:32:48,189 [INFO] 🔧 [MR模式] 因子翻转激活: ['factor', 'moat', 'volume']
[INFO   ] 🔧 [MR模式] 因子翻转激活: ['factor', 'moat', 'volume']
2026-07-10 15:32:48,337 [INFO] 🔧 [MR模式] 因子翻转激活: ['factor', 'moat', 'volume']
[INFO   ] 🔧 [MR模式] 因子翻转激活: ['factor', 'moat', 'volume']
2026-07-10 15:32:48,487 [INFO] 🔧 [MR模式] 因子翻转激活: ['factor', 'moat', 'volume']
2026-07-10 15:32:49,462 [INFO] HTTP Request: GET http://qt.gtimg.cn/q=sz002281,sz000988,sh600141,sh603083,sh600487,sz002428,sh600460,sh603986,sh600176,sh600036,sh600585,sh600900,sh601398,sh601006,sz000938,sh601689,sz002050,sh601100,sh600580,sz002896 "HTTP/1.1 200 OK"
2026-07-10 15:32:50,427 [INFO] HTTP Request: GET http://qt.gtimg.cn/q=sz000988,sh600036,sh600141 "HTTP/1.1 200 OK"
[INFO   ]   🟡 CAUTION_BUY 精筛拦截 光迅科技: 量能确认:缩量0.1x MA20; 动量底线[MR]:动量分85(15-65期望)
2026-07-10 15:32:50,458 [INFO]   🟡 CAUTION_BUY 精筛拦截 光迅科技: 量能确认:缩量0.1x MA20; 动量底线[MR]:动量分85(15-65期望)
2026-07-10 15:32:51,416 [INFO] HTTP Request: GET http://qt.gtimg.cn/q=sz000988,sh600036,sh600141 "HTTP/1.1 200 OK"
2026-07-10 15:32:52,390 [INFO] HTTP Request: GET http://qt.gtimg.cn/q=sz000988,sh600036,sh600141 "HTTP/1.1 200 OK"
2026-07-10 15:32:53,646 [INFO] HTTP Request: GET http://qt.gtimg.cn/q=sz000988,sh600036,sh600141 "HTTP/1.1 200 OK"
2026-07-10 15:32:54,677 [INFO] HTTP Request: GET http://qt.gtimg.cn/q=sz000988,sh600036,sh600141 "HTTP/1.1 200 OK"
[INFO   ]   🟡 CAUTION_BUY 精筛拦截 亨通光电: 量能确认:缩量0.1x MA20; 动量底线[MR]:动量分85(15-65期望)
2026-07-10 15:32:54,707 [INFO]   🟡 CAUTION_BUY 精筛拦截 亨通光电: 量能确认:缩量0.1x MA20; 动量底线[MR]:动量分85(15-65期望)
2026-07-10 15:32:55,740 [INFO] HTTP Request: GET http://qt.gtimg.cn/q=sz000988,sh600036,sh600141 "HTTP/1.1 200 OK"

✅ Serenity 看板已启动
   手机访问: https://resend-zone-cross.ngrok-free.dev/monitor
2026-07-10 15:32:56,690 [INFO] HTTP Request: GET http://qt.gtimg.cn/q=sz000988,sh600036,sh600141 "HTTP/1.1 200 OK"
[INFO   ]   🛡️ 非持仓SELL降级 士兰微: SELL → WATCH (历史胜率仅20%)
2026-07-10 15:32:56,720 [INFO]   🛡️ 非持仓SELL降级 士兰微: SELL → WATCH (历史胜率仅20%)
2026-07-10 15:32:57,672 [INFO] HTTP Request: GET http://qt.gtimg.cn/q=sz000988,sh600036,sh600141 "HTTP/1.1 200 OK"
[INFO   ]   🛡️ 非持仓SELL降级 兆易创新: SELL → WATCH (历史胜率仅20%)
2026-07-10 15:32:57,701 [INFO]   🛡️ 非持仓SELL降级 兆易创新: SELL → WATCH (历史胜率仅20%)
2026-07-10 15:32:58,646 [INFO] HTTP Request: GET http://qt.gtimg.cn/q=sz000988,sh600036,sh600141 "HTTP/1.1 200 OK"
[INFO   ]   🛡️ 非持仓SELL降级 中国巨石: SELL → WATCH (历史胜率仅20%)
2026-07-10 15:32:58,677 [INFO]   🛡️ 非持仓SELL降级 中国巨石: SELL → WATCH (历史胜率仅20%)
2026-07-10 15:32:59,635 [INFO] HTTP Request: GET http://qt.gtimg.cn/q=sz000988,sh600036,sh600141 "HTTP/1.1 200 OK"
2026-07-10 15:33:00,693 [INFO] HTTP Request: GET http://qt.gtimg.cn/q=sz000988,sh600036,sh600141 "HTTP/1.1 200 OK"
2026-07-10 15:33:01,679 [INFO] HTTP Request: GET http://qt.gtimg.cn/q=sz000988,sh600036,sh600141 "HTTP/1.1 200 OK"
2026-07-10 15:33:02,676 [INFO] HTTP Request: GET http://qt.gtimg.cn/q=sz000988,sh600036,sh600141 "HTTP/1.1 200 OK"
2026-07-10 15:33:03,643 [INFO] HTTP Request: GET http://qt.gtimg.cn/q=sz000988,sh600036,sh600141 "HTTP/1.1 200 OK"
[INFO   ]   🟡 CAUTION_BUY 精筛拦截 大秦铁路: 量能确认:缩量0.0x MA20; 动量底线[MR]:动量分75(15-65期望)
2026-07-10 15:33:03,676 [INFO]   🟡 CAUTION_BUY 精筛拦截 大秦铁路: 量能确认:缩量0.0x MA20; 动量底线[MR]:动量分75(15-65期望)
2026-07-10 15:33:04,604 [INFO] HTTP Request: GET http://qt.gtimg.cn/q=sz000988,sh600036,sh600141 "HTTP/1.1 200 OK"
[INFO   ]   🛡️ 非持仓SELL降级 紫光股份: SELL → WATCH (历史胜率仅20%)
2026-07-10 15:33:04,631 [INFO]   🛡️ 非持仓SELL降级 紫光股份: SELL → WATCH (历史胜率仅20%)
2026-07-10 15:33:05,565 [INFO] HTTP Request: GET http://qt.gtimg.cn/q=sz000988,sh600036,sh600141 "HTTP/1.1 200 OK"
2026-07-10 15:33:06,754 [INFO] HTTP Request: GET http://qt.gtimg.cn/q=sz000988,sh600036,sh600141 "HTTP/1.1 200 OK"
[INFO   ]   🟡 CAUTION_BUY 精筛拦截 三花智控: 量能确认:缩量0.0x MA20; 动量底线[MR]:动量分75(15-65期望)
2026-07-10 15:33:06,782 [INFO]   🟡 CAUTION_BUY 精筛拦截 三花智控: 量能确认:缩量0.0x MA20; 动量底线[MR]:动量分75(15-65期望)

✅ Serenity 看板已启动
   手机访问: https://resend-zone-cross.ngrok-free.dev/monitor
2026-07-10 15:33:07,726 [INFO] HTTP Request: GET http://qt.gtimg.cn/q=sz000988,sh600036,sh600141 "HTTP/1.1 200 OK"
[INFO   ]   🛡️ 非持仓SELL降级 恒立液压: SELL → WATCH (历史胜率仅20%)
2026-07-10 15:33:07,752 [INFO]   🛡️ 非持仓SELL降级 恒立液压: SELL → WATCH (历史胜率仅20%)
2026-07-10 15:33:08,707 [INFO] HTTP Request: GET http://qt.gtimg.cn/q=sz000988,sh600036,sh600141 "HTTP/1.1 200 OK"
2026-07-10 15:33:09,723 [INFO] HTTP Request: GET http://qt.gtimg.cn/q=sz000988,sh600036,sh600141 "HTTP/1.1 200 OK"
2026-07-10 15:33:15,605 [INFO] HTTP Request: GET http://qt.gtimg.cn/q=sz000988,sh600036,sh600141 "HTTP/1.1 200 OK"
2026-07-10 15:33:15,644 [DEBUG] 审计记录写入: a9f568dca0d34769 002281 CAUTION_BUY score=64

✅ Serenity 看板已启动
   手机访问: https://resend-zone-cross.ngrok-free.dev/monitor
2026-07-10 15:33:22,115 [INFO] HTTP Request: GET http://qt.gtimg.cn/q=sz000988,sh600036,sh600141 "HTTP/1.1 200 OK"
2026-07-10 15:33:22,146 [DEBUG] 审计记录写入: 1e5f3eb17c2c4205 000988 BUY score=67

✅ Serenity 看板已启动
   手机访问: https://resend-zone-cross.ngrok-free.dev/monitor
2026-07-10 15:33:28,113 [INFO] HTTP Request: GET http://qt.gtimg.cn/q=sz000988,sh600036,sh600141 "HTTP/1.1 200 OK"
2026-07-10 15:33:28,145 [DEBUG] 审计记录写入: 205c08af85e84fcb 600141 HOLD score=58
2026-07-10 15:33:34,713 [INFO] HTTP Request: GET http://qt.gtimg.cn/q=sz000988,sh600036,sh600141 "HTTP/1.1 200 OK"
2026-07-10 15:33:34,745 [DEBUG] 审计记录写入: 0bef1ba7ce644a65 603083 CAUTION_BUY score=60

✅ Serenity 看板已启动
   手机访问: https://resend-zone-cross.ngrok-free.dev/monitor
2026-07-10 15:33:41,150 [INFO] HTTP Request: GET http://qt.gtimg.cn/q=sz000988,sh600036,sh600141 "HTTP/1.1 200 OK"
2026-07-10 15:33:41,181 [DEBUG] 审计记录写入: b27e084c66ef498d 600487 CAUTION_BUY score=64
2026-07-10 15:33:47,657 [INFO] HTTP Request: GET http://qt.gtimg.cn/q=sz000988,sh600036,sh600141 "HTTP/1.1 200 OK"
2026-07-10 15:33:47,689 [DEBUG] 审计记录写入: 1a6b5fd5c5714089 002428 HOLD score=58

✅ Serenity 看板已启动
   手机访问: https://resend-zone-cross.ngrok-free.dev/monitor
2026-07-10 15:33:53,887 [INFO] HTTP Request: GET http://qt.gtimg.cn/q=sz000988,sh600036,sh600141 "HTTP/1.1 200 OK"
2026-07-10 15:33:53,920 [DEBUG] 审计记录写入: 3e07006487be4990 600460 SELL score=40

✅ Serenity 看板已启动
   手机访问: https://resend-zone-cross.ngrok-free.dev/monitor
2026-07-10 15:34:00,499 [INFO] HTTP Request: GET http://qt.gtimg.cn/q=sz000988,sh600036,sh600141 "HTTP/1.1 200 OK"
2026-07-10 15:34:00,529 [DEBUG] 审计记录写入: 7be96fb6b2eb47fc 603986 SELL score=44
2026-07-10 15:34:06,471 [INFO] HTTP Request: GET http://qt.gtimg.cn/q=sz000988,sh600036,sh600141 "HTTP/1.1 200 OK"
2026-07-10 15:34:06,504 [DEBUG] 审计记录写入: 059e606547db4b77 600176 SELL score=39

✅ Serenity 看板已启动
   手机访问: https://resend-zone-cross.ngrok-free.dev/monitor
2026-07-10 15:34:12,796 [INFO] HTTP Request: GET http://qt.gtimg.cn/q=sz000988,sh600036,sh600141 "HTTP/1.1 200 OK"
2026-07-10 15:34:12,829 [DEBUG] 审计记录写入: 3a7a752094eb4c85 600036 BUY score=70
2026-07-10 15:34:19,403 [INFO] HTTP Request: GET http://qt.gtimg.cn/q=sz000988,sh600036,sh600141 "HTTP/1.1 200 OK"
2026-07-10 15:34:19,435 [DEBUG] 审计记录写入: ac467b1f9f284796 600585 CAUTION_BUY score=63

✅ Serenity 看板已启动
   手机访问: https://resend-zone-cross.ngrok-free.dev/monitor
2026-07-10 15:34:25,487 [INFO] HTTP Request: GET http://qt.gtimg.cn/q=sz000988,sh600036,sh600141 "HTTP/1.1 200 OK"
2026-07-10 15:34:25,517 [DEBUG] 审计记录写入: f5d707c794da4414 600900 CAUTION_BUY score=60

✅ Serenity 看板已启动
   手机访问: https://resend-zone-cross.ngrok-free.dev/monitor
2026-07-10 15:34:31,499 [INFO] HTTP Request: GET http://qt.gtimg.cn/q=sz000988,sh600036,sh600141 "HTTP/1.1 200 OK"
2026-07-10 15:34:31,532 [DEBUG] 审计记录写入: 8b016bf9670f4966 601398 CAUTION_BUY score=69
2026-07-10 15:34:37,617 [INFO] HTTP Request: GET http://qt.gtimg.cn/q=sz000988,sh600036,sh600141 "HTTP/1.1 200 OK"
2026-07-10 15:34:37,643 [DEBUG] 审计记录写入: 6cbf15c5232b4784 601006 BUY score=68

✅ Serenity 看板已启动
   手机访问: https://resend-zone-cross.ngrok-free.dev/monitor
2026-07-10 15:34:43,990 [INFO] HTTP Request: GET http://qt.gtimg.cn/q=sz000988,sh600036,sh600141 "HTTP/1.1 200 OK"
2026-07-10 15:34:44,023 [DEBUG] 审计记录写入: 90caab179edd42db 000938 SELL score=44
2026-07-10 15:34:50,517 [INFO] HTTP Request: GET http://qt.gtimg.cn/q=sz000988,sh600036,sh600141 "HTTP/1.1 200 OK"
2026-07-10 15:34:50,545 [DEBUG] 审计记录写入: 1edf959a2bf7404f 601689 HOLD score=59

✅ Serenity 看板已启动
   手机访问: https://resend-zone-cross.ngrok-free.dev/monitor
2026-07-10 15:34:56,628 [INFO] HTTP Request: GET http://qt.gtimg.cn/q=sz000988,sh600036,sh600141 "HTTP/1.1 200 OK"
2026-07-10 15:34:56,657 [DEBUG] 审计记录写入: d1376f84cfff48da 002050 CAUTION_BUY score=62

✅ Serenity 看板已启动
   手机访问: https://resend-zone-cross.ngrok-free.dev/monitor
2026-07-10 15:35:03,148 [INFO] HTTP Request: GET http://qt.gtimg.cn/q=sz000988,sh600036,sh600141 "HTTP/1.1 200 OK"
2026-07-10 15:35:03,177 [DEBUG] 审计记录写入: f21ba66ad2af43c2 601100 SELL score=42
2026-07-10 15:35:10,014 [INFO] HTTP Request: GET http://qt.gtimg.cn/q=sz000988,sh600036,sh600141 "HTTP/1.1 200 OK"
2026-07-10 15:35:10,037 [DEBUG] 审计记录写入: 7498847a4fed42e8 600580 HOLD score=51

✅ Serenity 看板已启动
   手机访问: https://resend-zone-cross.ngrok-free.dev/monitor
2026-07-10 15:35:16,701 [INFO] HTTP Request: GET http://qt.gtimg.cn/q=sz000988,sh600036,sh600141 "HTTP/1.1 200 OK"
2026-07-10 15:35:16,726 [DEBUG] 审计记录写入: 7739b569f7404b2d 002896 WATCH score=48
2026-07-10 15:35:20,182 [INFO] HTTP Request: GET http://qt.gtimg.cn/q=sz002281,sz000988,sh600141,sh603083,sh600487,sz002428,sh600460,sh603986,sh600176,sh600036,sh600585,sh600900,sh601398,sh601006,sz000938,sh601689,sz002050,sh601100,sh600580,sz002896 "HTTP/1.1 200 OK"
[INFO   ] 🔧 [MR模式] 因子翻转激活: ['factor', 'moat', 'volume']
2026-07-10 15:35:20,359 [INFO] 🔧 [MR模式] 因子翻转激活: ['factor', 'moat', 'volume']
[INFO   ] 🔧 [MR模式] 因子翻转激活: ['factor', 'moat', 'volume']
2026-07-10 15:35:20,512 [INFO] 🔧 [MR模式] 因子翻转激活: ['factor', 'moat', 'volume']
[INFO   ] 🔧 [MR模式] 因子翻转激活: ['factor', 'moat', 'volume']
2026-07-10 15:35:20,660 [INFO] 🔧 [MR模式] 因子翻转激活: ['factor', 'moat', 'volume']
[INFO   ] 🔧 [MR模式] 因子翻转激活: ['factor', 'moat', 'volume']
2026-07-10 15:35:20,808 [INFO] 🔧 [MR模式] 因子翻转激活: ['factor', 'moat', 'volume']
[INFO   ] 🔧 [MR模式] 因子翻转激活: ['factor', 'moat', 'volume']
2026-07-10 15:35:20,957 [INFO] 🔧 [MR模式] 因子翻转激活: ['factor', 'moat', 'volume']
[INFO   ] 🔧 [MR模式] 因子翻转激活: ['factor', 'moat', 'volume']
2026-07-10 15:35:21,153 [INFO] 🔧 [MR模式] 因子翻转激活: ['factor', 'moat', 'volume']
[INFO   ] 🔧 [MR模式] 因子翻转激活: ['factor', 'moat', 'volume']
2026-07-10 15:35:21,302 [INFO] 🔧 [MR模式] 因子翻转激活: ['factor', 'moat', 'volume']
[INFO   ] 🔧 [MR模式] 因子翻转激活: ['factor', 'moat', 'volume']
2026-07-10 15:35:21,452 [INFO] 🔧 [MR模式] 因子翻转激活: ['factor', 'moat', 'volume']
[INFO   ] 🔧 [MR模式] 因子翻转激活: ['factor', 'moat', 'volume']
2026-07-10 15:35:21,602 [INFO] 🔧 [MR模式] 因子翻转激活: ['factor', 'moat', 'volume']
[INFO   ] 🔧 [MR模式] 因子翻转激活: ['factor', 'moat', 'volume']
2026-07-10 15:35:21,750 [INFO] 🔧 [MR模式] 因子翻转激活: ['factor', 'moat', 'volume']
[INFO   ] 🔧 [MR模式] 因子翻转激活: ['factor', 'moat', 'volume']
2026-07-10 15:35:21,900 [INFO] 🔧 [MR模式] 因子翻转激活: ['factor', 'moat', 'volume']
[INFO   ] 🔧 [MR模式] 因子翻转激活: ['factor', 'moat', 'volume']
2026-07-10 15:35:22,047 [INFO] 🔧 [MR模式] 因子翻转激活: ['factor', 'moat', 'volume']
[INFO   ] 🔧 [MR模式] 因子翻转激活: ['factor', 'moat', 'volume']
2026-07-10 15:35:22,201 [INFO] 🔧 [MR模式] 因子翻转激活: ['factor', 'moat', 'volume']
[INFO   ] 🔧 [MR模式] 因子翻转激活: ['factor', 'moat', 'volume']
2026-07-10 15:35:22,396 [INFO] 🔧 [MR模式] 因子翻转激活: ['factor', 'moat', 'volume']
[INFO   ] 🔧 [MR模式] 因子翻转激活: ['factor', 'moat', 'volume']
2026-07-10 15:35:22,547 [INFO] 🔧 [MR模式] 因子翻转激活: ['factor', 'moat', 'volume']
[INFO   ] 🔧 [MR模式] 因子翻转激活: ['factor', 'moat', 'volume']
2026-07-10 15:35:22,695 [INFO] 🔧 [MR模式] 因子翻转激活: ['factor', 'moat', 'volume']
[INFO   ] 🔧 [MR模式] 因子翻转激活: ['factor', 'moat', 'volume']
2026-07-10 15:35:22,847 [INFO] 🔧 [MR模式] 因子翻转激活: ['factor', 'moat', 'volume']
[INFO   ] 🔧 [MR模式] 因子翻转激活: ['factor', 'moat', 'volume']
2026-07-10 15:35:22,994 [INFO] 🔧 [MR模式] 因子翻转激活: ['factor', 'moat', 'volume']

✅ Serenity 看板已启动
   手机访问: https://resend-zone-cross.ngrok-free.dev/monitor
[INFO   ] 🔧 [MR模式] 因子翻转激活: ['factor', 'moat', 'volume']
2026-07-10 15:35:23,144 [INFO] 🔧 [MR模式] 因子翻转激活: ['factor', 'moat', 'volume']
[INFO   ] 🔧 [MR模式] 因子翻转激活: ['factor', 'moat', 'volume']
2026-07-10 15:35:23,293 [INFO] 🔧 [MR模式] 因子翻转激活: ['factor', 'moat', 'volume']
2026-07-10 15:35:24,472 [INFO] HTTP Request: GET http://qt.gtimg.cn/q=sz002281,sz000988,sh600141,sh603083,sh600487,sz002428,sh600460,sh603986,sh600176,sh600036,sh600585,sh600900,sh601398,sh601006,sz000938,sh601689,sz002050,sh601100,sh600580,sz002896 "HTTP/1.1 200 OK"
2026-07-10 15:35:25,508 [INFO] HTTP Request: GET http://qt.gtimg.cn/q=sz000988,sh600036,sh600141 "HTTP/1.1 200 OK"
[INFO   ]   🟡 CAUTION_BUY 精筛拦截 光迅科技: 量能确认:缩量0.1x MA20; 动量底线[MR]:动量分85(15-65期望)
2026-07-10 15:35:25,539 [INFO]   🟡 CAUTION_BUY 精筛拦截 光迅科技: 量能确认:缩量0.1x MA20; 动量底线[MR]:动量分85(15-65期望)
2026-07-10 15:35:26,634 [INFO] HTTP Request: GET http://qt.gtimg.cn/q=sz000988,sh600036,sh600141 "HTTP/1.1 200 OK"
2026-07-10 15:35:27,855 [INFO] HTTP Request: GET http://qt.gtimg.cn/q=sz000988,sh600036,sh600141 "HTTP/1.1 200 OK"
2026-07-10 15:35:28,887 [INFO] HTTP Request: GET http://qt.gtimg.cn/q=sz000988,sh600036,sh600141 "HTTP/1.1 200 OK"
2026-07-10 15:35:29,866 [INFO] HTTP Request: GET http://qt.gtimg.cn/q=sz000988,sh600036,sh600141 "HTTP/1.1 200 OK"
[INFO   ]   🟡 CAUTION_BUY 精筛拦截 亨通光电: 量能确认:缩量0.1x MA20; 动量底线[MR]:动量分85(15-65期望)
2026-07-10 15:35:29,895 [INFO]   🟡 CAUTION_BUY 精筛拦截 亨通光电: 量能确认:缩量0.1x MA20; 动量底线[MR]:动量分85(15-65期望)
2026-07-10 15:35:30,858 [INFO] HTTP Request: GET http://qt.gtimg.cn/q=sz000988,sh600036,sh600141 "HTTP/1.1 200 OK"
2026-07-10 15:35:31,861 [INFO] HTTP Request: GET http://qt.gtimg.cn/q=sz000988,sh600036,sh600141 "HTTP/1.1 200 OK"
[INFO   ]   🛡️ 非持仓SELL降级 士兰微: SELL → WATCH (历史胜率仅20%)
2026-07-10 15:35:31,890 [INFO]   🛡️ 非持仓SELL降级 士兰微: SELL → WATCH (历史胜率仅20%)
2026-07-10 15:35:32,860 [INFO] HTTP Request: GET http://qt.gtimg.cn/q=sz000988,sh600036,sh600141 "HTTP/1.1 200 OK"
[INFO   ]   🛡️ 非持仓SELL降级 兆易创新: SELL → WATCH (历史胜率仅20%)
2026-07-10 15:35:32,890 [INFO]   🛡️ 非持仓SELL降级 兆易创新: SELL → WATCH (历史胜率仅20%)

✅ Serenity 看板已启动
   手机访问: https://resend-zone-cross.ngrok-free.dev/monitor
2026-07-10 15:35:33,838 [INFO] HTTP Request: GET http://qt.gtimg.cn/q=sz000988,sh600036,sh600141 "HTTP/1.1 200 OK"
[INFO   ]   🛡️ 非持仓SELL降级 中国巨石: SELL → WATCH (历史胜率仅20%)
2026-07-10 15:35:33,868 [INFO]   🛡️ 非持仓SELL降级 中国巨石: SELL → WATCH (历史胜率仅20%)
2026-07-10 15:35:34,845 [INFO] HTTP Request: GET http://qt.gtimg.cn/q=sz000988,sh600036,sh600141 "HTTP/1.1 200 OK"
2026-07-10 15:35:35,813 [INFO] HTTP Request: GET http://qt.gtimg.cn/q=sz000988,sh600036,sh600141 "HTTP/1.1 200 OK"
2026-07-10 15:35:36,817 [INFO] HTTP Request: GET http://qt.gtimg.cn/q=sz000988,sh600036,sh600141 "HTTP/1.1 200 OK"
2026-07-10 15:35:37,861 [INFO] HTTP Request: GET http://qt.gtimg.cn/q=sz000988,sh600036,sh600141 "HTTP/1.1 200 OK"
2026-07-10 15:35:38,848 [INFO] HTTP Request: GET http://qt.gtimg.cn/q=sz000988,sh600036,sh600141 "HTTP/1.1 200 OK"
[INFO   ]   🟡 CAUTION_BUY 精筛拦截 大秦铁路: 量能确认:缩量0.0x MA20; 动量底线[MR]:动量分75(15-65期望)
2026-07-10 15:35:38,879 [INFO]   🟡 CAUTION_BUY 精筛拦截 大秦铁路: 量能确认:缩量0.0x MA20; 动量底线[MR]:动量分75(15-65期望)
2026-07-10 15:35:39,901 [INFO] HTTP Request: GET http://qt.gtimg.cn/q=sz000988,sh600036,sh600141 "HTTP/1.1 200 OK"
[INFO   ]   🛡️ 非持仓SELL降级 紫光股份: SELL → WATCH (历史胜率仅20%)
2026-07-10 15:35:40,020 [INFO]   🛡️ 非持仓SELL降级 紫光股份: SELL → WATCH (历史胜率仅20%)
2026-07-10 15:35:41,073 [INFO] HTTP Request: GET http://qt.gtimg.cn/q=sz000988,sh600036,sh600141 "HTTP/1.1 200 OK"
2026-07-10 15:35:42,170 [INFO] HTTP Request: GET http://qt.gtimg.cn/q=sz000988,sh600036,sh600141 "HTTP/1.1 200 OK"
[INFO   ]   🟡 CAUTION_BUY 精筛拦截 三花智控: 量能确认:缩量0.0x MA20; 动量底线[MR]:动量分75(15-65期望)
2026-07-10 15:35:42,202 [INFO]   🟡 CAUTION_BUY 精筛拦截 三花智控: 量能确认:缩量0.0x MA20; 动量底线[MR]:动量分75(15-65期望)
2026-07-10 15:35:43,146 [INFO] HTTP Request: GET http://qt.gtimg.cn/q=sz000988,sh600036,sh600141 "HTTP/1.1 200 OK"
[INFO   ]   🛡️ 非持仓SELL降级 恒立液压: SELL → WATCH (历史胜率仅20%)
2026-07-10 15:35:43,177 [INFO]   🛡️ 非持仓SELL降级 恒立液压: SELL → WATCH (历史胜率仅20%)

✅ Serenity 看板已启动
   手机访问: https://resend-zone-cross.ngrok-free.dev/monitor
2026-07-10 15:35:44,126 [INFO] HTTP Request: GET http://qt.gtimg.cn/q=sz000988,sh600036,sh600141 "HTTP/1.1 200 OK"
2026-07-10 15:35:45,126 [INFO] HTTP Request: GET http://qt.gtimg.cn/q=sz000988,sh600036,sh600141 "HTTP/1.1 200 OK"
2026-07-10 15:35:50,779 [INFO] HTTP Request: GET http://qt.gtimg.cn/q=sz000988,sh600036,sh600141 "HTTP/1.1 200 OK"
2026-07-10 15:35:50,823 [DEBUG] 审计记录写入: 781acc09e61e47d3 002281 CAUTION_BUY score=64

✅ Serenity 看板已启动
   手机访问: https://resend-zone-cross.ngrok-free.dev/monitor
2026-07-10 15:35:57,044 [INFO] HTTP Request: GET http://qt.gtimg.cn/q=sz000988,sh600036,sh600141 "HTTP/1.1 200 OK"
2026-07-10 15:35:57,076 [DEBUG] 审计记录写入: 3c73baeeaf7d41a2 000988 BUY score=67
2026-07-10 15:36:03,377 [INFO] HTTP Request: GET http://qt.gtimg.cn/q=sz000988,sh600036,sh600141 "HTTP/1.1 200 OK"
2026-07-10 15:36:03,404 [DEBUG] 审计记录写入: d9bbca22cd4646b7 600141 HOLD score=58

✅ Serenity 看板已启动
   手机访问: https://resend-zone-cross.ngrok-free.dev/monitor
2026-07-10 15:36:09,564 [INFO] HTTP Request: GET http://qt.gtimg.cn/q=sz000988,sh600036,sh600141 "HTTP/1.1 200 OK"
2026-07-10 15:36:09,590 [DEBUG] 审计记录写入: 15d04b181856428a 603083 CAUTION_BUY score=60

✅ Serenity 看板已启动
   手机访问: https://resend-zone-cross.ngrok-free.dev/monitor
2026-07-10 15:36:16,153 [INFO] HTTP Request: GET http://qt.gtimg.cn/q=sz000988,sh600036,sh600141 "HTTP/1.1 200 OK"
2026-07-10 15:36:16,183 [DEBUG] 审计记录写入: ef568da7944e470d 600487 CAUTION_BUY score=64
2026-07-10 15:36:22,604 [INFO] HTTP Request: GET http://qt.gtimg.cn/q=sz000988,sh600036,sh600141 "HTTP/1.1 200 OK"
2026-07-10 15:36:22,637 [DEBUG] 审计记录写入: 68de8c615c4a45b8 002428 HOLD score=58

✅ Serenity 看板已启动
   手机访问: https://resend-zone-cross.ngrok-free.dev/monitor
2026-07-10 15:36:29,018 [INFO] HTTP Request: GET http://qt.gtimg.cn/q=sz000988,sh600036,sh600141 "HTTP/1.1 200 OK"
2026-07-10 15:36:29,044 [DEBUG] 审计记录写入: 5896e47900c54bec 600460 SELL score=40
2026-07-10 15:36:35,187 [INFO] HTTP Request: GET http://qt.gtimg.cn/q=sz000988,sh600036,sh600141 "HTTP/1.1 200 OK"
2026-07-10 15:36:35,214 [DEBUG] 审计记录写入: 0cd1f57da9b74324 603986 SELL score=44

✅ Serenity 看板已启动
   手机访问: https://resend-zone-cross.ngrok-free.dev/monitor
2026-07-10 15:36:41,560 [INFO] HTTP Request: GET http://qt.gtimg.cn/q=sz000988,sh600036,sh600141 "HTTP/1.1 200 OK"
2026-07-10 15:36:41,583 [DEBUG] 审计记录写入: 6e919ff14a104be0 600176 SELL score=39

✅ Serenity 看板已启动
   手机访问: https://resend-zone-cross.ngrok-free.dev/monitor
2026-07-10 15:36:48,213 [INFO] HTTP Request: GET http://qt.gtimg.cn/q=sz000988,sh600036,sh600141 "HTTP/1.1 200 OK"
2026-07-10 15:36:48,244 [DEBUG] 审计记录写入: 2bf04229ec18454a 600036 BUY score=70
2026-07-10 15:36:54,668 [INFO] HTTP Request: GET http://qt.gtimg.cn/q=sz000988,sh600036,sh600141 "HTTP/1.1 200 OK"
2026-07-10 15:36:54,689 [DEBUG] 审计记录写入: 1ee97c50a23a4878 600585 CAUTION_BUY score=63

✅ Serenity 看板已启动
   手机访问: https://resend-zone-cross.ngrok-free.dev/monitor
2026-07-10 15:37:00,708 [INFO] HTTP Request: GET http://qt.gtimg.cn/q=sz000988,sh600036,sh600141 "HTTP/1.1 200 OK"
2026-07-10 15:37:00,736 [DEBUG] 审计记录写入: f375604a24254053 600900 CAUTION_BUY score=60
2026-07-10 15:37:07,164 [INFO] HTTP Request: GET http://qt.gtimg.cn/q=sz000988,sh600036,sh600141 "HTTP/1.1 200 OK"
2026-07-10 15:37:07,195 [DEBUG] 审计记录写入: aeac9dd9eab6468d 601398 CAUTION_BUY score=69

✅ Serenity 看板已启动
   手机访问: https://resend-zone-cross.ngrok-free.dev/monitor
2026-07-10 15:37:13,464 [INFO] HTTP Request: GET http://qt.gtimg.cn/q=sz000988,sh600036,sh600141 "HTTP/1.1 200 OK"
2026-07-10 15:37:13,491 [DEBUG] 审计记录写入: 2d566075393442be 601006 BUY score=68

✅ Serenity 看板已启动
   手机访问: https://resend-zone-cross.ngrok-free.dev/monitor
2026-07-10 15:37:19,877 [INFO] HTTP Request: GET http://qt.gtimg.cn/q=sz000988,sh600036,sh600141 "HTTP/1.1 200 OK"
2026-07-10 15:37:19,906 [DEBUG] 审计记录写入: e8901612792841eb 000938 SELL score=44
2026-07-10 15:37:26,326 [INFO] HTTP Request: GET http://qt.gtimg.cn/q=sz000988,sh600036,sh600141 "HTTP/1.1 200 OK"
2026-07-10 15:37:26,357 [DEBUG] 审计记录写入: 87808649cb61467a 601689 HOLD score=59

✅ Serenity 看板已启动
   手机访问: https://resend-zone-cross.ngrok-free.dev/monitor
2026-07-10 15:37:32,619 [INFO] HTTP Request: GET http://qt.gtimg.cn/q=sz000988,sh600036,sh600141 "HTTP/1.1 200 OK"
2026-07-10 15:37:32,647 [DEBUG] 审计记录写入: ed4762064eaa4abb 002050 CAUTION_BUY score=62
2026-07-10 15:37:38,937 [INFO] HTTP Request: GET http://qt.gtimg.cn/q=sz000988,sh600036,sh600141 "HTTP/1.1 200 OK"
2026-07-10 15:37:38,964 [DEBUG] 审计记录写入: e63cad5440634c91 601100 SELL score=42

✅ Serenity 看板已启动
   手机访问: https://resend-zone-cross.ngrok-free.dev/monitor
2026-07-10 15:37:45,387 [INFO] HTTP Request: GET http://qt.gtimg.cn/q=sz000988,sh600036,sh600141 "HTTP/1.1 200 OK"
2026-07-10 15:37:45,411 [DEBUG] 审计记录写入: 4ff748721b46483f 600580 HOLD score=51

✅ Serenity 看板已启动
   手机访问: https://resend-zone-cross.ngrok-free.dev/monitor
2026-07-10 15:37:51,939 [INFO] HTTP Request: GET http://qt.gtimg.cn/q=sz000988,sh600036,sh600141 "HTTP/1.1 200 OK"
2026-07-10 15:37:51,969 [DEBUG] 审计记录写入: 43d3b91d9ffb489f 002896 WATCH score=48
2026-07-10 15:37:55,319 [INFO] HTTP Request: GET http://qt.gtimg.cn/q=sz002281,sz000988,sh600141,sh603083,sh600487,sz002428,sh600460,sh603986,sh600176,sh600036,sh600585,sh600900,sh601398,sh601006,sz000938,sh601689,sz002050,sh601100,sh600580,sz002896 "HTTP/1.1 200 OK"
2026-07-10 15:37:56,280 [INFO] HTTP Request: GET http://qt.gtimg.cn/q=sz000988,sh600036,sh600141 "HTTP/1.1 200 OK"
2026-07-10 15:37:57,273 [INFO] HTTP Request: GET http://qt.gtimg.cn/q=sz000988,sh600036,sh600141 "HTTP/1.1 200 OK"
2026-07-10 15:37:58,261 [INFO] HTTP Request: GET http://qt.gtimg.cn/q=sz000988,sh600036,sh600141 "HTTP/1.1 200 OK"
2026-07-10 15:37:59,216 [INFO] HTTP Request: GET http://qt.gtimg.cn/q=sz000988,sh600036,sh600141 "HTTP/1.1 200 OK"
[INFO   ]   🟡 CAUTION_BUY 精筛拦截 剑桥科技: 量能确认:缩量0.0x MA20; 动量底线[MR]:动量分85(15-65期望)
2026-07-10 15:37:59,242 [INFO]   🟡 CAUTION_BUY 精筛拦截 剑桥科技: 量能确认:缩量0.0x MA20; 动量底线[MR]:动量分85(15-65期望)

✅ Serenity 看板已启动
   手机访问: https://resend-zone-cross.ngrok-free.dev/monitor
2026-07-10 15:38:00,158 [INFO] HTTP Request: GET http://qt.gtimg.cn/q=sz000988,sh600036,sh600141 "HTTP/1.1 200 OK"
[INFO   ]   🟡 CAUTION_BUY 精筛拦截 亨通光电: 量能确认:缩量0.1x MA20; 动量底线[MR]:动量分85(15-65期望)
2026-07-10 15:38:00,184 [INFO]   🟡 CAUTION_BUY 精筛拦截 亨通光电: 量能确认:缩量0.1x MA20; 动量底线[MR]:动量分85(15-65期望)
2026-07-10 15:38:01,084 [INFO] HTTP Request: GET http://qt.gtimg.cn/q=sz000988,sh600036,sh600141 "HTTP/1.1 200 OK"
2026-07-10 15:38:02,080 [INFO] HTTP Request: GET http://qt.gtimg.cn/q=sz000988,sh600036,sh600141 "HTTP/1.1 200 OK"
2026-07-10 15:38:03,022 [INFO] HTTP Request: GET http://qt.gtimg.cn/q=sz000988,sh600036,sh600141 "HTTP/1.1 200 OK"
2026-07-10 15:38:03,971 [INFO] HTTP Request: GET http://qt.gtimg.cn/q=sz000988,sh600036,sh600141 "HTTP/1.1 200 OK"
2026-07-10 15:38:04,899 [INFO] HTTP Request: GET http://qt.gtimg.cn/q=sz000988,sh600036,sh600141 "HTTP/1.1 200 OK"
2026-07-10 15:38:05,864 [INFO] HTTP Request: GET http://qt.gtimg.cn/q=sz000988,sh600036,sh600141 "HTTP/1.1 200 OK"
2026-07-10 15:38:06,819 [INFO] HTTP Request: GET http://qt.gtimg.cn/q=sz000988,sh600036,sh600141 "HTTP/1.1 200 OK"
2026-07-10 15:38:07,792 [INFO] HTTP Request: GET http://qt.gtimg.cn/q=sz000988,sh600036,sh600141 "HTTP/1.1 200 OK"
2026-07-10 15:38:08,796 [INFO] HTTP Request: GET http://qt.gtimg.cn/q=sz000988,sh600036,sh600141 "HTTP/1.1 200 OK"
2026-07-10 15:38:09,726 [INFO] HTTP Request: GET http://qt.gtimg.cn/q=sz000988,sh600036,sh600141 "HTTP/1.1 200 OK"

✅ Serenity 看板已启动
   手机访问: https://resend-zone-cross.ngrok-free.dev/monitor
2026-07-10 15:38:10,739 [INFO] HTTP Request: GET http://qt.gtimg.cn/q=sz000988,sh600036,sh600141 "HTTP/1.1 200 OK"
[INFO   ]   🟡 CAUTION_BUY 精筛拦截 拓普集团: 量能确认:缩量0.0x MA20
2026-07-10 15:38:10,762 [INFO]   🟡 CAUTION_BUY 精筛拦截 拓普集团: 量能确认:缩量0.0x MA20
2026-07-10 15:38:11,703 [INFO] HTTP Request: GET http://qt.gtimg.cn/q=sz000988,sh600036,sh600141 "HTTP/1.1 200 OK"
2026-07-10 15:38:12,665 [INFO] HTTP Request: GET http://qt.gtimg.cn/q=sz000988,sh600036,sh600141 "HTTP/1.1 200 OK"
[INFO   ]   🛡️ 非持仓SELL降级 恒立液压: SELL → WATCH (历史胜率仅20%)
2026-07-10 15:38:12,687 [INFO]   🛡️ 非持仓SELL降级 恒立液压: SELL → WATCH (历史胜率仅20%)
2026-07-10 15:38:13,628 [INFO] HTTP Request: GET http://qt.gtimg.cn/q=sz000988,sh600036,sh600141 "HTTP/1.1 200 OK"
2026-07-10 15:38:14,575 [INFO] HTTP Request: GET http://qt.gtimg.cn/q=sz000988,sh600036,sh600141 "HTTP/1.1 200 OK"
[INFO   ]   🛡️ 非持仓SELL降级 中大力德: SELL → WATCH (历史胜率仅20%)
2026-07-10 15:38:14,594 [INFO]   🛡️ 非持仓SELL降级 中大力德: SELL → WATCH (历史胜率仅20%)
2026-07-10 15:38:14,970 [INFO] ✅ WxPusher 推送成功: 📊 Serenity 收盘简报 | 2026-07-10
2026-07-10 15:38:15,872 [INFO] HTTP Request: GET http://qt.gtimg.cn/q=sz002281,sz000988,sh600141,sh603083,sh600487,sz002428,sh600460,sh603986,sh600176,sh600036,sh600585,sh600900,sh601398,sh601006,sz000938,sh601689,sz002050,sh601100,sh600580,sz002896 "HTTP/1.1 200 OK"
2026-07-10 15:38:16,779 [INFO] HTTP Request: GET http://qt.gtimg.cn/q=sz000988,sh600036,sh600141 "HTTP/1.1 200 OK"
2026-07-10 15:38:17,744 [INFO] HTTP Request: GET http://qt.gtimg.cn/q=sz000988,sh600036,sh600141 "HTTP/1.1 200 OK"
2026-07-10 15:38:18,717 [INFO] HTTP Request: GET http://qt.gtimg.cn/q=sz000988,sh600036,sh600141 "HTTP/1.1 200 OK"
2026-07-10 15:38:19,666 [INFO] HTTP Request: GET http://qt.gtimg.cn/q=sz000988,sh600036,sh600141 "HTTP/1.1 200 OK"
[INFO   ]   🟡 CAUTION_BUY 精筛拦截 剑桥科技: 量能确认:缩量0.0x MA20; 动量底线[MR]:动量分85(15-65期望)
2026-07-10 15:38:19,692 [INFO]   🟡 CAUTION_BUY 精筛拦截 剑桥科技: 量能确认:缩量0.0x MA20; 动量底线[MR]:动量分85(15-65期望)
2026-07-10 15:38:20,640 [INFO] HTTP Request: GET http://qt.gtimg.cn/q=sz000988,sh600036,sh600141 "HTTP/1.1 200 OK"
[INFO   ]   🟡 CAUTION_BUY 精筛拦截 亨通光电: 量能确认:缩量0.1x MA20; 动量底线[MR]:动量分85(15-65期望)
2026-07-10 15:38:20,665 [INFO]   🟡 CAUTION_BUY 精筛拦截 亨通光电: 量能确认:缩量0.1x MA20; 动量底线[MR]:动量分85(15-65期望)

✅ Serenity 看板已启动
   手机访问: https://resend-zone-cross.ngrok-free.dev/monitor
2026-07-10 15:38:21,580 [INFO] HTTP Request: GET http://qt.gtimg.cn/q=sz000988,sh600036,sh600141 "HTTP/1.1 200 OK"
2026-07-10 15:38:22,521 [INFO] HTTP Request: GET http://qt.gtimg.cn/q=sz000988,sh600036,sh600141 "HTTP/1.1 200 OK"
2026-07-10 15:38:25,304 [INFO] HTTP Request: GET http://qt.gtimg.cn/q=sz000988,sh600036,sh600141 "HTTP/1.1 200 OK"
2026-07-10 15:38:26,258 [INFO] HTTP Request: GET http://qt.gtimg.cn/q=sz000988,sh600036,sh600141 "HTTP/1.1 200 OK"
2026-07-10 15:38:27,197 [INFO] HTTP Request: GET http://qt.gtimg.cn/q=sz000988,sh600036,sh600141 "HTTP/1.1 200 OK"
2026-07-10 15:38:28,132 [INFO] HTTP Request: GET http://qt.gtimg.cn/q=sz000988,sh600036,sh600141 "HTTP/1.1 200 OK"
2026-07-10 15:38:29,102 [INFO] HTTP Request: GET http://qt.gtimg.cn/q=sz000988,sh600036,sh600141 "HTTP/1.1 200 OK"
2026-07-10 15:38:30,081 [INFO] HTTP Request: GET http://qt.gtimg.cn/q=sz000988,sh600036,sh600141 "HTTP/1.1 200 OK"
2026-07-10 15:38:31,025 [INFO] HTTP Request: GET http://qt.gtimg.cn/q=sz000988,sh600036,sh600141 "HTTP/1.1 200 OK"

✅ Serenity 看板已启动
   手机访问: https://resend-zone-cross.ngrok-free.dev/monitor
2026-07-10 15:38:31,944 [INFO] HTTP Request: GET http://qt.gtimg.cn/q=sz000988,sh600036,sh600141 "HTTP/1.1 200 OK"
2026-07-10 15:38:32,913 [INFO] HTTP Request: GET http://qt.gtimg.cn/q=sz000988,sh600036,sh600141 "HTTP/1.1 200 OK"
[INFO   ]   🟡 CAUTION_BUY 精筛拦截 拓普集团: 量能确认:缩量0.0x MA20
2026-07-10 15:38:32,930 [INFO]   🟡 CAUTION_BUY 精筛拦截 拓普集团: 量能确认:缩量0.0x MA20
2026-07-10 15:38:33,872 [INFO] HTTP Request: GET http://qt.gtimg.cn/q=sz000988,sh600036,sh600141 "HTTP/1.1 200 OK"
2026-07-10 15:38:34,852 [INFO] HTTP Request: GET http://qt.gtimg.cn/q=sz000988,sh600036,sh600141 "HTTP/1.1 200 OK"
[INFO   ]   🛡️ 非持仓SELL降级 恒立液压: SELL → WATCH (历史胜率仅20%)
2026-07-10 15:38:34,874 [INFO]   🛡️ 非持仓SELL降级 恒立液压: SELL → WATCH (历史胜率仅20%)
2026-07-10 15:38:35,825 [INFO] HTTP Request: GET http://qt.gtimg.cn/q=sz000988,sh600036,sh600141 "HTTP/1.1 200 OK"
2026-07-10 15:38:36,765 [INFO] HTTP Request: GET http://qt.gtimg.cn/q=sz000988,sh600036,sh600141 "HTTP/1.1 200 OK"
[INFO   ]   🛡️ 非持仓SELL降级 中大力德: SELL → WATCH (历史胜率仅20%)
2026-07-10 15:38:36,792 [INFO]   🛡️ 非持仓SELL降级 中大力德: SELL → WATCH (历史胜率仅20%)
2026-07-10 15:38:37,000 [INFO] ✅ WxPusher 推送成功: 📡 Serenity 交易信号 | 2026-07-10
📊 **Serenity Monitor | 2026-07-10 收盘简报**

🏆 **今日评分排名（含Serenity框架匹配度）**
🥇 招商银行 70分 | Serenity匹配 74分 | UZI 28/none | 接近60日低点
🥈 工商银行 69分 | Serenity匹配 74分 | UZI 28/none 陷阱1 | 接近60日低点
🥉 大秦铁路 68分 | Serenity匹配 66分 | UZI 28/none 陷阱1 | 接近60日低点
4. 华工科技 67分 | Serenity匹配 80分 | UZI 67/medium | 买入区 ✓

🧭 **QuantDinger 客观共识（只读闸门）**
  全局 10.7（观察） | 质量 0.85 | 一致 0.95 | 覆盖 20/20
  🔴机会: 大秦铁路 28.4/信68 | 招商银行 26.0/信67 | 工商银行 25.1/信67
  🟢风险: 暂无多周期强降风险标的

📊 **因子信号矩阵**
  🟢最强: 紫光股份(+0.643) | 长江电力(+0.461) | 工商银行(+0.374)
  🔴最弱: 兴发集团(-0.340) | 兆易创新(-0.304) | 亨通光电(-0.291)
  ⭐持仓: 招商银行+0.29 | 华工科技-0.02 | 兴发集团-0.34

⚖️ **动态权重**
  🔴zone-8.7% | 🟢momentum+5.3% | 🟢serenity+3.6% | 🟢factor+3.0% | 🟢moat+2.5% | 🔴volume-1.5% | 🔴technical-1.3%

🧠 **AI因子解读**
**持仓标的**
  - 招商银行因子信号中性(+0.29)。
  - 华工科技因子信号中性(-0.02)。
  - 兴发集团因子信号偏空(-0.34)，今日大跌-5.99%。

**候选关注**
  - 紫光股份因子信号偏多(+0.64)，今日大涨+7.65%。
  - 长江电力因子信号偏多(+0.46)。
  - 工商银行因子信号偏多(+0.37)。

⭐ **当前持仓 (4 只)**

🔴 **华工科技** (000988)
  收盘 158.07 | 今日 -0.58%
  买入 139.40 | 盈亏 +13.39%
  持仓 15807元 → 现 17924元

🟢 **兴发集团** (600141)
  收盘 34.03 | 今日 -5.99%
  买入 34.05 | 盈亏 -0.07%
  持仓 13620元 → 现 13611元

🔴 **招商银行** (600036)
  收盘 36.88 | 今日 +0.90%
  买入 35.80 | 盈亏 +3.03%
  持仓 25795元 → 现 26576元

💡 **操作建议**
- 持仓中，暂无预警触发
- 保持观察等待目标价
⚖️ **权重辩论摘要**
  市场状态: 震荡
  动量         14.3%        持平
  情绪         0.0%        持平
  护城河        20.4%        持平
  🟡 震荡+防御偏好 → 建议仓位≤50%，高抛低吸

📜 **大师智慧信号**
  ⚪ 凯西·伍德: Ark Invest 周三增持约 2,700 万美元 SpaceX 股票 - CryptoRank
  ⚪ 凯西·伍德: SpaceX IPO最大赢家曝光！Ron Baron、木头姐、富达早已重仓马斯克，华尔街或迎史诗级回
  ⚪ 大卫·泰珀: David Tepper一季度：增持Uber、Meta，清仓AMD，减持阿里、微软 - 新浪网
  📊 共 251 条语录 | 13 位大师

🟢💰 **止盈提示**（持仓盈利达标）
  - 华工科技(000988) 当前评分 60


> ⏰ 2026-07-10 15:30 · 数据来源：新浪财经

✅ Serenity 看板已启动
   手机访问: https://resend-zone-cross.ngrok-free.dev/monitor

✅ Serenity 看板已启动
   手机访问: https://resend-zone-cross.ngrok-free.dev/monitor

✅ Serenity 看板已启动
   手机访问: https://resend-zone-cross.ngrok-free.dev/monitor

✅ Serenity 看板已启动
   手机访问: https://resend-zone-cross.ngrok-free.dev/monitor

✅ Serenity 看板已启动
   手机访问: https://resend-zone-cross.ngrok-free.dev/monitor

✅ Serenity 看板已启动
   手机访问: https://resend-zone-cross.ngrok-free.dev/monitor

✅ Serenity 看板已启动
   手机访问: https://resend-zone-cross.ngrok-free.dev/monitor

✅ Serenity 看板已启动
   手机访问: https://resend-zone-cross.ngrok-free.dev/monitor

✅ Serenity 看板已启动
   手机访问: https://resend-zone-cross.ngrok-free.dev/monitor

✅ Serenity 看板已启动
   手机访问: https://resend-zone-cross.ngrok-free.dev/monitor

✅ Serenity 看板已启动
   手机访问: https://resend-zone-cross.ngrok-free.dev/monitor

✅ Serenity 看板已启动
   手机访问: https://resend-zone-cross.ngrok-free.dev/monitor

✅ Serenity 看板已启动
   手机访问: https://resend-zone-cross.ngrok-free.dev/monitor

✅ Serenity 看板已启动
   手机访问: https://resend-zone-cross.ngrok-free.dev/monitor

✅ Serenity 看板已启动
   手机访问: https://resend-zone-cross.ngrok-free.dev/monitor

✅ Serenity 看板已启动
   手机访问: https://resend-zone-cross.ngrok-free.dev/monitor

✅ Serenity 看板已启动
   手机访问: https://resend-zone-cross.ngrok-free.dev/monitor

✅ Serenity 看板已启动
   手机访问: https://resend-zone-cross.ngrok-free.dev/monitor

✅ Serenity 看板已启动
   手机访问: https://resend-zone-cross.ngrok-free.dev/monitor

✅ Serenity 看板已启动
   手机访问: https://resend-zone-cross.ngrok-free.dev/monitor

✅ Serenity 看板已启动
   手机访问: https://resend-zone-cross.ngrok-free.dev/monitor

✅ Serenity 看板已启动
   手机访问: https://resend-zone-cross.ngrok-free.dev/monitor

✅ Serenity 看板已启动
   手机访问: https://resend-zone-cross.ngrok-free.dev/monitor

✅ Serenity 看板已启动
   手机访问: https://resend-zone-cross.ngrok-free.dev/monitor

✅ Serenity 看板已启动
   手机访问: https://resend-zone-cross.ngrok-free.dev/monitor

✅ Serenity 看板已启动
   手机访问: https://resend-zone-cross.ngrok-free.dev/monitor

✅ Serenity 看板已启动
   手机访问: https://resend-zone-cross.ngrok-free.dev/monitor

✅ Serenity 看板已启动
   手机访问: https://resend-zone-cross.ngrok-free.dev/monitor

✅ Serenity 看板已启动
   手机访问: https://resend-zone-cross.ngrok-free.dev/monitor

✅ Serenity 看板已启动
   手机访问: https://resend-zone-cross.ngrok-free.dev/monitor

✅ Serenity 看板已启动
   手机访问: https://resend-zone-cross.ngrok-free.dev/monitor

✅ Serenity 看板已启动
   手机访问: https://resend-zone-cross.ngrok-free.dev/monitor

✅ Serenity 看板已启动
   手机访问: https://resend-zone-cross.ngrok-free.dev/monitor

✅ Serenity 看板已启动
   手机访问: https://resend-zone-cross.ngrok-free.dev/monitor

✅ Serenity 看板已启动
   手机访问: https://resend-zone-cross.ngrok-free.dev/monitor

✅ Serenity 看板已启动
   手机访问: https://resend-zone-cross.ngrok-free.dev/monitor

✅ Serenity 看板已启动
   手机访问: https://resend-zone-cross.ngrok-free.dev/monitor

✅ Serenity 看板已启动
   手机访问: https://resend-zone-cross.ngrok-free.dev/monitor

✅ Serenity 看板已启动
   手机访问: https://resend-zone-cross.ngrok-free.dev/monitor

✅ Serenity 看板已启动
   手机访问: https://resend-zone-cross.ngrok-free.dev/monitor

✅ Serenity 看板已启动
   手机访问: https://resend-zone-cross.ngrok-free.dev/monitor

✅ Serenity 看板已启动
   手机访问: https://resend-zone-cross.ngrok-free.dev/monitor

✅ Serenity 看板已启动
   手机访问: https://resend-zone-cross.ngrok-free.dev/monitor

✅ Serenity 看板已启动
   手机访问: https://resend-zone-cross.ngrok-free.dev/monitor

✅ Serenity 看板已启动
   手机访问: https://resend-zone-cross.ngrok-free.dev/monitor

✅ Serenity 看板已启动
   手机访问: https://resend-zone-cross.ngrok-free.dev/monitor

✅ Serenity 看板已启动
   手机访问: https://resend-zone-cross.ngrok-free.dev/monitor

✅ Serenity 看板已启动
   手机访问: https://resend-zone-cross.ngrok-free.dev/monitor

✅ Serenity 看板已启动
   手机访问: https://resend-zone-cross.ngrok-free.dev/monitor

✅ Serenity 看板已启动
   手机访问: https://resend-zone-cross.ngrok-free.dev/monitor

✅ Serenity 看板已启动
   手机访问: https://resend-zone-cross.ngrok-free.dev/monitor

✅ Serenity 看板已启动
   手机访问: https://resend-zone-cross.ngrok-free.dev/monitor

✅ Serenity 看板已启动
   手机访问: https://resend-zone-cross.ngrok-free.dev/monitor

✅ Serenity 看板已启动
   手机访问: https://resend-zone-cross.ngrok-free.dev/monitor

✅ Serenity 看板已启动
   手机访问: https://resend-zone-cross.ngrok-free.dev/monitor

✅ Serenity 看板已启动
   手机访问: https://resend-zone-cross.ngrok-free.dev/monitor

✅ Serenity 看板已启动
   手机访问: https://resend-zone-cross.ngrok-free.dev/monitor

✅ Serenity 看板已启动
   手机访问: https://resend-zone-cross.ngrok-free.dev/monitor

✅ Serenity 看板已启动
   手机访问: https://resend-zone-cross.ngrok-free.dev/monitor

✅ Serenity 看板已启动
   手机访问: https://resend-zone-cross.ngrok-free.dev/monitor

✅ Serenity 看板已启动
   手机访问: https://resend-zone-cross.ngrok-free.dev/monitor

✅ Serenity 看板已启动
   手机访问: https://resend-zone-cross.ngrok-free.dev/monitor

✅ Serenity 看板已启动
   手机访问: https://resend-zone-cross.ngrok-free.dev/monitor

✅ Serenity 看板已启动
   手机访问: https://resend-zone-cross.ngrok-free.dev/monitor

✅ Serenity 看板已启动
   手机访问: https://resend-zone-cross.ngrok-free.dev/monitor

✅ Serenity 看板已启动
   手机访问: https://resend-zone-cross.ngrok-free.dev/monitor

✅ Serenity 看板已启动
   手机访问: https://resend-zone-cross.ngrok-free.dev/monitor

✅ Serenity 看板已启动
   手机访问: https://resend-zone-cross.ngrok-free.dev/monitor

✅ Serenity 看板已启动
   手机访问: https://resend-zone-cross.ngrok-free.dev/monitor

✅ Serenity 看板已启动
   手机访问: https://resend-zone-cross.ngrok-free.dev/monitor

✅ Serenity 看板已启动
   手机访问: https://resend-zone-cross.ngrok-free.dev/monitor

✅ Serenity 看板已启动
   手机访问: https://resend-zone-cross.ngrok-free.dev/monitor

✅ Serenity 看板已启动
   手机访问: https://resend-zone-cross.ngrok-free.dev/monitor

✅ Serenity 看板已启动
   手机访问: https://resend-zone-cross.ngrok-free.dev/monitor

✅ Serenity 看板已启动
   手机访问: https://resend-zone-cross.ngrok-free.dev/monitor

✅ Serenity 看板已启动
   手机访问: https://resend-zone-cross.ngrok-free.dev/monitor

✅ Serenity 看板已启动
   手机访问: https://resend-zone-cross.ngrok-free.dev/monitor

✅ Serenity 看板已启动
   手机访问: https://resend-zone-cross.ngrok-free.dev/monitor

✅ Serenity 看板已启动
   手机访问: https://resend-zone-cross.ngrok-free.dev/monitor

✅ Serenity 看板已启动
   手机访问: https://resend-zone-cross.ngrok-free.dev/monitor

✅ Serenity 看板已启动
   手机访问: https://resend-zone-cross.ngrok-free.dev/monitor

✅ Serenity 看板已启动
   手机访问: https://resend-zone-cross.ngrok-free.dev/monitor

✅ Serenity 看板已启动
   手机访问: https://resend-zone-cross.ngrok-free.dev/monitor

✅ Serenity 看板已启动
   手机访问: https://resend-zone-cross.ngrok-free.dev/monitor

✅ Serenity 看板已启动
   手机访问: https://resend-zone-cross.ngrok-free.dev/monitor

✅ Serenity 看板已启动
   手机访问: https://resend-zone-cross.ngrok-free.dev/monitor

✅ Serenity 看板已启动
   手机访问: https://resend-zone-cross.ngrok-free.dev/monitor

✅ Serenity 看板已启动
   手机访问: https://resend-zone-cross.ngrok-free.dev/monitor

✅ Serenity 看板已启动
   手机访问: https://resend-zone-cross.ngrok-free.dev/monitor

✅ Serenity 看板已启动
   手机访问: https://resend-zone-cross.ngrok-free.dev/monitor

✅ Serenity 看板已启动
   手机访问: https://resend-zone-cross.ngrok-free.dev/monitor

✅ Serenity 看板已启动
   手机访问: https://resend-zone-cross.ngrok-free.dev/monitor

✅ Serenity 看板已启动
   手机访问: https://resend-zone-cross.ngrok-free.dev/monitor

✅ Serenity 看板已启动
   手机访问: https://resend-zone-cross.ngrok-free.dev/monitor

✅ Serenity 看板已启动
   手机访问: https://resend-zone-cross.ngrok-free.dev/monitor

✅ Serenity 看板已启动
   手机访问: https://resend-zone-cross.ngrok-free.dev/monitor

✅ Serenity 看板已启动
   手机访问: https://resend-zone-cross.ngrok-free.dev/monitor

✅ Serenity 看板已启动
   手机访问: https://resend-zone-cross.ngrok-free.dev/monitor

✅ Serenity 看板已启动
   手机访问: https://resend-zone-cross.ngrok-free.dev/monitor

✅ Serenity 看板已启动
   手机访问: https://resend-zone-cross.ngrok-free.dev/monitor

✅ Serenity 看板已启动
   手机访问: https://resend-zone-cross.ngrok-free.dev/monitor

✅ Serenity 看板已启动
   手机访问: https://resend-zone-cross.ngrok-free.dev/monitor

✅ Serenity 看板已启动
   手机访问: https://resend-zone-cross.ngrok-free.dev/monitor

✅ Serenity 看板已启动
   手机访问: https://resend-zone-cross.ngrok-free.dev/monitor

✅ Serenity 看板已启动
   手机访问: https://resend-zone-cross.ngrok-free.dev/monitor

✅ Serenity 看板已启动
   手机访问: https://resend-zone-cross.ngrok-free.dev/monitor

✅ Serenity 看板已启动
   手机访问: https://resend-zone-cross.ngrok-free.dev/monitor

✅ Serenity 看板已启动
   手机访问: https://resend-zone-cross.ngrok-free.dev/monitor

✅ Serenity 看板已启动
   手机访问: https://resend-zone-cross.ngrok-free.dev/monitor

✅ Serenity 看板已启动
   手机访问: https://resend-zone-cross.ngrok-free.dev/monitor

✅ Serenity 看板已启动
   手机访问: https://resend-zone-cross.ngrok-free.dev/monitor

✅ Serenity 看板已启动
   手机访问: https://resend-zone-cross.ngrok-free.dev/monitor

✅ Serenity 看板已启动
   手机访问: https://resend-zone-cross.ngrok-free.dev/monitor

✅ Serenity 看板已启动
   手机访问: https://resend-zone-cross.ngrok-free.dev/monitor

✅ Serenity 看板已启动
   手机访问: https://resend-zone-cross.ngrok-free.dev/monitor

✅ Serenity 看板已启动
   手机访问: https://resend-zone-cross.ngrok-free.dev/monitor

✅ Serenity 看板已启动
   手机访问: https://resend-zone-cross.ngrok-free.dev/monitor

✅ Serenity 看板已启动
   手机访问: https://resend-zone-cross.ngrok-free.dev/monitor

✅ Serenity 看板已启动
   手机访问: https://resend-zone-cross.ngrok-free.dev/monitor

✅ Serenity 看板已启动
   手机访问: https://resend-zone-cross.ngrok-free.dev/monitor

✅ Serenity 看板已启动
   手机访问: https://resend-zone-cross.ngrok-free.dev/monitor

✅ Serenity 看板已启动
   手机访问: https://resend-zone-cross.ngrok-free.dev/monitor

✅ Serenity 看板已启动
   手机访问: https://resend-zone-cross.ngrok-free.dev/monitor

✅ Serenity 看板已启动
   手机访问: https://resend-zone-cross.ngrok-free.dev/monitor

──────────────────────────────────────────────────
  0/8 参考数据拉取
──────────────────────────────────────────────────
============================================================
  📊 SerenityMonitor — 参考标的数据拉取 (指数/ETF)
  时间: 2026-07-10 16:00
============================================================

  🔄 上证指数(sh000001) 正在拉取...
  ✅ 上证指数(sh000001) 完成 | 200 条

  🔄 医药ETF(sh512010) 正在拉取...
  ✅ 医药ETF(sh512010) 完成 | 200 条

  🔄 1000ETF(sh512100) 正在拉取...
  ✅ 1000ETF(sh512100) 完成 | 200 条

  🔄 半导体ETF(sh512480) 正在拉取...
  ✅ 半导体ETF(sh512480) 完成 | 200 条

  🔄 AI智能ETF(sh515050) 正在拉取...
  ✅ AI智能ETF(sh515050) 完成 | 200 条

  🔄 中国A50ETF(sh563000) 正在拉取...
  ✅ 中国A50ETF(sh563000) 完成 | 200 条

============================================================
  📊 总记录数: 1200
  ✅ 完成 | 2026-07-10 16:00


──────────────────────────────────────────────────
  0b/8 真实数据记录 + 自动闸门
──────────────────────────────────────────────────
  record-real-data date=2026-07-10 dry_run=False saved=22 count=22
  low_quality=0 missing=0
  settle outcomes dry_run=False settled=0 pending=11 expired_unsettled=0 non_executable=0
  settlement blockers {'awaiting_exit_date': 11}
  Serenity auto gate | 2026-07-10 | LOCKED
  strategy: v15.0 14a3bee798e4
  samples: 0/50
  win: 0.0% | Wilson lower: 0.0%
  avg return: 0.00% | excess win: 0.0% | avg excess: 0.00%
  consecutive loss ok: True | compliance: not_reported | max state: MANUAL
  p0 alpha: P0_DATA_INVALID
  blocked reasons:
    - sample_count 0 < 50
    - win_rate 0.00% < 60.00%
    - wilson_lower 0.00% < 50.00%
    - avg_return_5d 0.00% <= 0
    - excess_win_rate 0.00% < 55.00%
    - avg_excess_5d 0.00% <= 0
    - broker_snapshot_stale 184.8h > 36h
    - broker_drawdown_history 1 < 2
    - p0_alpha_validation P0_DATA_INVALID != P0_PASS
  paper diagnostics: 24 samples (not gate eligible)
  date distribution: {}
  tier distribution: {}

──────────────────────────────────────────────────
  0c/8 运维审计任务
──────────────────────────────────────────────────
  ✅ 运维任务已刷新: critical=5 warning=3
  🔒 P0阻断: p0:drawdown_cashflow, p0:broker_snapshot, p0:alpha_validation, p0:real_samples

──────────────────────────────────────────────────
  1/8 多因子评分
──────────────────────────────────────────────────
[INFO   ] 市场状态: 震荡市 → [内核冻结] 忽略市场体制权重偏移，使用固定权重
[WARNING] ⚠️ 均值回归模式激活 — 负IC因子(动量/量能/技术面)将自动翻转
[INFO   ] 🔧 [MR模式] 因子翻转激活: ['factor', 'moat', 'volume']
[INFO   ] 🔧 [MR模式] 因子翻转激活: ['factor', 'moat', 'volume']
[INFO   ] 🔧 [MR模式] 因子翻转激活: ['factor', 'moat', 'volume']
[INFO   ] 🔧 [MR模式] 因子翻转激活: ['factor', 'moat', 'volume']
[INFO   ] 🔧 [MR模式] 因子翻转激活: ['factor', 'moat', 'volume']
[INFO   ] 🔧 [MR模式] 因子翻转激活: ['factor', 'moat', 'volume']
[INFO   ] 🔧 [MR模式] 因子翻转激活: ['factor', 'moat', 'volume']
[INFO   ] 🔧 [MR模式] 因子翻转激活: ['factor', 'moat', 'volume']
[INFO   ] 🔧 [MR模式] 因子翻转激活: ['factor', 'moat', 'volume']
[INFO   ] 🔧 [MR模式] 因子翻转激活: ['factor', 'moat', 'volume']

✅ Serenity 看板已启动
   手机访问: https://resend-zone-cross.ngrok-free.dev/monitor
[INFO   ] 🔧 [MR模式] 因子翻转激活: ['factor', 'moat', 'volume']
[INFO   ] 🔧 [MR模式] 因子翻转激活: ['factor', 'moat', 'volume']
[INFO   ] 🔧 [MR模式] 因子翻转激活: ['factor', 'moat', 'volume']
[INFO   ] 🔧 [MR模式] 因子翻转激活: ['factor', 'moat', 'volume']
[INFO   ] 🔧 [MR模式] 因子翻转激活: ['factor', 'moat', 'volume']
[INFO   ] 🔧 [MR模式] 因子翻转激活: ['factor', 'moat', 'volume']
[INFO   ] 🔧 [MR模式] 因子翻转激活: ['factor', 'moat', 'volume']
[INFO   ] 🔧 [MR模式] 因子翻转激活: ['factor', 'moat', 'volume']
[INFO   ] 🔧 [MR模式] 因子翻转激活: ['factor', 'moat', 'volume']
[INFO   ] 🔧 [MR模式] 因子翻转激活: ['factor', 'moat', 'volume']
[INFO   ]   🟡 CAUTION_BUY 精筛拦截 光迅科技: 量能确认:缩量0.1x MA20; 动量底线[MR]:动量分85(15-65期望)
[INFO   ]   🟡 CAUTION_BUY 精筛拦截 亨通光电: 量能确认:缩量0.1x MA20; 动量底线[MR]:动量分85(15-65期望)
[INFO   ]   🛡️ 非持仓SELL降级 士兰微: SELL → WATCH (历史胜率仅20%)

✅ Serenity 看板已启动
   手机访问: https://resend-zone-cross.ngrok-free.dev/monitor
[INFO   ]   🛡️ 非持仓SELL降级 兆易创新: SELL → WATCH (历史胜率仅20%)
[INFO   ]   🛡️ 非持仓SELL降级 中国巨石: SELL → WATCH (历史胜率仅20%)
[INFO   ]   🟡 CAUTION_BUY 精筛拦截 大秦铁路: 量能确认:缩量0.0x MA20; 动量底线[MR]:动量分75(15-65期望)
[INFO   ]   🛡️ 非持仓SELL降级 紫光股份: SELL → WATCH (历史胜率仅20%)
[INFO   ]   🟡 CAUTION_BUY 精筛拦截 三花智控: 量能确认:缩量0.0x MA20; 动量底线[MR]:动量分75(15-65期望)

✅ Serenity 看板已启动
   手机访问: https://resend-zone-cross.ngrok-free.dev/monitor
[INFO   ]   🛡️ 非持仓SELL降级 恒立液压: SELL → WATCH (历史胜率仅20%)
2026-07-10 16:00:47,138 [INFO] HTTP Request: GET http://qt.gtimg.cn/q=sz000988,sh600036,sh600141 "HTTP/1.1 200 OK"
2026-07-10 16:00:47,187 [DEBUG] 审计记录写入: ad024d4b9d0941b1 002281 CAUTION_BUY score=64

✅ Serenity 看板已启动
   手机访问: https://resend-zone-cross.ngrok-free.dev/monitor
2026-07-10 16:00:53,531 [INFO] HTTP Request: GET http://qt.gtimg.cn/q=sz000988,sh600036,sh600141 "HTTP/1.1 200 OK"
2026-07-10 16:00:53,568 [DEBUG] 审计记录写入: 7000c89cc97b4b8c 000988 BUY score=67
2026-07-10 16:00:59,591 [INFO] HTTP Request: GET http://qt.gtimg.cn/q=sz000988,sh600036,sh600141 "HTTP/1.1 200 OK"
2026-07-10 16:00:59,624 [DEBUG] 审计记录写入: 6090d751ccaf4ab3 600141 HOLD score=58

✅ Serenity 看板已启动
   手机访问: https://resend-zone-cross.ngrok-free.dev/monitor
2026-07-10 16:01:05,912 [INFO] HTTP Request: GET http://qt.gtimg.cn/q=sz000988,sh600036,sh600141 "HTTP/1.1 200 OK"
2026-07-10 16:01:05,940 [DEBUG] 审计记录写入: 66471663bf0d4e44 603083 CAUTION_BUY score=60

✅ Serenity 看板已启动
   手机访问: https://resend-zone-cross.ngrok-free.dev/monitor
2026-07-10 16:01:11,985 [INFO] HTTP Request: GET http://qt.gtimg.cn/q=sz000988,sh600036,sh600141 "HTTP/1.1 200 OK"
2026-07-10 16:01:12,012 [DEBUG] 审计记录写入: 873e6bf698e64349 600487 CAUTION_BUY score=64
2026-07-10 16:01:18,245 [INFO] HTTP Request: GET http://qt.gtimg.cn/q=sz000988,sh600036,sh600141 "HTTP/1.1 200 OK"
2026-07-10 16:01:18,273 [DEBUG] 审计记录写入: 61b2148580aa40c7 002428 HOLD score=58

✅ Serenity 看板已启动
   手机访问: https://resend-zone-cross.ngrok-free.dev/monitor
2026-07-10 16:01:24,380 [INFO] HTTP Request: GET http://qt.gtimg.cn/q=sz000988,sh600036,sh600141 "HTTP/1.1 200 OK"
2026-07-10 16:01:24,409 [DEBUG] 审计记录写入: 6bfcf88ad87e470d 600460 SELL score=40
2026-07-10 16:01:30,551 [INFO] HTTP Request: GET http://qt.gtimg.cn/q=sz000988,sh600036,sh600141 "HTTP/1.1 200 OK"
2026-07-10 16:01:30,577 [DEBUG] 审计记录写入: a24e75986922416a 603986 SELL score=44

✅ Serenity 看板已启动
   手机访问: https://resend-zone-cross.ngrok-free.dev/monitor
2026-07-10 16:01:36,820 [INFO] HTTP Request: GET http://qt.gtimg.cn/q=sz000988,sh600036,sh600141 "HTTP/1.1 200 OK"
2026-07-10 16:01:36,850 [DEBUG] 审计记录写入: ff090a6d52b749b0 600176 SELL score=39

✅ Serenity 看板已启动
   手机访问: https://resend-zone-cross.ngrok-free.dev/monitor
2026-07-10 16:01:43,661 [INFO] HTTP Request: GET http://qt.gtimg.cn/q=sz000988,sh600036,sh600141 "HTTP/1.1 200 OK"
2026-07-10 16:01:43,687 [DEBUG] 审计记录写入: 310a7bfb492b4210 600036 BUY score=70
2026-07-10 16:01:50,169 [INFO] HTTP Request: GET http://qt.gtimg.cn/q=sz000988,sh600036,sh600141 "HTTP/1.1 200 OK"
2026-07-10 16:01:50,196 [DEBUG] 审计记录写入: 5452c5dd0e364e23 600585 CAUTION_BUY score=63

✅ Serenity 看板已启动
   手机访问: https://resend-zone-cross.ngrok-free.dev/monitor
2026-07-10 16:01:56,177 [INFO] HTTP Request: GET http://qt.gtimg.cn/q=sz000988,sh600036,sh600141 "HTTP/1.1 200 OK"
2026-07-10 16:01:56,198 [DEBUG] 审计记录写入: bea65ef3a0e048f8 600900 CAUTION_BUY score=60

✅ Serenity 看板已启动
   手机访问: https://resend-zone-cross.ngrok-free.dev/monitor
2026-07-10 16:02:02,535 [INFO] HTTP Request: GET http://qt.gtimg.cn/q=sz000988,sh600036,sh600141 "HTTP/1.1 200 OK"
2026-07-10 16:02:02,564 [DEBUG] 审计记录写入: b0247d6125ae4e81 601398 CAUTION_BUY score=69
2026-07-10 16:02:09,385 [INFO] HTTP Request: GET http://qt.gtimg.cn/q=sz000988,sh600036,sh600141 "HTTP/1.1 200 OK"
2026-07-10 16:02:09,413 [DEBUG] 审计记录写入: 7330efab2e8b460c 601006 BUY score=68

✅ Serenity 看板已启动
   手机访问: https://resend-zone-cross.ngrok-free.dev/monitor
2026-07-10 16:02:15,574 [INFO] HTTP Request: GET http://qt.gtimg.cn/q=sz000988,sh600036,sh600141 "HTTP/1.1 200 OK"
2026-07-10 16:02:15,597 [DEBUG] 审计记录写入: 531a4179d96141a8 000938 SELL score=44
2026-07-10 16:02:21,907 [INFO] HTTP Request: GET http://qt.gtimg.cn/q=sz000988,sh600036,sh600141 "HTTP/1.1 200 OK"
2026-07-10 16:02:21,937 [DEBUG] 审计记录写入: a6f2caba1c634812 601689 HOLD score=59

✅ Serenity 看板已启动
   手机访问: https://resend-zone-cross.ngrok-free.dev/monitor
2026-07-10 16:02:28,940 [INFO] HTTP Request: GET http://qt.gtimg.cn/q=sz000988,sh600036,sh600141 "HTTP/1.1 200 OK"
2026-07-10 16:02:28,968 [DEBUG] 审计记录写入: 5f26a8738e2f4768 002050 CAUTION_BUY score=62

✅ Serenity 看板已启动
   手机访问: https://resend-zone-cross.ngrok-free.dev/monitor
2026-07-10 16:02:35,339 [INFO] HTTP Request: GET http://qt.gtimg.cn/q=sz000988,sh600036,sh600141 "HTTP/1.1 200 OK"
2026-07-10 16:02:35,365 [DEBUG] 审计记录写入: 24cc9699bffd490b 601100 SELL score=42
2026-07-10 16:02:41,728 [INFO] HTTP Request: GET http://qt.gtimg.cn/q=sz000988,sh600036,sh600141 "HTTP/1.1 200 OK"
2026-07-10 16:02:41,750 [DEBUG] 审计记录写入: c26e4b044ebb4c3d 600580 HOLD score=51

✅ Serenity 看板已启动
   手机访问: https://resend-zone-cross.ngrok-free.dev/monitor
2026-07-10 16:02:47,979 [INFO] HTTP Request: GET http://qt.gtimg.cn/q=sz000988,sh600036,sh600141 "HTTP/1.1 200 OK"
2026-07-10 16:02:48,007 [DEBUG] 审计记录写入: d6d07a9a3c1246f5 002896 WATCH score=48
  ✅ 完成: 20 只标的已评分
     招商银行   600036 70分 BUY
     工商银行   601398 69分 CAUTION_BUY
     大秦铁路   601006 68分 BUY
     华工科技   000988 67分 BUY
     亨通光电   600487 64分 CAUTION_BUY

──────────────────────────────────────────────────
  1b Frozen Baseline 三系统对比
──────────────────────────────────────────────────
[WARNING] Frozen Baseline 评分失败 600036: name '_get_factor_engine' is not defined
2026-07-10 16:02:50,459 [WARNING] Frozen Baseline 评分失败 600036: name '_get_factor_engine' is not defined
[WARNING] Frozen Baseline 评分失败 601398: name '_get_factor_engine' is not defined
2026-07-10 16:02:50,461 [WARNING] Frozen Baseline 评分失败 601398: name '_get_factor_engine' is not defined
[WARNING] Frozen Baseline 评分失败 601006: name '_get_factor_engine' is not defined
2026-07-10 16:02:50,462 [WARNING] Frozen Baseline 评分失败 601006: name '_get_factor_engine' is not defined
[WARNING] Frozen Baseline 评分失败 000988: name '_get_factor_engine' is not defined
2026-07-10 16:02:50,464 [WARNING] Frozen Baseline 评分失败 000988: name '_get_factor_engine' is not defined
[WARNING] Frozen Baseline 评分失败 600487: name '_get_factor_engine' is not defined
2026-07-10 16:02:50,465 [WARNING] Frozen Baseline 评分失败 600487: name '_get_factor_engine' is not defined
[WARNING] Frozen Baseline 评分失败 002281: name '_get_factor_engine' is not defined
2026-07-10 16:02:50,467 [WARNING] Frozen Baseline 评分失败 002281: name '_get_factor_engine' is not defined
[WARNING] Frozen Baseline 评分失败 600585: name '_get_factor_engine' is not defined
2026-07-10 16:02:50,468 [WARNING] Frozen Baseline 评分失败 600585: name '_get_factor_engine' is not defined
[WARNING] Frozen Baseline 评分失败 002050: name '_get_factor_engine' is not defined
2026-07-10 16:02:50,470 [WARNING] Frozen Baseline 评分失败 002050: name '_get_factor_engine' is not defined
[WARNING] Frozen Baseline 评分失败 600900: name '_get_factor_engine' is not defined
2026-07-10 16:02:50,471 [WARNING] Frozen Baseline 评分失败 600900: name '_get_factor_engine' is not defined
[WARNING] Frozen Baseline 评分失败 603083: name '_get_factor_engine' is not defined
2026-07-10 16:02:50,472 [WARNING] Frozen Baseline 评分失败 603083: name '_get_factor_engine' is not defined
[WARNING] Frozen Baseline 评分失败 601689: name '_get_factor_engine' is not defined
2026-07-10 16:02:50,474 [WARNING] Frozen Baseline 评分失败 601689: name '_get_factor_engine' is not defined
[WARNING] Frozen Baseline 评分失败 600141: name '_get_factor_engine' is not defined
2026-07-10 16:02:50,475 [WARNING] Frozen Baseline 评分失败 600141: name '_get_factor_engine' is not defined
[WARNING] Frozen Baseline 评分失败 002428: name '_get_factor_engine' is not defined
2026-07-10 16:02:50,477 [WARNING] Frozen Baseline 评分失败 002428: name '_get_factor_engine' is not defined
[WARNING] Frozen Baseline 评分失败 600580: name '_get_factor_engine' is not defined
2026-07-10 16:02:50,478 [WARNING] Frozen Baseline 评分失败 600580: name '_get_factor_engine' is not defined
[WARNING] Frozen Baseline 评分失败 002896: name '_get_factor_engine' is not defined
2026-07-10 16:02:50,480 [WARNING] Frozen Baseline 评分失败 002896: name '_get_factor_engine' is not defined
[WARNING] Frozen Baseline 评分失败 603986: name '_get_factor_engine' is not defined
2026-07-10 16:02:50,481 [WARNING] Frozen Baseline 评分失败 603986: name '_get_factor_engine' is not defined
[WARNING] Frozen Baseline 评分失败 000938: name '_get_factor_engine' is not defined
2026-07-10 16:02:50,482 [WARNING] Frozen Baseline 评分失败 000938: name '_get_factor_engine' is not defined
[WARNING] Frozen Baseline 评分失败 601100: name '_get_factor_engine' is not defined
2026-07-10 16:02:50,484 [WARNING] Frozen Baseline 评分失败 601100: name '_get_factor_engine' is not defined
[WARNING] Frozen Baseline 评分失败 600460: name '_get_factor_engine' is not defined
2026-07-10 16:02:50,485 [WARNING] Frozen Baseline 评分失败 600460: name '_get_factor_engine' is not defined
[WARNING] Frozen Baseline 评分失败 600176: name '_get_factor_engine' is not defined
2026-07-10 16:02:50,487 [WARNING] Frozen Baseline 评分失败 600176: name '_get_factor_engine' is not defined
2026-07-10 16:02:51,468 [INFO] HTTP Request: GET http://qt.gtimg.cn/q=sz002281,sz000988,sh600141,sh603083,sh600487,sz002428,sh600460,sh603986,sh600176,sh600036,sh600585,sh600900,sh601398,sh601006,sz000938,sh601689,sz002050,sh601100,sh600580,sz002896 "HTTP/1.1 200 OK"
2026-07-10 16:02:52,474 [INFO] HTTP Request: GET http://qt.gtimg.cn/q=sz000988,sh600036,sh600141 "HTTP/1.1 200 OK"
  ✅ Frozen vs Adaptive: 20 分歧, 一致率 0%
  ✅ Equal Weight 日收益: -0.67%
     ⚠️ 002281: Frozen=ERROR Adaptive=CAUTION_BUY
     ⚠️ 000988: Frozen=ERROR Adaptive=BUY
     ⚠️ 600141: Frozen=ERROR Adaptive=HOLD
     ⚠️ 603083: Frozen=ERROR Adaptive=CAUTION_BUY
     ⚠️ 600487: Frozen=ERROR Adaptive=CAUTION_BUY
     ⚠️ 002428: Frozen=ERROR Adaptive=HOLD
     ⚠️ 600460: Frozen=ERROR Adaptive=SELL
     ⚠️ 603986: Frozen=ERROR Adaptive=SELL
     ⚠️ 600176: Frozen=ERROR Adaptive=SELL
     ⚠️ 600036: Frozen=ERROR Adaptive=BUY
     ⚠️ 600585: Frozen=ERROR Adaptive=CAUTION_BUY
     ⚠️ 600900: Frozen=ERROR Adaptive=CAUTION_BUY
     ⚠️ 601398: Frozen=ERROR Adaptive=CAUTION_BUY
     ⚠️ 601006: Frozen=ERROR Adaptive=BUY
     ⚠️ 000938: Frozen=ERROR Adaptive=SELL
     ⚠️ 601689: Frozen=ERROR Adaptive=HOLD
     ⚠️ 002050: Frozen=ERROR Adaptive=CAUTION_BUY
     ⚠️ 601100: Frozen=ERROR Adaptive=SELL
     ⚠️ 600580: Frozen=ERROR Adaptive=HOLD
     ⚠️ 002896: Frozen=ERROR Adaptive=WATCH
  💾 三系统对比已持久化

──────────────────────────────────────────────────
  2/8 交易信号
──────────────────────────────────────────────────
[INFO   ]   🟡 CAUTION_BUY 精筛拦截 光迅科技: 量能确认:缩量0.1x MA20; 动量底线[MR]:动量分85(15-65期望)
2026-07-10 16:02:52,492 [INFO]   🟡 CAUTION_BUY 精筛拦截 光迅科技: 量能确认:缩量0.1x MA20; 动量底线[MR]:动量分85(15-65期望)
2026-07-10 16:02:53,419 [INFO] HTTP Request: GET http://qt.gtimg.cn/q=sz000988,sh600036,sh600141 "HTTP/1.1 200 OK"

✅ Serenity 看板已启动
   手机访问: https://resend-zone-cross.ngrok-free.dev/monitor
2026-07-10 16:02:54,643 [INFO] HTTP Request: GET http://qt.gtimg.cn/q=sz000988,sh600036,sh600141 "HTTP/1.1 200 OK"
2026-07-10 16:02:55,607 [INFO] HTTP Request: GET http://qt.gtimg.cn/q=sz000988,sh600036,sh600141 "HTTP/1.1 200 OK"
[INFO   ]   🟡 CAUTION_BUY 精筛拦截 剑桥科技: 量能确认:缩量0.0x MA20; 动量底线[MR]:动量分85(15-65期望)
2026-07-10 16:02:55,631 [INFO]   🟡 CAUTION_BUY 精筛拦截 剑桥科技: 量能确认:缩量0.0x MA20; 动量底线[MR]:动量分85(15-65期望)
2026-07-10 16:02:56,527 [INFO] HTTP Request: GET http://qt.gtimg.cn/q=sz000988,sh600036,sh600141 "HTTP/1.1 200 OK"
[INFO   ]   🟡 CAUTION_BUY 精筛拦截 亨通光电: 量能确认:缩量0.1x MA20; 动量底线[MR]:动量分85(15-65期望)
2026-07-10 16:02:56,552 [INFO]   🟡 CAUTION_BUY 精筛拦截 亨通光电: 量能确认:缩量0.1x MA20; 动量底线[MR]:动量分85(15-65期望)
2026-07-10 16:02:57,474 [INFO] HTTP Request: GET http://qt.gtimg.cn/q=sz000988,sh600036,sh600141 "HTTP/1.1 200 OK"
2026-07-10 16:02:58,419 [INFO] HTTP Request: GET http://qt.gtimg.cn/q=sz000988,sh600036,sh600141 "HTTP/1.1 200 OK"
[INFO   ]   🛡️ 非持仓SELL降级 士兰微: SELL → WATCH (历史胜率仅20%)
2026-07-10 16:02:58,439 [INFO]   🛡️ 非持仓SELL降级 士兰微: SELL → WATCH (历史胜率仅20%)
2026-07-10 16:02:59,370 [INFO] HTTP Request: GET http://qt.gtimg.cn/q=sz000988,sh600036,sh600141 "HTTP/1.1 200 OK"
[INFO   ]   🛡️ 非持仓SELL降级 兆易创新: SELL → WATCH (历史胜率仅20%)
2026-07-10 16:02:59,386 [INFO]   🛡️ 非持仓SELL降级 兆易创新: SELL → WATCH (历史胜率仅20%)
2026-07-10 16:03:00,310 [INFO] HTTP Request: GET http://qt.gtimg.cn/q=sz000988,sh600036,sh600141 "HTTP/1.1 200 OK"
[INFO   ]   🛡️ 非持仓SELL降级 中国巨石: SELL → WATCH (历史胜率仅20%)
2026-07-10 16:03:00,333 [INFO]   🛡️ 非持仓SELL降级 中国巨石: SELL → WATCH (历史胜率仅20%)
2026-07-10 16:03:01,271 [INFO] HTTP Request: GET http://qt.gtimg.cn/q=sz000988,sh600036,sh600141 "HTTP/1.1 200 OK"
2026-07-10 16:03:02,222 [INFO] HTTP Request: GET http://qt.gtimg.cn/q=sz000988,sh600036,sh600141 "HTTP/1.1 200 OK"
[INFO   ]   🟡 CAUTION_BUY 精筛拦截 海螺水泥: 量能确认:缩量0.0x MA20
2026-07-10 16:03:02,246 [INFO]   🟡 CAUTION_BUY 精筛拦截 海螺水泥: 量能确认:缩量0.0x MA20
2026-07-10 16:03:03,199 [INFO] HTTP Request: GET http://qt.gtimg.cn/q=sz000988,sh600036,sh600141 "HTTP/1.1 200 OK"
2026-07-10 16:03:04,165 [INFO] HTTP Request: GET http://qt.gtimg.cn/q=sz000988,sh600036,sh600141 "HTTP/1.1 200 OK"

✅ Serenity 看板已启动
   手机访问: https://resend-zone-cross.ngrok-free.dev/monitor
2026-07-10 16:03:05,109 [INFO] HTTP Request: GET http://qt.gtimg.cn/q=sz000988,sh600036,sh600141 "HTTP/1.1 200 OK"
2026-07-10 16:03:06,025 [INFO] HTTP Request: GET http://qt.gtimg.cn/q=sz000988,sh600036,sh600141 "HTTP/1.1 200 OK"
2026-07-10 16:03:07,009 [INFO] HTTP Request: GET http://qt.gtimg.cn/q=sz000988,sh600036,sh600141 "HTTP/1.1 200 OK"
[INFO   ]   🛡️ 非持仓SELL降级 紫光股份: SELL → WATCH (历史胜率仅20%)
2026-07-10 16:03:07,032 [INFO]   🛡️ 非持仓SELL降级 紫光股份: SELL → WATCH (历史胜率仅20%)
2026-07-10 16:03:07,948 [INFO] HTTP Request: GET http://qt.gtimg.cn/q=sz000988,sh600036,sh600141 "HTTP/1.1 200 OK"
2026-07-10 16:03:08,900 [INFO] HTTP Request: GET http://qt.gtimg.cn/q=sz000988,sh600036,sh600141 "HTTP/1.1 200 OK"
[INFO   ]   🟡 CAUTION_BUY 精筛拦截 三花智控: 量能确认:缩量0.0x MA20; 动量底线[MR]:动量分75(15-65期望)
2026-07-10 16:03:08,924 [INFO]   🟡 CAUTION_BUY 精筛拦截 三花智控: 量能确认:缩量0.0x MA20; 动量底线[MR]:动量分75(15-65期望)
2026-07-10 16:03:09,875 [INFO] HTTP Request: GET http://qt.gtimg.cn/q=sz000988,sh600036,sh600141 "HTTP/1.1 200 OK"
[INFO   ]   🛡️ 非持仓SELL降级 恒立液压: SELL → WATCH (历史胜率仅20%)
2026-07-10 16:03:09,899 [INFO]   🛡️ 非持仓SELL降级 恒立液压: SELL → WATCH (历史胜率仅20%)
2026-07-10 16:03:10,826 [INFO] HTTP Request: GET http://qt.gtimg.cn/q=sz000988,sh600036,sh600141 "HTTP/1.1 200 OK"
2026-07-10 16:03:11,767 [INFO] HTTP Request: GET http://qt.gtimg.cn/q=sz000988,sh600036,sh600141 "HTTP/1.1 200 OK"
2026-07-10 16:03:12,504 [INFO] signal_performance 表已更新: 66 条写入, 29 条跳过(数据不足)

✅ Serenity 看板已启动
   手机访问: https://resend-zone-cross.ngrok-free.dev/monitor

✅ Serenity 看板已启动
   手机访问: https://resend-zone-cross.ngrok-free.dev/monitor
2026-07-10 16:03:25,816 [DEBUG] 📊 operational_mode 止盈覆盖: [(0.05, 0.5), (0.1, 0.5), (0.18, 1.0)]
2026-07-10 16:03:26,714 [INFO] HTTP Request: GET http://qt.gtimg.cn/q=sz000988,sh600036,sh600141 "HTTP/1.1 200 OK"
2026-07-10 16:03:27,995 [INFO] HTTP Request: GET http://qt.gtimg.cn/q=sz000988,sh600036,sh600141 "HTTP/1.1 200 OK"
  ✅ 20 信号 | 🟢买入1 🔴卖出0
     🟢 大秦铁路(601006) BUY 68分

──────────────────────────────────────────────────
  2b/8 纸面自动交易
──────────────────────────────────────────────────
  ⚠️ 纸面交易失败: 'str' object has no attribute 'isoformat'

──────────────────────────────────────────────────
  2c/8 哨兵观测结算
──────────────────────────────────────────────────
  ⚠️ 哨兵结算失败: Cannot operate on a closed database.

──────────────────────────────────────────────────
  3/8 信号绩效补填
──────────────────────────────────────────────────
✅ 已填充 300 个 outcome 字段 (160 条信号)
  📊 Outcome 填充率: 518/538 (96.3%)

──────────────────────────────────────────────────
  3b/8 信号绩效统计
──────────────────────────────────────────────────
  ✅ 66 条写入, 29 条跳过

──────────────────────────────────────────────────
  3c/8 决策审计结算
──────────────────────────────────────────────────
  ✅ 直接结算: 0 条, signal_log回填: 0 条
  📊 审计待结算: 0 条

──────────────────────────────────────────────────
  3d/8 信号质量检查
──────────────────────────────────────────────────
  ⚠️ 信号质量告警:
  ⚠️ HIGH SELL: WR-5d=17.5% < 35% (N=57) — 信号质量不足，建议检查阈值
  ⚠️ HIGH STRONG_BUY: WR-5d=28.6% < 35% (N=14) — 信号质量不足，建议检查阈值
  ⚠️ HIGH WEAK_HOLD: WR-5d=22.2% < 35% (N=9) — 信号质量不足，建议检查阈值

──────────────────────────────────────────────────
  4/8 评分反思
──────────────────────────────────────────────────
  ✅ 生成 20 条反思

──────────────────────────────────────────────────
  5/8 反思收益补填
──────────────────────────────────────────────────
  ✅ 维度IC写回: 461 行 / 30 天

──────────────────────────────────────────────────
  4b/8 UZI证据采集
──────────────────────────────────────────────────
  ℹ️ 无新增证据 (已检查 20 只标的)

──────────────────────────────────────────────────
  5b/8 权重自动调优
──────────────────────────────────────────────────
✅ 反思权重已应用
📊 全市场维度 IC 报告 — 最近 20 天
======================================================================
  维度                         IC        有效性
  ────────────────────────────────────────
  base_score            -0.0476 ⚪      弱
  zone_score            +0.0137 ⚪      弱
  momentum_score        +0.2875 🟢     有效
  volume_score          -0.1875 🔴     有效
  serenity_score        +0.1562 🟢     有效
  factor_score          +0.0806 🟢     有效
  technical_score       -0.0841 🔴     有效
  sentiment_score       +0.0039 ⚪      弱
======================================================================

✅ 维度IC已写回 score_reflections: 335 行 / 21 天

📊 权重调整建议:（基于 Reflection IC）
  维度                 当前       建议       IC         变化
  ──────────────────────────────────────────────────
  zone           20.0%   11.3%  -0.2152 🔴-8.7%
  momentum       18.0%   23.3%  +0.2812 🟢++5.3%
  volume          4.0%    2.5%  -0.1712 🔴-1.5%
  serenity       18.0%   20.6%  +0.1805 🟢++2.6%
  factor         17.0%   22.0%  +0.2812 🟢++5.0%
  technical      10.0%    8.7%  -0.0066 🔴-1.3%
  moat           13.0%   11.5%  +0.0000 🔴-1.5%

──────────────────────────────────────────────────
  5c/8 维度IC自动分析
──────────────────────────────────────────────────
  ❌ 建议淘汰: factor, moat, volume | 🔻 建议降权: uzi | 👀 需关注: technical | 🔺 建议提权: momentum, total_score, zone, serenity, base

──────────────────────────────────────────────────
  6/8 自动调仓建议
──────────────────────────────────────────────────
[INFO   ] 止盈减仓加入执行计划: 000988 止盈 T5: 13.4% ≥ 5%, 建议出 50%
2026-07-10 16:03:28,018 [INFO] 止盈减仓加入执行计划: 000988 止盈 T5: 13.4% ≥ 5%, 建议出 50%
2026-07-10 16:03:28,029 [DEBUG] 审计记录写入: c18539bd69ef4a83 000988 SELL score=67
2026-07-10 16:03:28,036 [DEBUG] T+1 锁定: 600141 400股 @34.053, 解锁日 2026-07-13
2026-07-10 16:03:29,023 [INFO] HTTP Request: GET http://qt.gtimg.cn/q=sz000988,sh600036,sh600141 "HTTP/1.1 200 OK"
2026-07-10 16:03:29,934 [INFO] HTTP Request: GET http://qt.gtimg.cn/q=sz002281,sz000988 "HTTP/1.1 200 OK"
2026-07-10 16:03:30,804 [INFO] HTTP Request: GET http://qt.gtimg.cn/q=sz002281,sz000988,sh600141,sh603083,sh600487,sz002428,sh600460,sh603986,sh600176,sh600036,sh600585,sh600900,sh601398,sh601006,sz000938,sh601689,sz002050,sh601100,sh600580,sz002896 "HTTP/1.1 200 OK"
📊 Serenity 自动执行计划 | 2026-07-10  大盘: 熊市防守
============================================================

🔴 卖出 (1 笔):
  ⚠️ 华工科技(000988) 卖出100股 @ ~158.07 评分67 盈亏+13.4%
     └ 止盈 T5: 13.4% ≥ 5%, 建议出 50%

────────────────────────────────────────────────────────────
现金: 7314 | 卖出释放: 15807 | 买入计划: 0
策略分配: 红利30% 多因子55% (震荡市模式)

📋 可执行命令:
  python3 cli.py trade 000988 sell 15807
============================================================
  ⚠️ 全市场扫描失败: 'str' object has no attribute 'weekday'
  📊 微观结构回填: 50 条
📊 Tier 1 回补检查: 2 只，暂无触发
  光迅科技 (002281) → zone=above
  华工科技 (000988) → zone=

──────────────────────────────────────────────────
  7a/8 纸面交易结算
──────────────────────────────────────────────────
[INFO   ] 🔧 [MR模式] 因子翻转激活: ['factor', 'moat', 'volume']
2026-07-10 16:03:30,977 [INFO] 🔧 [MR模式] 因子翻转激活: ['factor', 'moat', 'volume']
[INFO   ] 🔧 [MR模式] 因子翻转激活: ['factor', 'moat', 'volume']
2026-07-10 16:03:31,123 [INFO] 🔧 [MR模式] 因子翻转激活: ['factor', 'moat', 'volume']
[INFO   ] 🔧 [MR模式] 因子翻转激活: ['factor', 'moat', 'volume']
2026-07-10 16:03:31,266 [INFO] 🔧 [MR模式] 因子翻转激活: ['factor', 'moat', 'volume']
[INFO   ] 🔧 [MR模式] 因子翻转激活: ['factor', 'moat', 'volume']
2026-07-10 16:03:31,464 [INFO] 🔧 [MR模式] 因子翻转激活: ['factor', 'moat', 'volume']
[INFO   ] 🔧 [MR模式] 因子翻转激活: ['factor', 'moat', 'volume']
2026-07-10 16:03:31,612 [INFO] 🔧 [MR模式] 因子翻转激活: ['factor', 'moat', 'volume']
[INFO   ] 🔧 [MR模式] 因子翻转激活: ['factor', 'moat', 'volume']
2026-07-10 16:03:31,761 [INFO] 🔧 [MR模式] 因子翻转激活: ['factor', 'moat', 'volume']
[INFO   ] 🔧 [MR模式] 因子翻转激活: ['factor', 'moat', 'volume']
2026-07-10 16:03:31,909 [INFO] 🔧 [MR模式] 因子翻转激活: ['factor', 'moat', 'volume']
[INFO   ] 🔧 [MR模式] 因子翻转激活: ['factor', 'moat', 'volume']
2026-07-10 16:03:32,058 [INFO] 🔧 [MR模式] 因子翻转激活: ['factor', 'moat', 'volume']
[INFO   ] 🔧 [MR模式] 因子翻转激活: ['factor', 'moat', 'volume']
2026-07-10 16:03:32,208 [INFO] 🔧 [MR模式] 因子翻转激活: ['factor', 'moat', 'volume']
[INFO   ] 🔧 [MR模式] 因子翻转激活: ['factor', 'moat', 'volume']
2026-07-10 16:03:32,358 [INFO] 🔧 [MR模式] 因子翻转激活: ['factor', 'moat', 'volume']
[INFO   ] 🔧 [MR模式] 因子翻转激活: ['factor', 'moat', 'volume']
2026-07-10 16:03:32,555 [INFO] 🔧 [MR模式] 因子翻转激活: ['factor', 'moat', 'volume']
[INFO   ] 🔧 [MR模式] 因子翻转激活: ['factor', 'moat', 'volume']
2026-07-10 16:03:32,704 [INFO] 🔧 [MR模式] 因子翻转激活: ['factor', 'moat', 'volume']
[INFO   ] 🔧 [MR模式] 因子翻转激活: ['factor', 'moat', 'volume']
2026-07-10 16:03:32,852 [INFO] 🔧 [MR模式] 因子翻转激活: ['factor', 'moat', 'volume']
[INFO   ] 🔧 [MR模式] 因子翻转激活: ['factor', 'moat', 'volume']
2026-07-10 16:03:32,999 [INFO] 🔧 [MR模式] 因子翻转激活: ['factor', 'moat', 'volume']
[INFO   ] 🔧 [MR模式] 因子翻转激活: ['factor', 'moat', 'volume']
2026-07-10 16:03:33,149 [INFO] 🔧 [MR模式] 因子翻转激活: ['factor', 'moat', 'volume']
[INFO   ] 🔧 [MR模式] 因子翻转激活: ['factor', 'moat', 'volume']
2026-07-10 16:03:33,298 [INFO] 🔧 [MR模式] 因子翻转激活: ['factor', 'moat', 'volume']
[INFO   ] 🔧 [MR模式] 因子翻转激活: ['factor', 'moat', 'volume']
2026-07-10 16:03:33,450 [INFO] 🔧 [MR模式] 因子翻转激活: ['factor', 'moat', 'volume']
[INFO   ] 🔧 [MR模式] 因子翻转激活: ['factor', 'moat', 'volume']
2026-07-10 16:03:33,652 [INFO] 🔧 [MR模式] 因子翻转激活: ['factor', 'moat', 'volume']
[INFO   ] 🔧 [MR模式] 因子翻转激活: ['factor', 'moat', 'volume']
2026-07-10 16:03:33,803 [INFO] 🔧 [MR模式] 因子翻转激活: ['factor', 'moat', 'volume']
[INFO   ] 🔧 [MR模式] 因子翻转激活: ['factor', 'moat', 'volume']
2026-07-10 16:03:33,950 [INFO] 🔧 [MR模式] 因子翻转激活: ['factor', 'moat', 'volume']
2026-07-10 16:03:34,880 [INFO] HTTP Request: GET http://qt.gtimg.cn/q=sz002281,sz000988,sh600141,sh603083,sh600487,sz002428,sh600460,sh603986,sh600176,sh600036,sh600585,sh600900,sh601398,sh601006,sz000938,sh601689,sz002050,sh601100,sh600580,sz002896 "HTTP/1.1 200 OK"
2026-07-10 16:03:35,844 [INFO] HTTP Request: GET http://qt.gtimg.cn/q=sz000988,sh600036,sh600141 "HTTP/1.1 200 OK"
[INFO   ]   🟡 CAUTION_BUY 精筛拦截 光迅科技: 量能确认:缩量0.1x MA20; 动量底线[MR]:动量分85(15-65期望)
2026-07-10 16:03:35,873 [INFO]   🟡 CAUTION_BUY 精筛拦截 光迅科技: 量能确认:缩量0.1x MA20; 动量底线[MR]:动量分85(15-65期望)

✅ Serenity 看板已启动
   手机访问: https://resend-zone-cross.ngrok-free.dev/monitor
2026-07-10 16:03:36,833 [INFO] HTTP Request: GET http://qt.gtimg.cn/q=sz000988,sh600036,sh600141 "HTTP/1.1 200 OK"
2026-07-10 16:03:37,797 [INFO] HTTP Request: GET http://qt.gtimg.cn/q=sz000988,sh600036,sh600141 "HTTP/1.1 200 OK"
2026-07-10 16:03:38,766 [INFO] HTTP Request: GET http://qt.gtimg.cn/q=sz000988,sh600036,sh600141 "HTTP/1.1 200 OK"
2026-07-10 16:03:39,744 [INFO] HTTP Request: GET http://qt.gtimg.cn/q=sz000988,sh600036,sh600141 "HTTP/1.1 200 OK"
[INFO   ]   🟡 CAUTION_BUY 精筛拦截 亨通光电: 量能确认:缩量0.1x MA20; 动量底线[MR]:动量分85(15-65期望)
2026-07-10 16:03:39,777 [INFO]   🟡 CAUTION_BUY 精筛拦截 亨通光电: 量能确认:缩量0.1x MA20; 动量底线[MR]:动量分85(15-65期望)
2026-07-10 16:03:40,766 [INFO] HTTP Request: GET http://qt.gtimg.cn/q=sz000988,sh600036,sh600141 "HTTP/1.1 200 OK"
2026-07-10 16:03:41,748 [INFO] HTTP Request: GET http://qt.gtimg.cn/q=sz000988,sh600036,sh600141 "HTTP/1.1 200 OK"
[INFO   ]   🛡️ 非持仓SELL降级 士兰微: SELL → WATCH (历史胜率仅20%)
2026-07-10 16:03:41,773 [INFO]   🛡️ 非持仓SELL降级 士兰微: SELL → WATCH (历史胜率仅20%)
2026-07-10 16:03:42,713 [INFO] HTTP Request: GET http://qt.gtimg.cn/q=sz000988,sh600036,sh600141 "HTTP/1.1 200 OK"
[INFO   ]   🛡️ 非持仓SELL降级 兆易创新: SELL → WATCH (历史胜率仅20%)
2026-07-10 16:03:42,743 [INFO]   🛡️ 非持仓SELL降级 兆易创新: SELL → WATCH (历史胜率仅20%)
2026-07-10 16:03:43,703 [INFO] HTTP Request: GET http://qt.gtimg.cn/q=sz000988,sh600036,sh600141 "HTTP/1.1 200 OK"
[INFO   ]   🛡️ 非持仓SELL降级 中国巨石: SELL → WATCH (历史胜率仅20%)
2026-07-10 16:03:43,730 [INFO]   🛡️ 非持仓SELL降级 中国巨石: SELL → WATCH (历史胜率仅20%)
2026-07-10 16:03:44,679 [INFO] HTTP Request: GET http://qt.gtimg.cn/q=sz000988,sh600036,sh600141 "HTTP/1.1 200 OK"
2026-07-10 16:03:45,703 [INFO] HTTP Request: GET http://qt.gtimg.cn/q=sz000988,sh600036,sh600141 "HTTP/1.1 200 OK"
2026-07-10 16:03:46,694 [INFO] HTTP Request: GET http://qt.gtimg.cn/q=sz000988,sh600036,sh600141 "HTTP/1.1 200 OK"

✅ Serenity 看板已启动
   手机访问: https://resend-zone-cross.ngrok-free.dev/monitor
2026-07-10 16:03:47,683 [INFO] HTTP Request: GET http://qt.gtimg.cn/q=sz000988,sh600036,sh600141 "HTTP/1.1 200 OK"
2026-07-10 16:03:48,648 [INFO] HTTP Request: GET http://qt.gtimg.cn/q=sz000988,sh600036,sh600141 "HTTP/1.1 200 OK"
[INFO   ]   🟡 CAUTION_BUY 精筛拦截 大秦铁路: 量能确认:缩量0.0x MA20; 动量底线[MR]:动量分75(15-65期望)
2026-07-10 16:03:48,675 [INFO]   🟡 CAUTION_BUY 精筛拦截 大秦铁路: 量能确认:缩量0.0x MA20; 动量底线[MR]:动量分75(15-65期望)
2026-07-10 16:03:49,602 [INFO] HTTP Request: GET http://qt.gtimg.cn/q=sz000988,sh600036,sh600141 "HTTP/1.1 200 OK"
[INFO   ]   🛡️ 非持仓SELL降级 紫光股份: SELL → WATCH (历史胜率仅20%)
2026-07-10 16:03:49,633 [INFO]   🛡️ 非持仓SELL降级 紫光股份: SELL → WATCH (历史胜率仅20%)
2026-07-10 16:03:50,576 [INFO] HTTP Request: GET http://qt.gtimg.cn/q=sz000988,sh600036,sh600141 "HTTP/1.1 200 OK"
2026-07-10 16:03:51,531 [INFO] HTTP Request: GET http://qt.gtimg.cn/q=sz000988,sh600036,sh600141 "HTTP/1.1 200 OK"
[INFO   ]   🟡 CAUTION_BUY 精筛拦截 三花智控: 量能确认:缩量0.0x MA20; 动量底线[MR]:动量分75(15-65期望)
2026-07-10 16:03:51,563 [INFO]   🟡 CAUTION_BUY 精筛拦截 三花智控: 量能确认:缩量0.0x MA20; 动量底线[MR]:动量分75(15-65期望)
2026-07-10 16:03:52,498 [INFO] HTTP Request: GET http://qt.gtimg.cn/q=sz000988,sh600036,sh600141 "HTTP/1.1 200 OK"
[INFO   ]   🛡️ 非持仓SELL降级 恒立液压: SELL → WATCH (历史胜率仅20%)
2026-07-10 16:03:52,529 [INFO]   🛡️ 非持仓SELL降级 恒立液压: SELL → WATCH (历史胜率仅20%)
2026-07-10 16:03:53,476 [INFO] HTTP Request: GET http://qt.gtimg.cn/q=sz000988,sh600036,sh600141 "HTTP/1.1 200 OK"
2026-07-10 16:03:54,460 [INFO] HTTP Request: GET http://qt.gtimg.cn/q=sz000988,sh600036,sh600141 "HTTP/1.1 200 OK"
[INFO   ] [moat] 002281: akshare 获取 10 期财务数据 ✅
2026-07-10 16:03:56,602 [INFO] [moat] 002281: akshare 获取 10 期财务数据 ✅

✅ Serenity 看板已启动
   手机访问: https://resend-zone-cross.ngrok-free.dev/monitor
2026-07-10 16:04:02,321 [INFO] HTTP Request: GET http://qt.gtimg.cn/q=sz000988,sh600036,sh600141 "HTTP/1.1 200 OK"
2026-07-10 16:04:02,362 [DEBUG] 审计记录写入: 0ac655a8b5e54f73 002281 CAUTION_BUY score=64
[INFO   ] [moat] 000988: akshare 获取 10 期财务数据 ✅
2026-07-10 16:04:04,089 [INFO] [moat] 000988: akshare 获取 10 期财务数据 ✅

✅ Serenity 看板已启动
   手机访问: https://resend-zone-cross.ngrok-free.dev/monitor
2026-07-10 16:04:10,023 [INFO] HTTP Request: GET http://qt.gtimg.cn/q=sz000988,sh600036,sh600141 "HTTP/1.1 200 OK"
2026-07-10 16:04:10,053 [DEBUG] 审计记录写入: 2315c96c2e194fe9 000988 BUY score=67
2026-07-10 16:04:16,176 [INFO] HTTP Request: GET http://qt.gtimg.cn/q=sz000988,sh600036,sh600141 "HTTP/1.1 200 OK"
2026-07-10 16:04:16,207 [DEBUG] 审计记录写入: caceb0c33816495a 600141 HOLD score=58

✅ Serenity 看板已启动
   手机访问: https://resend-zone-cross.ngrok-free.dev/monitor
2026-07-10 16:04:23,189 [INFO] HTTP Request: GET http://qt.gtimg.cn/q=sz000988,sh600036,sh600141 "HTTP/1.1 200 OK"
2026-07-10 16:04:23,218 [DEBUG] 审计记录写入: a10c58f165f9426b 603083 CAUTION_BUY score=60

✅ Serenity 看板已启动
   手机访问: https://resend-zone-cross.ngrok-free.dev/monitor
2026-07-10 16:04:29,710 [INFO] HTTP Request: GET http://qt.gtimg.cn/q=sz000988,sh600036,sh600141 "HTTP/1.1 200 OK"
2026-07-10 16:04:29,738 [DEBUG] 审计记录写入: be23e731b1f94ac3 600487 CAUTION_BUY score=64
2026-07-10 16:04:36,110 [INFO] HTTP Request: GET http://qt.gtimg.cn/q=sz000988,sh600036,sh600141 "HTTP/1.1 200 OK"
2026-07-10 16:04:36,139 [DEBUG] 审计记录写入: ece17a749e6548e8 002428 HOLD score=58

✅ Serenity 看板已启动
   手机访问: https://resend-zone-cross.ngrok-free.dev/monitor
2026-07-10 16:04:42,373 [INFO] HTTP Request: GET http://qt.gtimg.cn/q=sz000988,sh600036,sh600141 "HTTP/1.1 200 OK"
2026-07-10 16:04:42,401 [DEBUG] 审计记录写入: 04adb5c7274b42fb 600460 SELL score=40
2026-07-10 16:04:48,588 [INFO] HTTP Request: GET http://qt.gtimg.cn/q=sz000988,sh600036,sh600141 "HTTP/1.1 200 OK"
2026-07-10 16:04:48,617 [DEBUG] 审计记录写入: 7a79d9b03f7f4a9e 603986 SELL score=44

✅ Serenity 看板已启动
   手机访问: https://resend-zone-cross.ngrok-free.dev/monitor
2026-07-10 16:04:55,093 [INFO] HTTP Request: GET http://qt.gtimg.cn/q=sz000988,sh600036,sh600141 "HTTP/1.1 200 OK"
2026-07-10 16:04:55,122 [DEBUG] 审计记录写入: 868b3196dfe2475b 600176 SELL score=39
[INFO   ] [moat] 600036: akshare 获取 10 期财务数据 ✅
2026-07-10 16:04:56,653 [INFO] [moat] 600036: akshare 获取 10 期财务数据 ✅

✅ Serenity 看板已启动
   手机访问: https://resend-zone-cross.ngrok-free.dev/monitor
2026-07-10 16:05:02,490 [INFO] HTTP Request: GET http://qt.gtimg.cn/q=sz000988,sh600036,sh600141 "HTTP/1.1 200 OK"
2026-07-10 16:05:02,519 [DEBUG] 审计记录写入: 7c8410b3ccc94532 600036 BUY score=70
2026-07-10 16:05:08,501 [INFO] HTTP Request: GET http://qt.gtimg.cn/q=sz000988,sh600036,sh600141 "HTTP/1.1 200 OK"
2026-07-10 16:05:08,522 [DEBUG] 审计记录写入: f0c8c85721a348b7 600585 CAUTION_BUY score=63

✅ Serenity 看板已启动
   手机访问: https://resend-zone-cross.ngrok-free.dev/monitor
2026-07-10 16:05:14,948 [INFO] HTTP Request: GET http://qt.gtimg.cn/q=sz000988,sh600036,sh600141 "HTTP/1.1 200 OK"
2026-07-10 16:05:14,978 [DEBUG] 审计记录写入: 10d17f9f79974c47 600900 CAUTION_BUY score=60

✅ Serenity 看板已启动
   手机访问: https://resend-zone-cross.ngrok-free.dev/monitor
2026-07-10 16:05:21,502 [INFO] HTTP Request: GET http://qt.gtimg.cn/q=sz000988,sh600036,sh600141 "HTTP/1.1 200 OK"
2026-07-10 16:05:21,524 [DEBUG] 审计记录写入: ad14613606674475 601398 CAUTION_BUY score=69
2026-07-10 16:05:27,581 [INFO] HTTP Request: GET http://qt.gtimg.cn/q=sz000988,sh600036,sh600141 "HTTP/1.1 200 OK"
2026-07-10 16:05:27,605 [DEBUG] 审计记录写入: f76c28dbc8c041c8 601006 BUY score=68

✅ Serenity 看板已启动
   手机访问: https://resend-zone-cross.ngrok-free.dev/monitor
2026-07-10 16:05:33,793 [INFO] HTTP Request: GET http://qt.gtimg.cn/q=sz000988,sh600036,sh600141 "HTTP/1.1 200 OK"
2026-07-10 16:05:33,819 [DEBUG] 审计记录写入: 5aef5dbef3e14ffa 000938 SELL score=44
2026-07-10 16:05:39,989 [INFO] HTTP Request: GET http://qt.gtimg.cn/q=sz000988,sh600036,sh600141 "HTTP/1.1 200 OK"
2026-07-10 16:05:40,017 [DEBUG] 审计记录写入: 9510b1b72bb441ce 601689 HOLD score=59

✅ Serenity 看板已启动
   手机访问: https://resend-zone-cross.ngrok-free.dev/monitor
2026-07-10 16:05:46,670 [INFO] HTTP Request: GET http://qt.gtimg.cn/q=sz000988,sh600036,sh600141 "HTTP/1.1 200 OK"
2026-07-10 16:05:46,699 [DEBUG] 审计记录写入: ea6841f9816a4d62 002050 CAUTION_BUY score=62

✅ Serenity 看板已启动
   手机访问: https://resend-zone-cross.ngrok-free.dev/monitor
2026-07-10 16:05:53,171 [INFO] HTTP Request: GET http://qt.gtimg.cn/q=sz000988,sh600036,sh600141 "HTTP/1.1 200 OK"
2026-07-10 16:05:53,199 [DEBUG] 审计记录写入: 8d7dbdd3e5434b1c 601100 SELL score=42
2026-07-10 16:05:59,391 [INFO] HTTP Request: GET http://qt.gtimg.cn/q=sz000988,sh600036,sh600141 "HTTP/1.1 200 OK"
2026-07-10 16:05:59,421 [DEBUG] 审计记录写入: 386ef57435994894 600580 HOLD score=51

✅ Serenity 看板已启动
   手机访问: https://resend-zone-cross.ngrok-free.dev/monitor
2026-07-10 16:06:06,037 [INFO] HTTP Request: GET http://qt.gtimg.cn/q=sz000988,sh600036,sh600141 "HTTP/1.1 200 OK"
2026-07-10 16:06:06,068 [DEBUG] 审计记录写入: 5005a42ad39a4a4d 002896 WATCH score=48
2026-07-10 16:06:09,481 [INFO] HTTP Request: GET http://qt.gtimg.cn/q=sz000938,sh600585,sh601398 "HTTP/1.1 200 OK"
2026-07-10 16:06:10,393 [INFO] HTTP Request: GET http://qt.gtimg.cn/q=sz000938,sh600585,sh601398 "HTTP/1.1 200 OK"
2026-07-10 16:06:11,292 [INFO] HTTP Request: GET http://qt.gtimg.cn/q=sz000938,sh600585,sh601398 "HTTP/1.1 200 OK"
2026-07-10 16:06:11,310 [DEBUG] 📊 operational_mode 止盈覆盖: [(0.05, 0.5), (0.1, 0.5), (0.18, 1.0)]
2026-07-10 16:06:12,217 [INFO] HTTP Request: GET http://qt.gtimg.cn/q=sz000988,sh600036,sh600141 "HTTP/1.1 200 OK"
  📊 净值 ¥68,271 (+33.7%)

  💰 净值概览:
     💰 组合净值概览
       总资产: 62549 元
       现金: 7314 元
       持仓市值: 55235 元
       总盈亏: +22.49%
       持仓数: 3 只

  🎯 翻倍进度: 1.22x (目标 2.0x, 进度 22%)
  ⚠️ 进度/进化失败: 'str' object has no attribute 'weekday'
  ⚠️ 行业轮动扫描失败: name 'sina_fetch_raw' is not defined

  📊 信号绩效:
     📊 信号绩效统计
       信号总数: 538 | 已结算: 518
       整体胜率: 35.1% | 均收益: +0.23%
       最佳信号: BUY (64.7%)

==================================================
📋 Serenity 操作摘要
  持有: ⭐000988(64), ⭐600036(63), ⭐600141(56)
  可买: 无
  卖出: 无

──────────────────────────────────────────────────
🔍 观察池候选推荐
  1. 工商银行(601398) 69分 CAUTION_BUY 动量75 UZI28
  2. 大秦铁路(601006) 68分 BUY 动量75 UZI28
  3. 亨通光电(600487) 64分 CAUTION_BUY 动量85 UZI58

  ⚠️ 信号多样性警告: 今日无买入类信号，建议关注候选推荐

  📡 Mission Control 同步成功

==================================================
  ✅ 每日工作流完成 [分析模式] | 16:06
==================================================

✅ Serenity 看板已启动
   手机访问: https://resend-zone-cross.ngrok-free.dev/monitor

✅ Serenity 看板已启动
   手机访问: https://resend-zone-cross.ngrok-free.dev/monitor

✅ Serenity 看板已启动
   手机访问: https://resend-zone-cross.ngrok-free.dev/monitor

✅ Serenity 看板已启动
   手机访问: https://resend-zone-cross.ngrok-free.dev/monitor

✅ Serenity 看板已启动
   手机访问: https://resend-zone-cross.ngrok-free.dev/monitor

✅ Serenity 看板已启动
   手机访问: https://resend-zone-cross.ngrok-free.dev/monitor

✅ Serenity 看板已启动
   手机访问: https://resend-zone-cross.ngrok-free.dev/monitor

✅ Serenity 看板已启动
   手机访问: https://resend-zone-cross.ngrok-free.dev/monitor

✅ Serenity 看板已启动
   手机访问: https://resend-zone-cross.ngrok-free.dev/monitor

✅ Serenity 看板已启动
   手机访问: https://resend-zone-cross.ngrok-free.dev/monitor

✅ Serenity 看板已启动
   手机访问: https://resend-zone-cross.ngrok-free.dev/monitor

✅ Serenity 看板已启动
   手机访问: https://resend-zone-cross.ngrok-free.dev/monitor

✅ Serenity 看板已启动
   手机访问: https://resend-zone-cross.ngrok-free.dev/monitor

✅ Serenity 看板已启动
   手机访问: https://resend-zone-cross.ngrok-free.dev/monitor

✅ Serenity 看板已启动
   手机访问: https://resend-zone-cross.ngrok-free.dev/monitor

✅ Serenity 看板已启动
   手机访问: https://resend-zone-cross.ngrok-free.dev/monitor

✅ Serenity 看板已启动
   手机访问: https://resend-zone-cross.ngrok-free.dev/monitor

✅ Serenity 看板已启动
   手机访问: https://resend-zone-cross.ngrok-free.dev/monitor

✅ Serenity 看板已启动
   手机访问: https://resend-zone-cross.ngrok-free.dev/monitor

✅ Serenity 看板已启动
   手机访问: https://resend-zone-cross.ngrok-free.dev/monitor

✅ Serenity 看板已启动
   手机访问: https://resend-zone-cross.ngrok-free.dev/monitor

✅ Serenity 看板已启动
   手机访问: https://resend-zone-cross.ngrok-free.dev/monitor

✅ Serenity 看板已启动
   手机访问: https://resend-zone-cross.ngrok-free.dev/monitor

✅ Serenity 看板已启动
   手机访问: https://resend-zone-cross.ngrok-free.dev/monitor

✅ Serenity 看板已启动
   手机访问: https://resend-zone-cross.ngrok-free.dev/monitor

✅ Serenity 看板已启动
   手机访问: https://resend-zone-cross.ngrok-free.dev/monitor

✅ Serenity 看板已启动
   手机访问: https://resend-zone-cross.ngrok-free.dev/monitor

✅ Serenity 看板已启动
   手机访问: https://resend-zone-cross.ngrok-free.dev/monitor

✅ Serenity 看板已启动
   手机访问: https://resend-zone-cross.ngrok-free.dev/monitor

✅ Serenity 看板已启动
   手机访问: https://resend-zone-cross.ngrok-free.dev/monitor

✅ Serenity 看板已启动
   手机访问: https://resend-zone-cross.ngrok-free.dev/monitor

✅ Serenity 看板已启动
   手机访问: https://resend-zone-cross.ngrok-free.dev/monitor

✅ Serenity 看板已启动
   手机访问: https://resend-zone-cross.ngrok-free.dev/monitor

✅ Serenity 看板已启动
   手机访问: https://resend-zone-cross.ngrok-free.dev/monitor

✅ Serenity 看板已启动
   手机访问: https://resend-zone-cross.ngrok-free.dev/monitor

✅ Serenity 看板已启动
   手机访问: https://resend-zone-cross.ngrok-free.dev/monitor

✅ Serenity 看板已启动
   手机访问: https://resend-zone-cross.ngrok-free.dev/monitor

✅ Serenity 看板已启动
   手机访问: https://resend-zone-cross.ngrok-free.dev/monitor

✅ Serenity 看板已启动
   手机访问: https://resend-zone-cross.ngrok-free.dev/monitor

✅ Serenity 看板已启动
   手机访问: https://resend-zone-cross.ngrok-free.dev/monitor

✅ Serenity 看板已启动
   手机访问: https://resend-zone-cross.ngrok-free.dev/monitor

✅ Serenity 看板已启动
   手机访问: https://resend-zone-cross.ngrok-free.dev/monitor

✅ Serenity 看板已启动
   手机访问: https://resend-zone-cross.ngrok-free.dev/monitor

✅ Serenity 看板已启动
   手机访问: https://resend-zone-cross.ngrok-free.dev/monitor

✅ Serenity 看板已启动
   手机访问: https://resend-zone-cross.ngrok-free.dev/monitor

✅ Serenity 看板已启动
   手机访问: https://resend-zone-cross.ngrok-free.dev/monitor

✅ Serenity 看板已启动
   手机访问: https://resend-zone-cross.ngrok-free.dev/monitor

✅ Serenity 看板已启动
   手机访问: https://resend-zone-cross.ngrok-free.dev/monitor

✅ Serenity 看板已启动
   手机访问: https://resend-zone-cross.ngrok-free.dev/monitor

✅ Serenity 看板已启动
   手机访问: https://resend-zone-cross.ngrok-free.dev/monitor

✅ Serenity 看板已启动
   手机访问: https://resend-zone-cross.ngrok-free.dev/monitor
✅ 已填充 300 个 outcome 字段 (160 条信号)

✅ Serenity 看板已启动
   手机访问: https://resend-zone-cross.ngrok-free.dev/monitor

✅ Serenity 看板已启动
   手机访问: https://resend-zone-cross.ngrok-free.dev/monitor

✅ Serenity 看板已启动
   手机访问: https://resend-zone-cross.ngrok-free.dev/monitor

✅ Serenity 看板已启动
   手机访问: https://resend-zone-cross.ngrok-free.dev/monitor

✅ Serenity 看板已启动
   手机访问: https://resend-zone-cross.ngrok-free.dev/monitor

✅ Serenity 看板已启动
   手机访问: https://resend-zone-cross.ngrok-free.dev/monitor

✅ Serenity 看板已启动
   手机访问: https://resend-zone-cross.ngrok-free.dev/monitor

✅ Serenity 看板已启动
   手机访问: https://resend-zone-cross.ngrok-free.dev/monitor

✅ Serenity 看板已启动
   手机访问: https://resend-zone-cross.ngrok-free.dev/monitor

✅ Serenity 看板已启动
   手机访问: https://resend-zone-cross.ngrok-free.dev/monitor

✅ Serenity 看板已启动
   手机访问: https://resend-zone-cross.ngrok-free.dev/monitor

✅ Serenity 看板已启动
   手机访问: https://resend-zone-cross.ngrok-free.dev/monitor

✅ Serenity 看板已启动
   手机访问: https://resend-zone-cross.ngrok-free.dev/monitor

✅ Serenity 看板已启动
   手机访问: https://resend-zone-cross.ngrok-free.dev/monitor

✅ Serenity 看板已启动
   手机访问: https://resend-zone-cross.ngrok-free.dev/monitor

✅ Serenity 看板已启动
   手机访问: https://resend-zone-cross.ngrok-free.dev/monitor

✅ Serenity 看板已启动
   手机访问: https://resend-zone-cross.ngrok-free.dev/monitor

✅ Serenity 看板已启动
   手机访问: https://resend-zone-cross.ngrok-free.dev/monitor

✅ Serenity 看板已启动
   手机访问: https://resend-zone-cross.ngrok-free.dev/monitor

✅ Serenity 看板已启动
   手机访问: https://resend-zone-cross.ngrok-free.dev/monitor

✅ Serenity 看板已启动
   手机访问: https://resend-zone-cross.ngrok-free.dev/monitor

✅ Serenity 看板已启动
   手机访问: https://resend-zone-cross.ngrok-free.dev/monitor

✅ Serenity 看板已启动
   手机访问: https://resend-zone-cross.ngrok-free.dev/monitor

✅ Serenity 看板已启动
   手机访问: https://resend-zone-cross.ngrok-free.dev/monitor

✅ Serenity 看板已启动
   手机访问: https://resend-zone-cross.ngrok-free.dev/monitor

✅ Serenity 看板已启动
   手机访问: https://resend-zone-cross.ngrok-free.dev/monitor

✅ Serenity 看板已启动
   手机访问: https://resend-zone-cross.ngrok-free.dev/monitor

✅ Serenity 看板已启动
   手机访问: https://resend-zone-cross.ngrok-free.dev/monitor

✅ Serenity 看板已启动
   手机访问: https://resend-zone-cross.ngrok-free.dev/monitor

✅ Serenity 看板已启动
   手机访问: https://resend-zone-cross.ngrok-free.dev/monitor

✅ Serenity 看板已启动
   手机访问: https://resend-zone-cross.ngrok-free.dev/monitor

✅ Serenity 看板已启动
   手机访问: https://resend-zone-cross.ngrok-free.dev/monitor

✅ Serenity 看板已启动
   手机访问: https://resend-zone-cross.ngrok-free.dev/monitor

✅ Serenity 看板已启动
   手机访问: https://resend-zone-cross.ngrok-free.dev/monitor

✅ Serenity 看板已启动
   手机访问: https://resend-zone-cross.ngrok-free.dev/monitor

✅ Serenity 看板已启动
   手机访问: https://resend-zone-cross.ngrok-free.dev/monitor

✅ Serenity 看板已启动
   手机访问: https://resend-zone-cross.ngrok-free.dev/monitor

✅ Serenity 看板已启动
   手机访问: https://resend-zone-cross.ngrok-free.dev/monitor

✅ Serenity 看板已启动
   手机访问: https://resend-zone-cross.ngrok-free.dev/monitor

✅ Serenity 看板已启动
   手机访问: https://resend-zone-cross.ngrok-free.dev/monitor

✅ Serenity 看板已启动
   手机访问: https://resend-zone-cross.ngrok-free.dev/monitor

✅ Serenity 看板已启动
   手机访问: https://resend-zone-cross.ngrok-free.dev/monitor

✅ Serenity 看板已启动
   手机访问: https://resend-zone-cross.ngrok-free.dev/monitor

✅ Serenity 看板已启动
   手机访问: https://resend-zone-cross.ngrok-free.dev/monitor

✅ Serenity 看板已启动
   手机访问: https://resend-zone-cross.ngrok-free.dev/monitor

✅ Serenity 看板已启动
   手机访问: https://resend-zone-cross.ngrok-free.dev/monitor

✅ Serenity 看板已启动
   手机访问: https://resend-zone-cross.ngrok-free.dev/monitor

✅ Serenity 看板已启动
   手机访问: https://resend-zone-cross.ngrok-free.dev/monitor

✅ Serenity 看板已启动
   手机访问: https://resend-zone-cross.ngrok-free.dev/monitor

✅ Serenity 看板已启动
   手机访问: https://resend-zone-cross.ngrok-free.dev/monitor

✅ Serenity 看板已启动
   手机访问: https://resend-zone-cross.ngrok-free.dev/monitor

✅ Serenity 看板已启动
   手机访问: https://resend-zone-cross.ngrok-free.dev/monitor

✅ Serenity 看板已启动
   手机访问: https://resend-zone-cross.ngrok-free.dev/monitor

✅ Serenity 看板已启动
   手机访问: https://resend-zone-cross.ngrok-free.dev/monitor

✅ Serenity 看板已启动
   手机访问: https://resend-zone-cross.ngrok-free.dev/monitor

✅ Serenity 看板已启动
   手机访问: https://resend-zone-cross.ngrok-free.dev/monitor

✅ Serenity 看板已启动
   手机访问: https://resend-zone-cross.ngrok-free.dev/monitor

✅ Serenity 看板已启动
   手机访问: https://resend-zone-cross.ngrok-free.dev/monitor

✅ Serenity 看板已启动
   手机访问: https://resend-zone-cross.ngrok-free.dev/monitor

✅ Serenity 看板已启动
   手机访问: https://resend-zone-cross.ngrok-free.dev/monitor

✅ Serenity 看板已启动
   手机访问: https://resend-zone-cross.ngrok-free.dev/monitor

✅ Serenity 看板已启动
   手机访问: https://resend-zone-cross.ngrok-free.dev/monitor

✅ Serenity 看板已启动
   手机访问: https://resend-zone-cross.ngrok-free.dev/monitor

✅ Serenity 看板已启动
   手机访问: https://resend-zone-cross.ngrok-free.dev/monitor

✅ Serenity 看板已启动
   手机访问: https://resend-zone-cross.ngrok-free.dev/monitor

✅ Serenity 看板已启动
   手机访问: https://resend-zone-cross.ngrok-free.dev/monitor

✅ Serenity 看板已启动
   手机访问: https://resend-zone-cross.ngrok-free.dev/monitor

✅ Serenity 看板已启动
   手机访问: https://resend-zone-cross.ngrok-free.dev/monitor

✅ Serenity 看板已启动
   手机访问: https://resend-zone-cross.ngrok-free.dev/monitor

✅ Serenity 看板已启动
   手机访问: https://resend-zone-cross.ngrok-free.dev/monitor

✅ Serenity 看板已启动
   手机访问: https://resend-zone-cross.ngrok-free.dev/monitor

✅ Serenity 看板已启动
   手机访问: https://resend-zone-cross.ngrok-free.dev/monitor

✅ Serenity 看板已启动
   手机访问: https://resend-zone-cross.ngrok-free.dev/monitor

✅ Serenity 看板已启动
   手机访问: https://resend-zone-cross.ngrok-free.dev/monitor

✅ Serenity 看板已启动
   手机访问: https://resend-zone-cross.ngrok-free.dev/monitor

✅ Serenity 看板已启动
   手机访问: https://resend-zone-cross.ngrok-free.dev/monitor

✅ Serenity 看板已启动
   手机访问: https://resend-zone-cross.ngrok-free.dev/monitor

✅ Serenity 看板已启动
   手机访问: https://resend-zone-cross.ngrok-free.dev/monitor

✅ Serenity 看板已启动
   手机访问: https://resend-zone-cross.ngrok-free.dev/monitor

✅ Serenity 看板已启动
   手机访问: https://resend-zone-cross.ngrok-free.dev/monitor

✅ Serenity 看板已启动
   手机访问: https://resend-zone-cross.ngrok-free.dev/monitor

✅ Serenity 看板已启动
   手机访问: https://resend-zone-cross.ngrok-free.dev/monitor

✅ Serenity 看板已启动
   手机访问: https://resend-zone-cross.ngrok-free.dev/monitor

✅ Serenity 看板已启动
   手机访问: https://resend-zone-cross.ngrok-free.dev/monitor

✅ Serenity 看板已启动
   手机访问: https://resend-zone-cross.ngrok-free.dev/monitor

✅ Serenity 看板已启动
   手机访问: https://resend-zone-cross.ngrok-free.dev/monitor

✅ Serenity 看板已启动
   手机访问: https://resend-zone-cross.ngrok-free.dev/monitor

✅ Serenity 看板已启动
   手机访问: https://resend-zone-cross.ngrok-free.dev/monitor

✅ Serenity 看板已启动
   手机访问: https://resend-zone-cross.ngrok-free.dev/monitor

✅ Serenity 看板已启动
   手机访问: https://resend-zone-cross.ngrok-free.dev/monitor

✅ Serenity 看板已启动
   手机访问: https://resend-zone-cross.ngrok-free.dev/monitor

✅ Serenity 看板已启动
   手机访问: https://resend-zone-cross.ngrok-free.dev/monitor

✅ Serenity 看板已启动
   手机访问: https://resend-zone-cross.ngrok-free.dev/monitor

✅ Serenity 看板已启动
   手机访问: https://resend-zone-cross.ngrok-free.dev/monitor

✅ Serenity 看板已启动
   手机访问: https://resend-zone-cross.ngrok-free.dev/monitor

✅ Serenity 看板已启动
   手机访问: https://resend-zone-cross.ngrok-free.dev/monitor

✅ Serenity 看板已启动
   手机访问: https://resend-zone-cross.ngrok-free.dev/monitor

✅ Serenity 看板已启动
   手机访问: https://resend-zone-cross.ngrok-free.dev/monitor

✅ Serenity 看板已启动
   手机访问: https://resend-zone-cross.ngrok-free.dev/monitor

✅ Serenity 看板已启动
   手机访问: https://resend-zone-cross.ngrok-free.dev/monitor

✅ Serenity 看板已启动
   手机访问: https://resend-zone-cross.ngrok-free.dev/monitor

✅ Serenity 看板已启动
   手机访问: https://resend-zone-cross.ngrok-free.dev/monitor

✅ Serenity 看板已启动
   手机访问: https://resend-zone-cross.ngrok-free.dev/monitor

✅ Serenity 看板已启动
   手机访问: https://resend-zone-cross.ngrok-free.dev/monitor

✅ Serenity 看板已启动
   手机访问: https://resend-zone-cross.ngrok-free.dev/monitor

✅ Serenity 看板已启动
   手机访问: https://resend-zone-cross.ngrok-free.dev/monitor

✅ Serenity 看板已启动
   手机访问: https://resend-zone-cross.ngrok-free.dev/monitor

✅ Serenity 看板已启动
   手机访问: https://resend-zone-cross.ngrok-free.dev/monitor

✅ Serenity 看板已启动
   手机访问: https://resend-zone-cross.ngrok-free.dev/monitor

✅ Serenity 看板已启动
   手机访问: https://resend-zone-cross.ngrok-free.dev/monitor

✅ Serenity 看板已启动
   手机访问: https://resend-zone-cross.ngrok-free.dev/monitor

✅ Serenity 看板已启动
   手机访问: https://resend-zone-cross.ngrok-free.dev/monitor

✅ Serenity 看板已启动
   手机访问: https://resend-zone-cross.ngrok-free.dev/monitor

✅ Serenity 看板已启动
   手机访问: https://resend-zone-cross.ngrok-free.dev/monitor

✅ Serenity 看板已启动
   手机访问: https://resend-zone-cross.ngrok-free.dev/monitor

✅ Serenity 看板已启动
   手机访问: https://resend-zone-cross.ngrok-free.dev/monitor

✅ Serenity 看板已启动
   手机访问: https://resend-zone-cross.ngrok-free.dev/monitor

✅ Serenity 看板已启动
   手机访问: https://resend-zone-cross.ngrok-free.dev/monitor

✅ Serenity 看板已启动
   手机访问: https://resend-zone-cross.ngrok-free.dev/monitor

✅ Serenity 看板已启动
   手机访问: https://resend-zone-cross.ngrok-free.dev/monitor

✅ Serenity 看板已启动
   手机访问: https://resend-zone-cross.ngrok-free.dev/monitor

✅ Serenity 看板已启动
   手机访问: https://resend-zone-cross.ngrok-free.dev/monitor

✅ Serenity 看板已启动
   手机访问: https://resend-zone-cross.ngrok-free.dev/monitor

✅ Serenity 看板已启动
   手机访问: https://resend-zone-cross.ngrok-free.dev/monitor

✅ Serenity 看板已启动
   手机访问: https://resend-zone-cross.ngrok-free.dev/monitor

✅ Serenity 看板已启动
   手机访问: https://resend-zone-cross.ngrok-free.dev/monitor

✅ Serenity 看板已启动
   手机访问: https://resend-zone-cross.ngrok-free.dev/monitor

✅ Serenity 看板已启动
   手机访问: https://resend-zone-cross.ngrok-free.dev/monitor

✅ Serenity 看板已启动
   手机访问: https://resend-zone-cross.ngrok-free.dev/monitor

✅ Serenity 看板已启动
   手机访问: https://resend-zone-cross.ngrok-free.dev/monitor

✅ Serenity 看板已启动
   手机访问: https://resend-zone-cross.ngrok-free.dev/monitor

✅ Serenity 看板已启动
   手机访问: https://resend-zone-cross.ngrok-free.dev/monitor

✅ Serenity 看板已启动
   手机访问: https://resend-zone-cross.ngrok-free.dev/monitor

✅ Serenity 看板已启动
   手机访问: https://resend-zone-cross.ngrok-free.dev/monitor

✅ Serenity 看板已启动
   手机访问: https://resend-zone-cross.ngrok-free.dev/monitor

✅ Serenity 看板已启动
   手机访问: https://resend-zone-cross.ngrok-free.dev/monitor

✅ Serenity 看板已启动
   手机访问: https://resend-zone-cross.ngrok-free.dev/monitor

✅ Serenity 看板已启动
   手机访问: https://resend-zone-cross.ngrok-free.dev/monitor

✅ Serenity 看板已启动
   手机访问: https://resend-zone-cross.ngrok-free.dev/monitor

✅ Serenity 看板已启动
   手机访问: https://resend-zone-cross.ngrok-free.dev/monitor

✅ Serenity 看板已启动
   手机访问: https://resend-zone-cross.ngrok-free.dev/monitor

✅ Serenity 看板已启动
   手机访问: https://resend-zone-cross.ngrok-free.dev/monitor

✅ Serenity 看板已启动
   手机访问: https://resend-zone-cross.ngrok-free.dev/monitor

✅ Serenity 看板已启动
   手机访问: https://resend-zone-cross.ngrok-free.dev/monitor

✅ Serenity 看板已启动
   手机访问: https://resend-zone-cross.ngrok-free.dev/monitor

✅ Serenity 看板已启动
   手机访问: https://resend-zone-cross.ngrok-free.dev/monitor

✅ Serenity 看板已启动
   手机访问: https://resend-zone-cross.ngrok-free.dev/monitor

✅ Serenity 看板已启动
   手机访问: https://resend-zone-cross.ngrok-free.dev/monitor

✅ Serenity 看板已启动
   手机访问: https://resend-zone-cross.ngrok-free.dev/monitor

✅ Serenity 看板已启动
   手机访问: https://resend-zone-cross.ngrok-free.dev/monitor

✅ Serenity 看板已启动
   手机访问: https://resend-zone-cross.ngrok-free.dev/monitor

✅ Serenity 看板已启动
   手机访问: https://resend-zone-cross.ngrok-free.dev/monitor

✅ Serenity 看板已启动
   手机访问: https://resend-zone-cross.ngrok-free.dev/monitor

✅ Serenity 看板已启动
   手机访问: https://resend-zone-cross.ngrok-free.dev/monitor

✅ Serenity 看板已启动
   手机访问: https://resend-zone-cross.ngrok-free.dev/monitor

✅ Serenity 看板已启动
   手机访问: https://resend-zone-cross.ngrok-free.dev/monitor

✅ Serenity 看板已启动
   手机访问: https://resend-zone-cross.ngrok-free.dev/monitor

✅ Serenity 看板已启动
   手机访问: https://resend-zone-cross.ngrok-free.dev/monitor

✅ Serenity 看板已启动
   手机访问: https://resend-zone-cross.ngrok-free.dev/monitor

✅ Serenity 看板已启动
   手机访问: https://resend-zone-cross.ngrok-free.dev/monitor

✅ Serenity 看板已启动
   手机访问: https://resend-zone-cross.ngrok-free.dev/monitor

✅ Serenity 看板已启动
   手机访问: https://resend-zone-cross.ngrok-free.dev/monitor

✅ Serenity 看板已启动
   手机访问: https://resend-zone-cross.ngrok-free.dev/monitor

✅ Serenity 看板已启动
   手机访问: https://resend-zone-cross.ngrok-free.dev/monitor

✅ Serenity 看板已启动
   手机访问: https://resend-zone-cross.ngrok-free.dev/monitor

✅ Serenity 看板已启动
   手机访问: https://resend-zone-cross.ngrok-free.dev/monitor

✅ Serenity 看板已启动
   手机访问: https://resend-zone-cross.ngrok-free.dev/monitor

✅ Serenity 看板已启动
   手机访问: https://resend-zone-cross.ngrok-free.dev/monitor

✅ Serenity 看板已启动
   手机访问: https://resend-zone-cross.ngrok-free.dev/monitor

✅ Serenity 看板已启动
   手机访问: https://resend-zone-cross.ngrok-free.dev/monitor

✅ Serenity 看板已启动
   手机访问: https://resend-zone-cross.ngrok-free.dev/monitor

✅ Serenity 看板已启动
   手机访问: https://resend-zone-cross.ngrok-free.dev/monitor

✅ Serenity 看板已启动
   手机访问: https://resend-zone-cross.ngrok-free.dev/monitor

✅ Serenity 看板已启动
   手机访问: https://resend-zone-cross.ngrok-free.dev/monitor

✅ Serenity 看板已启动
   手机访问: https://resend-zone-cross.ngrok-free.dev/monitor

✅ Serenity 看板已启动
   手机访问: https://resend-zone-cross.ngrok-free.dev/monitor

✅ Serenity 看板已启动
   手机访问: https://resend-zone-cross.ngrok-free.dev/monitor

✅ Serenity 看板已启动
   手机访问: https://resend-zone-cross.ngrok-free.dev/monitor

✅ Serenity 看板已启动
   手机访问: https://resend-zone-cross.ngrok-free.dev/monitor

✅ Serenity 看板已启动
   手机访问: https://resend-zone-cross.ngrok-free.dev/monitor

✅ Serenity 看板已启动
   手机访问: https://resend-zone-cross.ngrok-free.dev/monitor

✅ Serenity 看板已启动
   手机访问: https://resend-zone-cross.ngrok-free.dev/monitor

✅ Serenity 看板已启动
   手机访问: https://resend-zone-cross.ngrok-free.dev/monitor

✅ Serenity 看板已启动
   手机访问: https://resend-zone-cross.ngrok-free.dev/monitor

✅ Serenity 看板已启动
   手机访问: https://resend-zone-cross.ngrok-free.dev/monitor

✅ Serenity 看板已启动
   手机访问: https://resend-zone-cross.ngrok-free.dev/monitor

✅ Serenity 看板已启动
   手机访问: https://resend-zone-cross.ngrok-free.dev/monitor

✅ Serenity 看板已启动
   手机访问: https://resend-zone-cross.ngrok-free.dev/monitor

✅ Serenity 看板已启动
   手机访问: https://resend-zone-cross.ngrok-free.dev/monitor

✅ Serenity 看板已启动
   手机访问: https://resend-zone-cross.ngrok-free.dev/monitor

✅ Serenity 看板已启动
   手机访问: https://resend-zone-cross.ngrok-free.dev/monitor

✅ Serenity 看板已启动
   手机访问: https://resend-zone-cross.ngrok-free.dev/monitor

✅ Serenity 看板已启动
   手机访问: https://resend-zone-cross.ngrok-free.dev/monitor

✅ Serenity 看板已启动
   手机访问: https://resend-zone-cross.ngrok-free.dev/monitor

✅ Serenity 看板已启动
   手机访问: https://resend-zone-cross.ngrok-free.dev/monitor

✅ Serenity 看板已启动
   手机访问: https://resend-zone-cross.ngrok-free.dev/monitor

✅ Serenity 看板已启动
   手机访问: https://resend-zone-cross.ngrok-free.dev/monitor

✅ Serenity 看板已启动
   手机访问: https://resend-zone-cross.ngrok-free.dev/monitor

✅ Serenity 看板已启动
   手机访问: https://resend-zone-cross.ngrok-free.dev/monitor

✅ Serenity 看板已启动
   手机访问: https://resend-zone-cross.ngrok-free.dev/monitor

✅ Serenity 看板已启动
   手机访问: https://resend-zone-cross.ngrok-free.dev/monitor

✅ Serenity 看板已启动
   手机访问: https://resend-zone-cross.ngrok-free.dev/monitor

✅ Serenity 看板已启动
   手机访问: https://resend-zone-cross.ngrok-free.dev/monitor

✅ Serenity 看板已启动
   手机访问: https://resend-zone-cross.ngrok-free.dev/monitor

✅ Serenity 看板已启动
   手机访问: https://resend-zone-cross.ngrok-free.dev/monitor

✅ Serenity 看板已启动
   手机访问: https://resend-zone-cross.ngrok-free.dev/monitor

✅ Serenity 看板已启动
   手机访问: https://resend-zone-cross.ngrok-free.dev/monitor

✅ Serenity 看板已启动
   手机访问: https://resend-zone-cross.ngrok-free.dev/monitor

✅ Serenity 看板已启动
   手机访问: https://resend-zone-cross.ngrok-free.dev/monitor

✅ Serenity 看板已启动
   手机访问: https://resend-zone-cross.ngrok-free.dev/monitor

✅ Serenity 看板已启动
   手机访问: https://resend-zone-cross.ngrok-free.dev/monitor

✅ Serenity 看板已启动
   手机访问: https://resend-zone-cross.ngrok-free.dev/monitor

✅ Serenity 看板已启动
   手机访问: https://resend-zone-cross.ngrok-free.dev/monitor

✅ Serenity 看板已启动
   手机访问: https://resend-zone-cross.ngrok-free.dev/monitor

✅ Serenity 看板已启动
   手机访问: https://resend-zone-cross.ngrok-free.dev/monitor

✅ Serenity 看板已启动
   手机访问: https://resend-zone-cross.ngrok-free.dev/monitor

✅ Serenity 看板已启动
   手机访问: https://resend-zone-cross.ngrok-free.dev/monitor

✅ Serenity 看板已启动
   手机访问: https://resend-zone-cross.ngrok-free.dev/monitor

✅ Serenity 看板已启动
   手机访问: https://resend-zone-cross.ngrok-free.dev/monitor

✅ Serenity 看板已启动
   手机访问: https://resend-zone-cross.ngrok-free.dev/monitor

✅ Serenity 看板已启动
   手机访问: https://resend-zone-cross.ngrok-free.dev/monitor

✅ Serenity 看板已启动
   手机访问: https://resend-zone-cross.ngrok-free.dev/monitor

✅ Serenity 看板已启动
   手机访问: https://resend-zone-cross.ngrok-free.dev/monitor

✅ Serenity 看板已启动
   手机访问: https://resend-zone-cross.ngrok-free.dev/monitor

✅ Serenity 看板已启动
   手机访问: https://resend-zone-cross.ngrok-free.dev/monitor

✅ Serenity 看板已启动
   手机访问: https://resend-zone-cross.ngrok-free.dev/monitor

✅ Serenity 看板已启动
   手机访问: https://resend-zone-cross.ngrok-free.dev/monitor

✅ Serenity 看板已启动
   手机访问: https://resend-zone-cross.ngrok-free.dev/monitor

✅ Serenity 看板已启动
   手机访问: https://resend-zone-cross.ngrok-free.dev/monitor

✅ Serenity 看板已启动
   手机访问: https://resend-zone-cross.ngrok-free.dev/monitor

✅ Serenity 看板已启动
   手机访问: https://resend-zone-cross.ngrok-free.dev/monitor

✅ Serenity 看板已启动
   手机访问: https://resend-zone-cross.ngrok-free.dev/monitor

✅ Serenity 看板已启动
   手机访问: https://resend-zone-cross.ngrok-free.dev/monitor

✅ Serenity 看板已启动
   手机访问: https://resend-zone-cross.ngrok-free.dev/monitor

✅ Serenity 看板已启动
   手机访问: https://resend-zone-cross.ngrok-free.dev/monitor

✅ Serenity 看板已启动
   手机访问: https://resend-zone-cross.ngrok-free.dev/monitor

✅ Serenity 看板已启动
   手机访问: https://resend-zone-cross.ngrok-free.dev/monitor

✅ Serenity 看板已启动
   手机访问: https://resend-zone-cross.ngrok-free.dev/monitor

✅ Serenity 看板已启动
   手机访问: https://resend-zone-cross.ngrok-free.dev/monitor

✅ Serenity 看板已启动
   手机访问: https://resend-zone-cross.ngrok-free.dev/monitor

✅ Serenity 看板已启动
   手机访问: https://resend-zone-cross.ngrok-free.dev/monitor

✅ Serenity 看板已启动
   手机访问: https://resend-zone-cross.ngrok-free.dev/monitor

✅ Serenity 看板已启动
   手机访问: https://resend-zone-cross.ngrok-free.dev/monitor

✅ Serenity 看板已启动
   手机访问: https://resend-zone-cross.ngrok-free.dev/monitor

✅ Serenity 看板已启动
   手机访问: https://resend-zone-cross.ngrok-free.dev/monitor

✅ Serenity 看板已启动
   手机访问: https://resend-zone-cross.ngrok-free.dev/monitor

✅ Serenity 看板已启动
   手机访问: https://resend-zone-cross.ngrok-free.dev/monitor

✅ Serenity 看板已启动
   手机访问: https://resend-zone-cross.ngrok-free.dev/monitor

✅ Serenity 看板已启动
   手机访问: https://resend-zone-cross.ngrok-free.dev/monitor

✅ Serenity 看板已启动
   手机访问: https://resend-zone-cross.ngrok-free.dev/monitor

✅ Serenity 看板已启动
   手机访问: https://resend-zone-cross.ngrok-free.dev/monitor

✅ Serenity 看板已启动
   手机访问: https://resend-zone-cross.ngrok-free.dev/monitor

✅ Serenity 看板已启动
   手机访问: https://resend-zone-cross.ngrok-free.dev/monitor

✅ Serenity 看板已启动
   手机访问: https://resend-zone-cross.ngrok-free.dev/monitor

✅ Serenity 看板已启动
   手机访问: https://resend-zone-cross.ngrok-free.dev/monitor

✅ Serenity 看板已启动
   手机访问: https://resend-zone-cross.ngrok-free.dev/monitor

✅ Serenity 看板已启动
   手机访问: https://resend-zone-cross.ngrok-free.dev/monitor

✅ Serenity 看板已启动
   手机访问: https://resend-zone-cross.ngrok-free.dev/monitor

✅ Serenity 看板已启动
   手机访问: https://resend-zone-cross.ngrok-free.dev/monitor

✅ Serenity 看板已启动
   手机访问: https://resend-zone-cross.ngrok-free.dev/monitor

✅ Serenity 看板已启动
   手机访问: https://resend-zone-cross.ngrok-free.dev/monitor

✅ Serenity 看板已启动
   手机访问: https://resend-zone-cross.ngrok-free.dev/monitor

✅ Serenity 看板已启动
   手机访问: https://resend-zone-cross.ngrok-free.dev/monitor

✅ Serenity 看板已启动
   手机访问: https://resend-zone-cross.ngrok-free.dev/monitor

✅ Serenity 看板已启动
   手机访问: https://resend-zone-cross.ngrok-free.dev/monitor

✅ Serenity 看板已启动
   手机访问: https://resend-zone-cross.ngrok-free.dev/monitor

✅ Serenity 看板已启动
   手机访问: https://resend-zone-cross.ngrok-free.dev/monitor

✅ Serenity 看板已启动
   手机访问: https://resend-zone-cross.ngrok-free.dev/monitor

✅ Serenity 看板已启动
   手机访问: https://resend-zone-cross.ngrok-free.dev/monitor

✅ Serenity 看板已启动
   手机访问: https://resend-zone-cross.ngrok-free.dev/monitor

✅ Serenity 看板已启动
   手机访问: https://resend-zone-cross.ngrok-free.dev/monitor

✅ Serenity 看板已启动
   手机访问: https://resend-zone-cross.ngrok-free.dev/monitor

✅ Serenity 看板已启动
   手机访问: https://resend-zone-cross.ngrok-free.dev/monitor

✅ Serenity 看板已启动
   手机访问: https://resend-zone-cross.ngrok-free.dev/monitor

✅ Serenity 看板已启动
   手机访问: https://resend-zone-cross.ngrok-free.dev/monitor

✅ Serenity 看板已启动
   手机访问: https://resend-zone-cross.ngrok-free.dev/monitor

✅ Serenity 看板已启动
   手机访问: https://resend-zone-cross.ngrok-free.dev/monitor

✅ Serenity 看板已启动
   手机访问: https://resend-zone-cross.ngrok-free.dev/monitor

✅ Serenity 看板已启动
   手机访问: https://resend-zone-cross.ngrok-free.dev/monitor

✅ Serenity 看板已启动
   手机访问: https://resend-zone-cross.ngrok-free.dev/monitor

✅ Serenity 看板已启动
   手机访问: https://resend-zone-cross.ngrok-free.dev/monitor

✅ Serenity 看板已启动
   手机访问: https://resend-zone-cross.ngrok-free.dev/monitor

✅ Serenity 看板已启动
   手机访问: https://resend-zone-cross.ngrok-free.dev/monitor

✅ Serenity 看板已启动
   手机访问: https://resend-zone-cross.ngrok-free.dev/monitor

✅ Serenity 看板已启动
   手机访问: https://resend-zone-cross.ngrok-free.dev/monitor

✅ Serenity 看板已启动
   手机访问: https://resend-zone-cross.ngrok-free.dev/monitor

✅ Serenity 看板已启动
   手机访问: https://resend-zone-cross.ngrok-free.dev/monitor

✅ Serenity 看板已启动
   手机访问: https://resend-zone-cross.ngrok-free.dev/monitor

✅ Serenity 看板已启动
   手机访问: https://resend-zone-cross.ngrok-free.dev/monitor

✅ Serenity 看板已启动
   手机访问: https://resend-zone-cross.ngrok-free.dev/monitor

✅ Serenity 看板已启动
   手机访问: https://resend-zone-cross.ngrok-free.dev/monitor

✅ Serenity 看板已启动
   手机访问: https://resend-zone-cross.ngrok-free.dev/monitor

✅ Serenity 看板已启动
   手机访问: https://resend-zone-cross.ngrok-free.dev/monitor

✅ Serenity 看板已启动
   手机访问: https://resend-zone-cross.ngrok-free.dev/monitor

✅ Serenity 看板已启动
   手机访问: https://resend-zone-cross.ngrok-free.dev/monitor

✅ Serenity 看板已启动
   手机访问: https://resend-zone-cross.ngrok-free.dev/monitor

✅ Serenity 看板已启动
   手机访问: https://resend-zone-cross.ngrok-free.dev/monitor

✅ Serenity 看板已启动
   手机访问: https://resend-zone-cross.ngrok-free.dev/monitor

✅ Serenity 看板已启动
   手机访问: https://resend-zone-cross.ngrok-free.dev/monitor

✅ Serenity 看板已启动
   手机访问: https://resend-zone-cross.ngrok-free.dev/monitor

✅ Serenity 看板已启动
   手机访问: https://resend-zone-cross.ngrok-free.dev/monitor

✅ Serenity 看板已启动
   手机访问: https://resend-zone-cross.ngrok-free.dev/monitor

✅ Serenity 看板已启动
   手机访问: https://resend-zone-cross.ngrok-free.dev/monitor

✅ Serenity 看板已启动
   手机访问: https://resend-zone-cross.ngrok-free.dev/monitor

✅ Serenity 看板已启动
   手机访问: https://resend-zone-cross.ngrok-free.dev/monitor

✅ Serenity 看板已启动
   手机访问: https://resend-zone-cross.ngrok-free.dev/monitor

✅ Serenity 看板已启动
   手机访问: https://resend-zone-cross.ngrok-free.dev/monitor

✅ Serenity 看板已启动
   手机访问: https://resend-zone-cross.ngrok-free.dev/monitor

✅ Serenity 看板已启动
   手机访问: https://resend-zone-cross.ngrok-free.dev/monitor

✅ Serenity 看板已启动
   手机访问: https://resend-zone-cross.ngrok-free.dev/monitor

✅ Serenity 看板已启动
   手机访问: https://resend-zone-cross.ngrok-free.dev/monitor

✅ Serenity 看板已启动
   手机访问: https://resend-zone-cross.ngrok-free.dev/monitor

✅ Serenity 看板已启动
   手机访问: https://resend-zone-cross.ngrok-free.dev/monitor

✅ Serenity 看板已启动
   手机访问: https://resend-zone-cross.ngrok-free.dev/monitor

✅ Serenity 看板已启动
   手机访问: https://resend-zone-cross.ngrok-free.dev/monitor

✅ Serenity 看板已启动
   手机访问: https://resend-zone-cross.ngrok-free.dev/monitor

✅ Serenity 看板已启动
   手机访问: https://resend-zone-cross.ngrok-free.dev/monitor

✅ Serenity 看板已启动
   手机访问: https://resend-zone-cross.ngrok-free.dev/monitor

✅ Serenity 看板已启动
   手机访问: https://resend-zone-cross.ngrok-free.dev/monitor

✅ Serenity 看板已启动
   手机访问: https://resend-zone-cross.ngrok-free.dev/monitor

✅ Serenity 看板已启动
   手机访问: https://resend-zone-cross.ngrok-free.dev/monitor

✅ Serenity 看板已启动
   手机访问: https://resend-zone-cross.ngrok-free.dev/monitor

✅ Serenity 看板已启动
   手机访问: https://resend-zone-cross.ngrok-free.dev/monitor

✅ Serenity 看板已启动
   手机访问: https://resend-zone-cross.ngrok-free.dev/monitor

✅ Serenity 看板已启动
   手机访问: https://resend-zone-cross.ngrok-free.dev/monitor

✅ Serenity 看板已启动
   手机访问: https://resend-zone-cross.ngrok-free.dev/monitor

✅ Serenity 看板已启动
   手机访问: https://resend-zone-cross.ngrok-free.dev/monitor

✅ Serenity 看板已启动
   手机访问: https://resend-zone-cross.ngrok-free.dev/monitor

✅ Serenity 看板已启动
   手机访问: https://resend-zone-cross.ngrok-free.dev/monitor

✅ Serenity 看板已启动
   手机访问: https://resend-zone-cross.ngrok-free.dev/monitor

✅ Serenity 看板已启动
   手机访问: https://resend-zone-cross.ngrok-free.dev/monitor

✅ Serenity 看板已启动
   手机访问: https://resend-zone-cross.ngrok-free.dev/monitor

✅ Serenity 看板已启动
   手机访问: https://resend-zone-cross.ngrok-free.dev/monitor

✅ Serenity 看板已启动
   手机访问: https://resend-zone-cross.ngrok-free.dev/monitor

✅ Serenity 看板已启动
   手机访问: https://resend-zone-cross.ngrok-free.dev/monitor

✅ Serenity 看板已启动
   手机访问: https://resend-zone-cross.ngrok-free.dev/monitor

✅ Serenity 看板已启动
   手机访问: https://resend-zone-cross.ngrok-free.dev/monitor

✅ Serenity 看板已启动
   手机访问: https://resend-zone-cross.ngrok-free.dev/monitor

✅ Serenity 看板已启动
   手机访问: https://resend-zone-cross.ngrok-free.dev/monitor

✅ Serenity 看板已启动
   手机访问: https://resend-zone-cross.ngrok-free.dev/monitor

✅ Serenity 看板已启动
   手机访问: https://resend-zone-cross.ngrok-free.dev/monitor

✅ Serenity 看板已启动
   手机访问: https://resend-zone-cross.ngrok-free.dev/monitor

✅ Serenity 看板已启动
   手机访问: https://resend-zone-cross.ngrok-free.dev/monitor

✅ Serenity 看板已启动
   手机访问: https://resend-zone-cross.ngrok-free.dev/monitor

✅ Serenity 看板已启动
   手机访问: https://resend-zone-cross.ngrok-free.dev/monitor

✅ Serenity 看板已启动
   手机访问: https://resend-zone-cross.ngrok-free.dev/monitor

✅ Serenity 看板已启动
   手机访问: https://resend-zone-cross.ngrok-free.dev/monitor

✅ Serenity 看板已启动
   手机访问: https://resend-zone-cross.ngrok-free.dev/monitor

✅ Serenity 看板已启动
   手机访问: https://resend-zone-cross.ngrok-free.dev/monitor

✅ Serenity 看板已启动
   手机访问: https://resend-zone-cross.ngrok-free.dev/monitor

✅ Serenity 看板已启动
   手机访问: https://resend-zone-cross.ngrok-free.dev/monitor

✅ Serenity 看板已启动
   手机访问: https://resend-zone-cross.ngrok-free.dev/monitor

✅ Serenity 看板已启动
   手机访问: https://resend-zone-cross.ngrok-free.dev/monitor

✅ Serenity 看板已启动
   手机访问: https://resend-zone-cross.ngrok-free.dev/monitor

✅ Serenity 看板已启动
   手机访问: https://resend-zone-cross.ngrok-free.dev/monitor

✅ Serenity 看板已启动
   手机访问: https://resend-zone-cross.ngrok-free.dev/monitor

✅ Serenity 看板已启动
   手机访问: https://resend-zone-cross.ngrok-free.dev/monitor

✅ Serenity 看板已启动
   手机访问: https://resend-zone-cross.ngrok-free.dev/monitor

✅ Serenity 看板已启动
   手机访问: https://resend-zone-cross.ngrok-free.dev/monitor

✅ Serenity 看板已启动
   手机访问: https://resend-zone-cross.ngrok-free.dev/monitor

✅ Serenity 看板已启动
   手机访问: https://resend-zone-cross.ngrok-free.dev/monitor

✅ Serenity 看板已启动
   手机访问: https://resend-zone-cross.ngrok-free.dev/monitor

✅ Serenity 看板已启动
   手机访问: https://resend-zone-cross.ngrok-free.dev/monitor

✅ Serenity 看板已启动
   手机访问: https://resend-zone-cross.ngrok-free.dev/monitor

✅ Serenity 看板已启动
   手机访问: https://resend-zone-cross.ngrok-free.dev/monitor

✅ Serenity 看板已启动
   手机访问: https://resend-zone-cross.ngrok-free.dev/monitor

✅ Serenity 看板已启动
   手机访问: https://resend-zone-cross.ngrok-free.dev/monitor

✅ Serenity 看板已启动
   手机访问: https://resend-zone-cross.ngrok-free.dev/monitor

✅ Serenity 看板已启动
   手机访问: https://resend-zone-cross.ngrok-free.dev/monitor

✅ Serenity 看板已启动
   手机访问: https://resend-zone-cross.ngrok-free.dev/monitor

✅ Serenity 看板已启动
   手机访问: https://resend-zone-cross.ngrok-free.dev/monitor

✅ Serenity 看板已启动
   手机访问: https://resend-zone-cross.ngrok-free.dev/monitor

✅ Serenity 看板已启动
   手机访问: https://resend-zone-cross.ngrok-free.dev/monitor

✅ Serenity 看板已启动
   手机访问: https://resend-zone-cross.ngrok-free.dev/monitor

✅ Serenity 看板已启动
   手机访问: https://resend-zone-cross.ngrok-free.dev/monitor

✅ Serenity 看板已启动
   手机访问: https://resend-zone-cross.ngrok-free.dev/monitor

✅ Serenity 看板已启动
   手机访问: https://resend-zone-cross.ngrok-free.dev/monitor

✅ Serenity 看板已启动
   手机访问: https://resend-zone-cross.ngrok-free.dev/monitor

✅ Serenity 看板已启动
   手机访问: https://resend-zone-cross.ngrok-free.dev/monitor

✅ Serenity 看板已启动
   手机访问: https://resend-zone-cross.ngrok-free.dev/monitor

✅ Serenity 看板已启动
   手机访问: https://resend-zone-cross.ngrok-free.dev/monitor

✅ Serenity 看板已启动
   手机访问: https://resend-zone-cross.ngrok-free.dev/monitor

✅ Serenity 看板已启动
   手机访问: https://resend-zone-cross.ngrok-free.dev/monitor

✅ Serenity 看板已启动
   手机访问: https://resend-zone-cross.ngrok-free.dev/monitor

✅ Serenity 看板已启动
   手机访问: https://resend-zone-cross.ngrok-free.dev/monitor

✅ Serenity 看板已启动
   手机访问: https://resend-zone-cross.ngrok-free.dev/monitor

✅ Serenity 看板已启动
   手机访问: https://resend-zone-cross.ngrok-free.dev/monitor

✅ Serenity 看板已启动
   手机访问: https://resend-zone-cross.ngrok-free.dev/monitor

✅ Serenity 看板已启动
   手机访问: https://resend-zone-cross.ngrok-free.dev/monitor

✅ Serenity 看板已启动
   手机访问: https://resend-zone-cross.ngrok-free.dev/monitor

✅ Serenity 看板已启动
   手机访问: https://resend-zone-cross.ngrok-free.dev/monitor

✅ Serenity 看板已启动
   手机访问: https://resend-zone-cross.ngrok-free.dev/monitor

✅ Serenity 看板已启动
   手机访问: https://resend-zone-cross.ngrok-free.dev/monitor

✅ Serenity 看板已启动
   手机访问: https://resend-zone-cross.ngrok-free.dev/monitor

✅ Serenity 看板已启动
   手机访问: https://resend-zone-cross.ngrok-free.dev/monitor

✅ Serenity 看板已启动
   手机访问: https://resend-zone-cross.ngrok-free.dev/monitor

✅ Serenity 看板已启动
   手机访问: https://resend-zone-cross.ngrok-free.dev/monitor

✅ Serenity 看板已启动
   手机访问: https://resend-zone-cross.ngrok-free.dev/monitor

✅ Serenity 看板已启动
   手机访问: https://resend-zone-cross.ngrok-free.dev/monitor

✅ Serenity 看板已启动
   手机访问: https://resend-zone-cross.ngrok-free.dev/monitor

✅ Serenity 看板已启动
   手机访问: https://resend-zone-cross.ngrok-free.dev/monitor

✅ Serenity 看板已启动
   手机访问: https://resend-zone-cross.ngrok-free.dev/monitor

✅ Serenity 看板已启动
   手机访问: https://resend-zone-cross.ngrok-free.dev/monitor

✅ Serenity 看板已启动
   手机访问: https://resend-zone-cross.ngrok-free.dev/monitor

✅ Serenity 看板已启动
   手机访问: https://resend-zone-cross.ngrok-free.dev/monitor

✅ Serenity 看板已启动
   手机访问: https://resend-zone-cross.ngrok-free.dev/monitor

✅ Serenity 看板已启动
   手机访问: https://resend-zone-cross.ngrok-free.dev/monitor

✅ Serenity 看板已启动
   手机访问: https://resend-zone-cross.ngrok-free.dev/monitor

✅ Serenity 看板已启动
   手机访问: https://resend-zone-cross.ngrok-free.dev/monitor

✅ Serenity 看板已启动
   手机访问: https://resend-zone-cross.ngrok-free.dev/monitor

✅ Serenity 看板已启动
   手机访问: https://resend-zone-cross.ngrok-free.dev/monitor

✅ Serenity 看板已启动
   手机访问: https://resend-zone-cross.ngrok-free.dev/monitor

✅ Serenity 看板已启动
   手机访问: https://resend-zone-cross.ngrok-free.dev/monitor

✅ Serenity 看板已启动
   手机访问: https://resend-zone-cross.ngrok-free.dev/monitor

✅ Serenity 看板已启动
   手机访问: https://resend-zone-cross.ngrok-free.dev/monitor

✅ Serenity 看板已启动
   手机访问: https://resend-zone-cross.ngrok-free.dev/monitor

✅ Serenity 看板已启动
   手机访问: https://resend-zone-cross.ngrok-free.dev/monitor

✅ Serenity 看板已启动
   手机访问: https://resend-zone-cross.ngrok-free.dev/monitor

✅ Serenity 看板已启动
   手机访问: https://resend-zone-cross.ngrok-free.dev/monitor

✅ Serenity 看板已启动
   手机访问: https://resend-zone-cross.ngrok-free.dev/monitor

✅ Serenity 看板已启动
   手机访问: https://resend-zone-cross.ngrok-free.dev/monitor

✅ Serenity 看板已启动
   手机访问: https://resend-zone-cross.ngrok-free.dev/monitor

✅ Serenity 看板已启动
   手机访问: https://resend-zone-cross.ngrok-free.dev/monitor

✅ Serenity 看板已启动
   手机访问: https://resend-zone-cross.ngrok-free.dev/monitor

✅ Serenity 看板已启动
   手机访问: https://resend-zone-cross.ngrok-free.dev/monitor

✅ Serenity 看板已启动
   手机访问: https://resend-zone-cross.ngrok-free.dev/monitor

✅ Serenity 看板已启动
   手机访问: https://resend-zone-cross.ngrok-free.dev/monitor

✅ Serenity 看板已启动
   手机访问: https://resend-zone-cross.ngrok-free.dev/monitor

✅ Serenity 看板已启动
   手机访问: https://resend-zone-cross.ngrok-free.dev/monitor

✅ Serenity 看板已启动
   手机访问: https://resend-zone-cross.ngrok-free.dev/monitor

✅ Serenity 看板已启动
   手机访问: https://resend-zone-cross.ngrok-free.dev/monitor

✅ Serenity 看板已启动
   手机访问: https://resend-zone-cross.ngrok-free.dev/monitor

✅ Serenity 看板已启动
   手机访问: https://resend-zone-cross.ngrok-free.dev/monitor

✅ Serenity 看板已启动
   手机访问: https://resend-zone-cross.ngrok-free.dev/monitor

✅ Serenity 看板已启动
   手机访问: https://resend-zone-cross.ngrok-free.dev/monitor

✅ Serenity 看板已启动
   手机访问: https://resend-zone-cross.ngrok-free.dev/monitor

✅ Serenity 看板已启动
   手机访问: https://resend-zone-cross.ngrok-free.dev/monitor

✅ Serenity 看板已启动
   手机访问: https://resend-zone-cross.ngrok-free.dev/monitor

✅ Serenity 看板已启动
   手机访问: https://resend-zone-cross.ngrok-free.dev/monitor

✅ Serenity 看板已启动
   手机访问: https://resend-zone-cross.ngrok-free.dev/monitor

✅ Serenity 看板已启动
   手机访问: https://resend-zone-cross.ngrok-free.dev/monitor

✅ Serenity 看板已启动
   手机访问: https://resend-zone-cross.ngrok-free.dev/monitor

✅ Serenity 看板已启动
   手机访问: https://resend-zone-cross.ngrok-free.dev/monitor

✅ Serenity 看板已启动
   手机访问: https://resend-zone-cross.ngrok-free.dev/monitor

✅ Serenity 看板已启动
   手机访问: https://resend-zone-cross.ngrok-free.dev/monitor

✅ Serenity 看板已启动
   手机访问: https://resend-zone-cross.ngrok-free.dev/monitor

✅ Serenity 看板已启动
   手机访问: https://resend-zone-cross.ngrok-free.dev/monitor

✅ Serenity 看板已启动
   手机访问: https://resend-zone-cross.ngrok-free.dev/monitor

✅ Serenity 看板已启动
   手机访问: https://resend-zone-cross.ngrok-free.dev/monitor

✅ Serenity 看板已启动
   手机访问: https://resend-zone-cross.ngrok-free.dev/monitor

✅ Serenity 看板已启动
   手机访问: https://resend-zone-cross.ngrok-free.dev/monitor

✅ Serenity 看板已启动
   手机访问: https://resend-zone-cross.ngrok-free.dev/monitor

✅ Serenity 看板已启动
   手机访问: https://resend-zone-cross.ngrok-free.dev/monitor

✅ Serenity 看板已启动
   手机访问: https://resend-zone-cross.ngrok-free.dev/monitor

✅ Serenity 看板已启动
   手机访问: https://resend-zone-cross.ngrok-free.dev/monitor

✅ Serenity 看板已启动
   手机访问: https://resend-zone-cross.ngrok-free.dev/monitor

✅ Serenity 看板已启动
   手机访问: https://resend-zone-cross.ngrok-free.dev/monitor

✅ Serenity 看板已启动
   手机访问: https://resend-zone-cross.ngrok-free.dev/monitor

✅ Serenity 看板已启动
   手机访问: https://resend-zone-cross.ngrok-free.dev/monitor

✅ Serenity 看板已启动
   手机访问: https://resend-zone-cross.ngrok-free.dev/monitor

✅ Serenity 看板已启动
   手机访问: https://resend-zone-cross.ngrok-free.dev/monitor

✅ Serenity 看板已启动
   手机访问: https://resend-zone-cross.ngrok-free.dev/monitor

✅ Serenity 看板已启动
   手机访问: https://resend-zone-cross.ngrok-free.dev/monitor

✅ Serenity 看板已启动
   手机访问: https://resend-zone-cross.ngrok-free.dev/monitor

✅ Serenity 看板已启动
   手机访问: https://resend-zone-cross.ngrok-free.dev/monitor

✅ Serenity 看板已启动
   手机访问: https://resend-zone-cross.ngrok-free.dev/monitor

✅ Serenity 看板已启动
   手机访问: https://resend-zone-cross.ngrok-free.dev/monitor

✅ Serenity 看板已启动
   手机访问: https://resend-zone-cross.ngrok-free.dev/monitor

✅ Serenity 看板已启动
   手机访问: https://resend-zone-cross.ngrok-free.dev/monitor

✅ Serenity 看板已启动
   手机访问: https://resend-zone-cross.ngrok-free.dev/monitor

✅ Serenity 看板已启动
   手机访问: https://resend-zone-cross.ngrok-free.dev/monitor

✅ Serenity 看板已启动
   手机访问: https://resend-zone-cross.ngrok-free.dev/monitor

✅ Serenity 看板已启动
   手机访问: https://resend-zone-cross.ngrok-free.dev/monitor

✅ Serenity 看板已启动
   手机访问: https://resend-zone-cross.ngrok-free.dev/monitor

✅ Serenity 看板已启动
   手机访问: https://resend-zone-cross.ngrok-free.dev/monitor

✅ Serenity 看板已启动
   手机访问: https://resend-zone-cross.ngrok-free.dev/monitor

✅ Serenity 看板已启动
   手机访问: https://resend-zone-cross.ngrok-free.dev/monitor

✅ Serenity 看板已启动
   手机访问: https://resend-zone-cross.ngrok-free.dev/monitor

✅ Serenity 看板已启动
   手机访问: https://resend-zone-cross.ngrok-free.dev/monitor

✅ Serenity 看板已启动
   手机访问: https://resend-zone-cross.ngrok-free.dev/monitor

✅ Serenity 看板已启动
   手机访问: https://resend-zone-cross.ngrok-free.dev/monitor

✅ Serenity 看板已启动
   手机访问: https://resend-zone-cross.ngrok-free.dev/monitor

✅ Serenity 看板已启动
   手机访问: https://resend-zone-cross.ngrok-free.dev/monitor

✅ Serenity 看板已启动
   手机访问: https://resend-zone-cross.ngrok-free.dev/monitor

✅ Serenity 看板已启动
   手机访问: https://resend-zone-cross.ngrok-free.dev/monitor

✅ Serenity 看板已启动
   手机访问: https://resend-zone-cross.ngrok-free.dev/monitor

✅ Serenity 看板已启动
   手机访问: https://resend-zone-cross.ngrok-free.dev/monitor

✅ Serenity 看板已启动
   手机访问: https://resend-zone-cross.ngrok-free.dev/monitor

✅ Serenity 看板已启动
   手机访问: https://resend-zone-cross.ngrok-free.dev/monitor

✅ Serenity 看板已启动
   手机访问: https://resend-zone-cross.ngrok-free.dev/monitor

✅ Serenity 看板已启动
   手机访问: https://resend-zone-cross.ngrok-free.dev/monitor

✅ Serenity 看板已启动
   手机访问: https://resend-zone-cross.ngrok-free.dev/monitor

✅ Serenity 看板已启动
   手机访问: https://resend-zone-cross.ngrok-free.dev/monitor

✅ Serenity 看板已启动
   手机访问: https://resend-zone-cross.ngrok-free.dev/monitor

✅ Serenity 看板已启动
   手机访问: https://resend-zone-cross.ngrok-free.dev/monitor

✅ Serenity 看板已启动
   手机访问: https://resend-zone-cross.ngrok-free.dev/monitor

✅ Serenity 看板已启动
   手机访问: https://resend-zone-cross.ngrok-free.dev/monitor

✅ Serenity 看板已启动
   手机访问: https://resend-zone-cross.ngrok-free.dev/monitor

✅ Serenity 看板已启动
   手机访问: https://resend-zone-cross.ngrok-free.dev/monitor

✅ Serenity 看板已启动
   手机访问: https://resend-zone-cross.ngrok-free.dev/monitor

✅ Serenity 看板已启动
   手机访问: https://resend-zone-cross.ngrok-free.dev/monitor

✅ Serenity 看板已启动
   手机访问: https://resend-zone-cross.ngrok-free.dev/monitor

✅ Serenity 看板已启动
   手机访问: https://resend-zone-cross.ngrok-free.dev/monitor

✅ Serenity 看板已启动
   手机访问: https://resend-zone-cross.ngrok-free.dev/monitor

✅ Serenity 看板已启动
   手机访问: https://resend-zone-cross.ngrok-free.dev/monitor

✅ Serenity 看板已启动
   手机访问: https://resend-zone-cross.ngrok-free.dev/monitor

✅ Serenity 看板已启动
   手机访问: https://resend-zone-cross.ngrok-free.dev/monitor

✅ Serenity 看板已启动
   手机访问: https://resend-zone-cross.ngrok-free.dev/monitor

✅ Serenity 看板已启动
   手机访问: https://resend-zone-cross.ngrok-free.dev/monitor

✅ Serenity 看板已启动
   手机访问: https://resend-zone-cross.ngrok-free.dev/monitor

✅ Serenity 看板已启动
   手机访问: https://resend-zone-cross.ngrok-free.dev/monitor

✅ Serenity 看板已启动
   手机访问: https://resend-zone-cross.ngrok-free.dev/monitor

✅ Serenity 看板已启动
   手机访问: https://resend-zone-cross.ngrok-free.dev/monitor

✅ Serenity 看板已启动
   手机访问: https://resend-zone-cross.ngrok-free.dev/monitor

✅ Serenity 看板已启动
   手机访问: https://resend-zone-cross.ngrok-free.dev/monitor

✅ Serenity 看板已启动
   手机访问: https://resend-zone-cross.ngrok-free.dev/monitor

✅ Serenity 看板已启动
   手机访问: https://resend-zone-cross.ngrok-free.dev/monitor

✅ Serenity 看板已启动
   手机访问: https://resend-zone-cross.ngrok-free.dev/monitor

✅ Serenity 看板已启动
   手机访问: https://resend-zone-cross.ngrok-free.dev/monitor

✅ Serenity 看板已启动
   手机访问: https://resend-zone-cross.ngrok-free.dev/monitor

✅ Serenity 看板已启动
   手机访问: https://resend-zone-cross.ngrok-free.dev/monitor

✅ Serenity 看板已启动
   手机访问: https://resend-zone-cross.ngrok-free.dev/monitor

✅ Serenity 看板已启动
   手机访问: https://resend-zone-cross.ngrok-free.dev/monitor

✅ Serenity 看板已启动
   手机访问: https://resend-zone-cross.ngrok-free.dev/monitor

✅ Serenity 看板已启动
   手机访问: https://resend-zone-cross.ngrok-free.dev/monitor

✅ Serenity 看板已启动
   手机访问: https://resend-zone-cross.ngrok-free.dev/monitor

✅ Serenity 看板已启动
   手机访问: https://resend-zone-cross.ngrok-free.dev/monitor

✅ Serenity 看板已启动
   手机访问: https://resend-zone-cross.ngrok-free.dev/monitor

✅ Serenity 看板已启动
   手机访问: https://resend-zone-cross.ngrok-free.dev/monitor

✅ Serenity 看板已启动
   手机访问: https://resend-zone-cross.ngrok-free.dev/monitor

✅ Serenity 看板已启动
   手机访问: https://resend-zone-cross.ngrok-free.dev/monitor

✅ Serenity 看板已启动
   手机访问: https://resend-zone-cross.ngrok-free.dev/monitor

✅ Serenity 看板已启动
   手机访问: https://resend-zone-cross.ngrok-free.dev/monitor

✅ Serenity 看板已启动
   手机访问: https://resend-zone-cross.ngrok-free.dev/monitor

✅ Serenity 看板已启动
   手机访问: https://resend-zone-cross.ngrok-free.dev/monitor

✅ Serenity 看板已启动
   手机访问: https://resend-zone-cross.ngrok-free.dev/monitor

✅ Serenity 看板已启动
   手机访问: https://resend-zone-cross.ngrok-free.dev/monitor

✅ Serenity 看板已启动
   手机访问: https://resend-zone-cross.ngrok-free.dev/monitor

✅ Serenity 看板已启动
   手机访问: https://resend-zone-cross.ngrok-free.dev/monitor

✅ Serenity 看板已启动
   手机访问: https://resend-zone-cross.ngrok-free.dev/monitor

✅ Serenity 看板已启动
   手机访问: https://resend-zone-cross.ngrok-free.dev/monitor

✅ Serenity 看板已启动
   手机访问: https://resend-zone-cross.ngrok-free.dev/monitor

✅ Serenity 看板已启动
   手机访问: https://resend-zone-cross.ngrok-free.dev/monitor

✅ Serenity 看板已启动
   手机访问: https://resend-zone-cross.ngrok-free.dev/monitor

✅ Serenity 看板已启动
   手机访问: https://resend-zone-cross.ngrok-free.dev/monitor

✅ Serenity 看板已启动
   手机访问: https://resend-zone-cross.ngrok-free.dev/monitor

✅ Serenity 看板已启动
   手机访问: https://resend-zone-cross.ngrok-free.dev/monitor

✅ Serenity 看板已启动
   手机访问: https://resend-zone-cross.ngrok-free.dev/monitor

✅ Serenity 看板已启动
   手机访问: https://resend-zone-cross.ngrok-free.dev/monitor

✅ Serenity 看板已启动
   手机访问: https://resend-zone-cross.ngrok-free.dev/monitor

✅ Serenity 看板已启动
   手机访问: https://resend-zone-cross.ngrok-free.dev/monitor

✅ Serenity 看板已启动
   手机访问: https://resend-zone-cross.ngrok-free.dev/monitor

✅ Serenity 看板已启动
   手机访问: https://resend-zone-cross.ngrok-free.dev/monitor

✅ Serenity 看板已启动
   手机访问: https://resend-zone-cross.ngrok-free.dev/monitor

✅ Serenity 看板已启动
   手机访问: https://resend-zone-cross.ngrok-free.dev/monitor

✅ Serenity 看板已启动
   手机访问: https://resend-zone-cross.ngrok-free.dev/monitor

✅ Serenity 看板已启动
   手机访问: https://resend-zone-cross.ngrok-free.dev/monitor

✅ Serenity 看板已启动
   手机访问: https://resend-zone-cross.ngrok-free.dev/monitor

✅ Serenity 看板已启动
   手机访问: https://resend-zone-cross.ngrok-free.dev/monitor

✅ Serenity 看板已启动
   手机访问: https://resend-zone-cross.ngrok-free.dev/monitor

✅ Serenity 看板已启动
   手机访问: https://resend-zone-cross.ngrok-free.dev/monitor

✅ Serenity 看板已启动
   手机访问: https://resend-zone-cross.ngrok-free.dev/monitor

✅ Serenity 看板已启动
   手机访问: https://resend-zone-cross.ngrok-free.dev/monitor

✅ Serenity 看板已启动
   手机访问: https://resend-zone-cross.ngrok-free.dev/monitor

✅ Serenity 看板已启动
   手机访问: https://resend-zone-cross.ngrok-free.dev/monitor

✅ Serenity 看板已启动
   手机访问: https://resend-zone-cross.ngrok-free.dev/monitor

✅ Serenity 看板已启动
   手机访问: https://resend-zone-cross.ngrok-free.dev/monitor

✅ Serenity 看板已启动
   手机访问: https://resend-zone-cross.ngrok-free.dev/monitor

✅ Serenity 看板已启动
   手机访问: https://resend-zone-cross.ngrok-free.dev/monitor

✅ Serenity 看板已启动
   手机访问: https://resend-zone-cross.ngrok-free.dev/monitor

✅ Serenity 看板已启动
   手机访问: https://resend-zone-cross.ngrok-free.dev/monitor

✅ Serenity 看板已启动
   手机访问: https://resend-zone-cross.ngrok-free.dev/monitor

✅ Serenity 看板已启动
   手机访问: https://resend-zone-cross.ngrok-free.dev/monitor

✅ Serenity 看板已启动
   手机访问: https://resend-zone-cross.ngrok-free.dev/monitor

✅ Serenity 看板已启动
   手机访问: https://resend-zone-cross.ngrok-free.dev/monitor

✅ Serenity 看板已启动
   手机访问: https://resend-zone-cross.ngrok-free.dev/monitor

✅ Serenity 看板已启动
   手机访问: https://resend-zone-cross.ngrok-free.dev/monitor

✅ Serenity 看板已启动
   手机访问: https://resend-zone-cross.ngrok-free.dev/monitor

✅ Serenity 看板已启动
   手机访问: https://resend-zone-cross.ngrok-free.dev/monitor

✅ Serenity 看板已启动
   手机访问: https://resend-zone-cross.ngrok-free.dev/monitor

✅ Serenity 看板已启动
   手机访问: https://resend-zone-cross.ngrok-free.dev/monitor

✅ Serenity 看板已启动
   手机访问: https://resend-zone-cross.ngrok-free.dev/monitor

✅ Serenity 看板已启动
   手机访问: https://resend-zone-cross.ngrok-free.dev/monitor

✅ Serenity 看板已启动
   手机访问: https://resend-zone-cross.ngrok-free.dev/monitor

✅ Serenity 看板已启动
   手机访问: https://resend-zone-cross.ngrok-free.dev/monitor

✅ Serenity 看板已启动
   手机访问: https://resend-zone-cross.ngrok-free.dev/monitor

✅ Serenity 看板已启动
   手机访问: https://resend-zone-cross.ngrok-free.dev/monitor

✅ Serenity 看板已启动
   手机访问: https://resend-zone-cross.ngrok-free.dev/monitor

✅ Serenity 看板已启动
   手机访问: https://resend-zone-cross.ngrok-free.dev/monitor

✅ Serenity 看板已启动
   手机访问: https://resend-zone-cross.ngrok-free.dev/monitor

✅ Serenity 看板已启动
   手机访问: https://resend-zone-cross.ngrok-free.dev/monitor

✅ Serenity 看板已启动
   手机访问: https://resend-zone-cross.ngrok-free.dev/monitor

✅ Serenity 看板已启动
   手机访问: https://resend-zone-cross.ngrok-free.dev/monitor

✅ Serenity 看板已启动
   手机访问: https://resend-zone-cross.ngrok-free.dev/monitor

✅ Serenity 看板已启动
   手机访问: https://resend-zone-cross.ngrok-free.dev/monitor

✅ Serenity 看板已启动
   手机访问: https://resend-zone-cross.ngrok-free.dev/monitor

✅ Serenity 看板已启动
   手机访问: https://resend-zone-cross.ngrok-free.dev/monitor

✅ Serenity 看板已启动
   手机访问: https://resend-zone-cross.ngrok-free.dev/monitor

✅ Serenity 看板已启动
   手机访问: https://resend-zone-cross.ngrok-free.dev/monitor

✅ Serenity 看板已启动
   手机访问: https://resend-zone-cross.ngrok-free.dev/monitor

✅ Serenity 看板已启动
   手机访问: https://resend-zone-cross.ngrok-free.dev/monitor

✅ Serenity 看板已启动
   手机访问: https://resend-zone-cross.ngrok-free.dev/monitor

✅ Serenity 看板已启动
   手机访问: https://resend-zone-cross.ngrok-free.dev/monitor

✅ Serenity 看板已启动
   手机访问: https://resend-zone-cross.ngrok-free.dev/monitor

✅ Serenity 看板已启动
   手机访问: https://resend-zone-cross.ngrok-free.dev/monitor

✅ Serenity 看板已启动
   手机访问: https://resend-zone-cross.ngrok-free.dev/monitor

✅ Serenity 看板已启动
   手机访问: https://resend-zone-cross.ngrok-free.dev/monitor

✅ Serenity 看板已启动
   手机访问: https://resend-zone-cross.ngrok-free.dev/monitor

✅ Serenity 看板已启动
   手机访问: https://resend-zone-cross.ngrok-free.dev/monitor

✅ Serenity 看板已启动
   手机访问: https://resend-zone-cross.ngrok-free.dev/monitor

✅ Serenity 看板已启动
   手机访问: https://resend-zone-cross.ngrok-free.dev/monitor

✅ Serenity 看板已启动
   手机访问: https://resend-zone-cross.ngrok-free.dev/monitor

✅ Serenity 看板已启动
   手机访问: https://resend-zone-cross.ngrok-free.dev/monitor

✅ Serenity 看板已启动
   手机访问: https://resend-zone-cross.ngrok-free.dev/monitor

✅ Serenity 看板已启动
   手机访问: https://resend-zone-cross.ngrok-free.dev/monitor

✅ Serenity 看板已启动
   手机访问: https://resend-zone-cross.ngrok-free.dev/monitor

✅ Serenity 看板已启动
   手机访问: https://resend-zone-cross.ngrok-free.dev/monitor

✅ Serenity 看板已启动
   手机访问: https://resend-zone-cross.ngrok-free.dev/monitor

✅ Serenity 看板已启动
   手机访问: https://resend-zone-cross.ngrok-free.dev/monitor

✅ Serenity 看板已启动
   手机访问: https://resend-zone-cross.ngrok-free.dev/monitor

✅ Serenity 看板已启动
   手机访问: https://resend-zone-cross.ngrok-free.dev/monitor

✅ Serenity 看板已启动
   手机访问: https://resend-zone-cross.ngrok-free.dev/monitor

✅ Serenity 看板已启动
   手机访问: https://resend-zone-cross.ngrok-free.dev/monitor

✅ Serenity 看板已启动
   手机访问: https://resend-zone-cross.ngrok-free.dev/monitor

✅ Serenity 看板已启动
   手机访问: https://resend-zone-cross.ngrok-free.dev/monitor

✅ Serenity 看板已启动
   手机访问: https://resend-zone-cross.ngrok-free.dev/monitor

✅ Serenity 看板已启动
   手机访问: https://resend-zone-cross.ngrok-free.dev/monitor

✅ Serenity 看板已启动
   手机访问: https://resend-zone-cross.ngrok-free.dev/monitor

✅ Serenity 看板已启动
   手机访问: https://resend-zone-cross.ngrok-free.dev/monitor

✅ Serenity 看板已启动
   手机访问: https://resend-zone-cross.ngrok-free.dev/monitor

✅ Serenity 看板已启动
   手机访问: https://resend-zone-cross.ngrok-free.dev/monitor

✅ Serenity 看板已启动
   手机访问: https://resend-zone-cross.ngrok-free.dev/monitor

✅ Serenity 看板已启动
   手机访问: https://resend-zone-cross.ngrok-free.dev/monitor

✅ Serenity 看板已启动
   手机访问: https://resend-zone-cross.ngrok-free.dev/monitor

✅ Serenity 看板已启动
   手机访问: https://resend-zone-cross.ngrok-free.dev/monitor

✅ Serenity 看板已启动
   手机访问: https://resend-zone-cross.ngrok-free.dev/monitor

✅ Serenity 看板已启动
   手机访问: https://resend-zone-cross.ngrok-free.dev/monitor

✅ Serenity 看板已启动
   手机访问: https://resend-zone-cross.ngrok-free.dev/monitor

✅ Serenity 看板已启动
   手机访问: https://resend-zone-cross.ngrok-free.dev/monitor

✅ Serenity 看板已启动
   手机访问: https://resend-zone-cross.ngrok-free.dev/monitor

✅ Serenity 看板已启动
   手机访问: https://resend-zone-cross.ngrok-free.dev/monitor

✅ Serenity 看板已启动
   手机访问: https://resend-zone-cross.ngrok-free.dev/monitor

✅ Serenity 看板已启动
   手机访问: https://resend-zone-cross.ngrok-free.dev/monitor

✅ Serenity 看板已启动
   手机访问: https://resend-zone-cross.ngrok-free.dev/monitor

✅ Serenity 看板已启动
   手机访问: https://resend-zone-cross.ngrok-free.dev/monitor

✅ Serenity 看板已启动
   手机访问: https://resend-zone-cross.ngrok-free.dev/monitor

✅ Serenity 看板已启动
   手机访问: https://resend-zone-cross.ngrok-free.dev/monitor

✅ Serenity 看板已启动
   手机访问: https://resend-zone-cross.ngrok-free.dev/monitor

✅ Serenity 看板已启动
   手机访问: https://resend-zone-cross.ngrok-free.dev/monitor

✅ Serenity 看板已启动
   手机访问: https://resend-zone-cross.ngrok-free.dev/monitor

✅ Serenity 看板已启动
   手机访问: https://resend-zone-cross.ngrok-free.dev/monitor

✅ Serenity 看板已启动
   手机访问: https://resend-zone-cross.ngrok-free.dev/monitor

✅ Serenity 看板已启动
   手机访问: https://resend-zone-cross.ngrok-free.dev/monitor

✅ Serenity 看板已启动
   手机访问: https://resend-zone-cross.ngrok-free.dev/monitor

✅ Serenity 看板已启动
   手机访问: https://resend-zone-cross.ngrok-free.dev/monitor

✅ Serenity 看板已启动
   手机访问: https://resend-zone-cross.ngrok-free.dev/monitor

✅ Serenity 看板已启动
   手机访问: https://resend-zone-cross.ngrok-free.dev/monitor

✅ Serenity 看板已启动
   手机访问: https://resend-zone-cross.ngrok-free.dev/monitor

✅ Serenity 看板已启动
   手机访问: https://resend-zone-cross.ngrok-free.dev/monitor

✅ Serenity 看板已启动
   手机访问: https://resend-zone-cross.ngrok-free.dev/monitor

✅ Serenity 看板已启动
   手机访问: https://resend-zone-cross.ngrok-free.dev/monitor

✅ Serenity 看板已启动
   手机访问: https://resend-zone-cross.ngrok-free.dev/monitor

✅ Serenity 看板已启动
   手机访问: https://resend-zone-cross.ngrok-free.dev/monitor

✅ Serenity 看板已启动
   手机访问: https://resend-zone-cross.ngrok-free.dev/monitor

✅ Serenity 看板已启动
   手机访问: https://resend-zone-cross.ngrok-free.dev/monitor

✅ Serenity 看板已启动
   手机访问: https://resend-zone-cross.ngrok-free.dev/monitor

✅ Serenity 看板已启动
   手机访问: https://resend-zone-cross.ngrok-free.dev/monitor

✅ Serenity 看板已启动
   手机访问: https://resend-zone-cross.ngrok-free.dev/monitor

✅ Serenity 看板已启动
   手机访问: https://resend-zone-cross.ngrok-free.dev/monitor

✅ Serenity 看板已启动
   手机访问: https://resend-zone-cross.ngrok-free.dev/monitor

✅ Serenity 看板已启动
   手机访问: https://resend-zone-cross.ngrok-free.dev/monitor

✅ Serenity 看板已启动
   手机访问: https://resend-zone-cross.ngrok-free.dev/monitor

✅ Serenity 看板已启动
   手机访问: https://resend-zone-cross.ngrok-free.dev/monitor

✅ Serenity 看板已启动
   手机访问: https://resend-zone-cross.ngrok-free.dev/monitor

✅ Serenity 看板已启动
   手机访问: https://resend-zone-cross.ngrok-free.dev/monitor

✅ Serenity 看板已启动
   手机访问: https://resend-zone-cross.ngrok-free.dev/monitor

✅ Serenity 看板已启动
   手机访问: https://resend-zone-cross.ngrok-free.dev/monitor

✅ Serenity 看板已启动
   手机访问: https://resend-zone-cross.ngrok-free.dev/monitor

✅ Serenity 看板已启动
   手机访问: https://resend-zone-cross.ngrok-free.dev/monitor

✅ Serenity 看板已启动
   手机访问: https://resend-zone-cross.ngrok-free.dev/monitor

✅ Serenity 看板已启动
   手机访问: https://resend-zone-cross.ngrok-free.dev/monitor

✅ Serenity 看板已启动
   手机访问: https://resend-zone-cross.ngrok-free.dev/monitor

✅ Serenity 看板已启动
   手机访问: https://resend-zone-cross.ngrok-free.dev/monitor

✅ Serenity 看板已启动
   手机访问: https://resend-zone-cross.ngrok-free.dev/monitor

✅ Serenity 看板已启动
   手机访问: https://resend-zone-cross.ngrok-free.dev/monitor

✅ Serenity 看板已启动
   手机访问: https://resend-zone-cross.ngrok-free.dev/monitor

✅ Serenity 看板已启动
   手机访问: https://resend-zone-cross.ngrok-free.dev/monitor

✅ Serenity 看板已启动
   手机访问: https://resend-zone-cross.ngrok-free.dev/monitor

✅ Serenity 看板已启动
   手机访问: https://resend-zone-cross.ngrok-free.dev/monitor

✅ Serenity 看板已启动
   手机访问: https://resend-zone-cross.ngrok-free.dev/monitor

✅ Serenity 看板已启动
   手机访问: https://resend-zone-cross.ngrok-free.dev/monitor

✅ Serenity 看板已启动
   手机访问: https://resend-zone-cross.ngrok-free.dev/monitor

✅ Serenity 看板已启动
   手机访问: https://resend-zone-cross.ngrok-free.dev/monitor

✅ Serenity 看板已启动
   手机访问: https://resend-zone-cross.ngrok-free.dev/monitor

✅ Serenity 看板已启动
   手机访问: https://resend-zone-cross.ngrok-free.dev/monitor

✅ Serenity 看板已启动
   手机访问: https://resend-zone-cross.ngrok-free.dev/monitor

✅ Serenity 看板已启动
   手机访问: https://resend-zone-cross.ngrok-free.dev/monitor

✅ Serenity 看板已启动
   手机访问: https://resend-zone-cross.ngrok-free.dev/monitor

✅ Serenity 看板已启动
   手机访问: https://resend-zone-cross.ngrok-free.dev/monitor

✅ Serenity 看板已启动
   手机访问: https://resend-zone-cross.ngrok-free.dev/monitor

✅ Serenity 看板已启动
   手机访问: https://resend-zone-cross.ngrok-free.dev/monitor

✅ Serenity 看板已启动
   手机访问: https://resend-zone-cross.ngrok-free.dev/monitor

✅ Serenity 看板已启动
   手机访问: https://resend-zone-cross.ngrok-free.dev/monitor

✅ Serenity 看板已启动
   手机访问: https://resend-zone-cross.ngrok-free.dev/monitor

✅ Serenity 看板已启动
   手机访问: https://resend-zone-cross.ngrok-free.dev/monitor

✅ Serenity 看板已启动
   手机访问: https://resend-zone-cross.ngrok-free.dev/monitor

✅ Serenity 看板已启动
   手机访问: https://resend-zone-cross.ngrok-free.dev/monitor

✅ Serenity 看板已启动
   手机访问: https://resend-zone-cross.ngrok-free.dev/monitor

✅ Serenity 看板已启动
   手机访问: https://resend-zone-cross.ngrok-free.dev/monitor

✅ Serenity 看板已启动
   手机访问: https://resend-zone-cross.ngrok-free.dev/monitor

✅ Serenity 看板已启动
   手机访问: https://resend-zone-cross.ngrok-free.dev/monitor

✅ Serenity 看板已启动
   手机访问: https://resend-zone-cross.ngrok-free.dev/monitor

✅ Serenity 看板已启动
   手机访问: https://resend-zone-cross.ngrok-free.dev/monitor

✅ Serenity 看板已启动
   手机访问: https://resend-zone-cross.ngrok-free.dev/monitor

✅ Serenity 看板已启动
   手机访问: https://resend-zone-cross.ngrok-free.dev/monitor

✅ Serenity 看板已启动
   手机访问: https://resend-zone-cross.ngrok-free.dev/monitor

✅ Serenity 看板已启动
   手机访问: https://resend-zone-cross.ngrok-free.dev/monitor

✅ Serenity 看板已启动
   手机访问: https://resend-zone-cross.ngrok-free.dev/monitor

✅ Serenity 看板已启动
   手机访问: https://resend-zone-cross.ngrok-free.dev/monitor

✅ Serenity 看板已启动
   手机访问: https://resend-zone-cross.ngrok-free.dev/monitor

✅ Serenity 看板已启动
   手机访问: https://resend-zone-cross.ngrok-free.dev/monitor

✅ Serenity 看板已启动
   手机访问: https://resend-zone-cross.ngrok-free.dev/monitor

✅ Serenity 看板已启动
   手机访问: https://resend-zone-cross.ngrok-free.dev/monitor

✅ Serenity 看板已启动
   手机访问: https://resend-zone-cross.ngrok-free.dev/monitor

✅ Serenity 看板已启动
   手机访问: https://resend-zone-cross.ngrok-free.dev/monitor

✅ Serenity 看板已启动
   手机访问: https://resend-zone-cross.ngrok-free.dev/monitor

✅ Serenity 看板已启动
   手机访问: https://resend-zone-cross.ngrok-free.dev/monitor

✅ Serenity 看板已启动
   手机访问: https://resend-zone-cross.ngrok-free.dev/monitor

✅ Serenity 看板已启动
   手机访问: https://resend-zone-cross.ngrok-free.dev/monitor

✅ Serenity 看板已启动
   手机访问: https://resend-zone-cross.ngrok-free.dev/monitor

✅ Serenity 看板已启动
   手机访问: https://resend-zone-cross.ngrok-free.dev/monitor

✅ Serenity 看板已启动
   手机访问: https://resend-zone-cross.ngrok-free.dev/monitor

✅ Serenity 看板已启动
   手机访问: https://resend-zone-cross.ngrok-free.dev/monitor

✅ Serenity 看板已启动
   手机访问: https://resend-zone-cross.ngrok-free.dev/monitor

✅ Serenity 看板已启动
   手机访问: https://resend-zone-cross.ngrok-free.dev/monitor

✅ Serenity 看板已启动
   手机访问: https://resend-zone-cross.ngrok-free.dev/monitor

✅ Serenity 看板已启动
   手机访问: https://resend-zone-cross.ngrok-free.dev/monitor

✅ Serenity 看板已启动
   手机访问: https://resend-zone-cross.ngrok-free.dev/monitor

✅ Serenity 看板已启动
   手机访问: https://resend-zone-cross.ngrok-free.dev/monitor

✅ Serenity 看板已启动
   手机访问: https://resend-zone-cross.ngrok-free.dev/monitor

✅ Serenity 看板已启动
   手机访问: https://resend-zone-cross.ngrok-free.dev/monitor

✅ Serenity 看板已启动
   手机访问: https://resend-zone-cross.ngrok-free.dev/monitor

✅ Serenity 看板已启动
   手机访问: https://resend-zone-cross.ngrok-free.dev/monitor

✅ Serenity 看板已启动
   手机访问: https://resend-zone-cross.ngrok-free.dev/monitor

✅ Serenity 看板已启动
   手机访问: https://resend-zone-cross.ngrok-free.dev/monitor

✅ Serenity 看板已启动
   手机访问: https://resend-zone-cross.ngrok-free.dev/monitor

✅ Serenity 看板已启动
   手机访问: https://resend-zone-cross.ngrok-free.dev/monitor

✅ Serenity 看板已启动
   手机访问: https://resend-zone-cross.ngrok-free.dev/monitor

✅ Serenity 看板已启动
   手机访问: https://resend-zone-cross.ngrok-free.dev/monitor

✅ Serenity 看板已启动
   手机访问: https://resend-zone-cross.ngrok-free.dev/monitor

✅ Serenity 看板已启动
   手机访问: https://resend-zone-cross.ngrok-free.dev/monitor

✅ Serenity 看板已启动
   手机访问: https://resend-zone-cross.ngrok-free.dev/monitor

✅ Serenity 看板已启动
   手机访问: https://resend-zone-cross.ngrok-free.dev/monitor

✅ Serenity 看板已启动
   手机访问: https://resend-zone-cross.ngrok-free.dev/monitor

✅ Serenity 看板已启动
   手机访问: https://resend-zone-cross.ngrok-free.dev/monitor

✅ Serenity 看板已启动
   手机访问: https://resend-zone-cross.ngrok-free.dev/monitor

✅ Serenity 看板已启动
   手机访问: https://resend-zone-cross.ngrok-free.dev/monitor

✅ Serenity 看板已启动
   手机访问: https://resend-zone-cross.ngrok-free.dev/monitor

✅ Serenity 看板已启动
   手机访问: https://resend-zone-cross.ngrok-free.dev/monitor

✅ Serenity 看板已启动
   手机访问: https://resend-zone-cross.ngrok-free.dev/monitor

✅ Serenity 看板已启动
   手机访问: https://resend-zone-cross.ngrok-free.dev/monitor

✅ Serenity 看板已启动
   手机访问: https://resend-zone-cross.ngrok-free.dev/monitor

✅ Serenity 看板已启动
   手机访问: https://resend-zone-cross.ngrok-free.dev/monitor

✅ Serenity 看板已启动
   手机访问: https://resend-zone-cross.ngrok-free.dev/monitor

✅ Serenity 看板已启动
   手机访问: https://resend-zone-cross.ngrok-free.dev/monitor

✅ Serenity 看板已启动
   手机访问: https://resend-zone-cross.ngrok-free.dev/monitor

✅ Serenity 看板已启动
   手机访问: https://resend-zone-cross.ngrok-free.dev/monitor

✅ Serenity 看板已启动
   手机访问: https://resend-zone-cross.ngrok-free.dev/monitor

✅ Serenity 看板已启动
   手机访问: https://resend-zone-cross.ngrok-free.dev/monitor

✅ Serenity 看板已启动
   手机访问: https://resend-zone-cross.ngrok-free.dev/monitor

✅ Serenity 看板已启动
   手机访问: https://resend-zone-cross.ngrok-free.dev/monitor

✅ Serenity 看板已启动
   手机访问: https://resend-zone-cross.ngrok-free.dev/monitor

✅ Serenity 看板已启动
   手机访问: https://resend-zone-cross.ngrok-free.dev/monitor

✅ Serenity 看板已启动
   手机访问: https://resend-zone-cross.ngrok-free.dev/monitor

✅ Serenity 看板已启动
   手机访问: https://resend-zone-cross.ngrok-free.dev/monitor

✅ Serenity 看板已启动
   手机访问: https://resend-zone-cross.ngrok-free.dev/monitor

✅ Serenity 看板已启动
   手机访问: https://resend-zone-cross.ngrok-free.dev/monitor

✅ Serenity 看板已启动
   手机访问: https://resend-zone-cross.ngrok-free.dev/monitor

✅ Serenity 看板已启动
   手机访问: https://resend-zone-cross.ngrok-free.dev/monitor

✅ Serenity 看板已启动
   手机访问: https://resend-zone-cross.ngrok-free.dev/monitor

✅ Serenity 看板已启动
   手机访问: https://resend-zone-cross.ngrok-free.dev/monitor

✅ Serenity 看板已启动
   手机访问: https://resend-zone-cross.ngrok-free.dev/monitor

✅ Serenity 看板已启动
   手机访问: https://resend-zone-cross.ngrok-free.dev/monitor

✅ Serenity 看板已启动
   手机访问: https://resend-zone-cross.ngrok-free.dev/monitor

✅ Serenity 看板已启动
   手机访问: https://resend-zone-cross.ngrok-free.dev/monitor

✅ Serenity 看板已启动
   手机访问: https://resend-zone-cross.ngrok-free.dev/monitor

✅ Serenity 看板已启动
   手机访问: https://resend-zone-cross.ngrok-free.dev/monitor

✅ Serenity 看板已启动
   手机访问: https://resend-zone-cross.ngrok-free.dev/monitor

✅ Serenity 看板已启动
   手机访问: https://resend-zone-cross.ngrok-free.dev/monitor

✅ Serenity 看板已启动
   手机访问: https://resend-zone-cross.ngrok-free.dev/monitor

✅ Serenity 看板已启动
   手机访问: https://resend-zone-cross.ngrok-free.dev/monitor

✅ Serenity 看板已启动
   手机访问: https://resend-zone-cross.ngrok-free.dev/monitor

✅ Serenity 看板已启动
   手机访问: https://resend-zone-cross.ngrok-free.dev/monitor

✅ Serenity 看板已启动
   手机访问: https://resend-zone-cross.ngrok-free.dev/monitor

✅ Serenity 看板已启动
   手机访问: https://resend-zone-cross.ngrok-free.dev/monitor

✅ Serenity 看板已启动
   手机访问: https://resend-zone-cross.ngrok-free.dev/monitor

✅ Serenity 看板已启动
   手机访问: https://resend-zone-cross.ngrok-free.dev/monitor

✅ Serenity 看板已启动
   手机访问: https://resend-zone-cross.ngrok-free.dev/monitor

✅ Serenity 看板已启动
   手机访问: https://resend-zone-cross.ngrok-free.dev/monitor

✅ Serenity 看板已启动
   手机访问: https://resend-zone-cross.ngrok-free.dev/monitor

✅ Serenity 看板已启动
   手机访问: https://resend-zone-cross.ngrok-free.dev/monitor

✅ Serenity 看板已启动
   手机访问: https://resend-zone-cross.ngrok-free.dev/monitor

✅ Serenity 看板已启动
   手机访问: https://resend-zone-cross.ngrok-free.dev/monitor

✅ Serenity 看板已启动
   手机访问: https://resend-zone-cross.ngrok-free.dev/monitor

✅ Serenity 看板已启动
   手机访问: https://resend-zone-cross.ngrok-free.dev/monitor

✅ Serenity 看板已启动
   手机访问: https://resend-zone-cross.ngrok-free.dev/monitor

✅ Serenity 看板已启动
   手机访问: https://resend-zone-cross.ngrok-free.dev/monitor

✅ Serenity 看板已启动
   手机访问: https://resend-zone-cross.ngrok-free.dev/monitor

✅ Serenity 看板已启动
   手机访问: https://resend-zone-cross.ngrok-free.dev/monitor

✅ Serenity 看板已启动
   手机访问: https://resend-zone-cross.ngrok-free.dev/monitor

✅ Serenity 看板已启动
   手机访问: https://resend-zone-cross.ngrok-free.dev/monitor

✅ Serenity 看板已启动
   手机访问: https://resend-zone-cross.ngrok-free.dev/monitor

✅ Serenity 看板已启动
   手机访问: https://resend-zone-cross.ngrok-free.dev/monitor

✅ Serenity 看板已启动
   手机访问: https://resend-zone-cross.ngrok-free.dev/monitor

✅ Serenity 看板已启动
   手机访问: https://resend-zone-cross.ngrok-free.dev/monitor

✅ Serenity 看板已启动
   手机访问: https://resend-zone-cross.ngrok-free.dev/monitor

✅ Serenity 看板已启动
   手机访问: https://resend-zone-cross.ngrok-free.dev/monitor

✅ Serenity 看板已启动
   手机访问: https://resend-zone-cross.ngrok-free.dev/monitor

✅ Serenity 看板已启动
   手机访问: https://resend-zone-cross.ngrok-free.dev/monitor

✅ Serenity 看板已启动
   手机访问: https://resend-zone-cross.ngrok-free.dev/monitor

✅ Serenity 看板已启动
   手机访问: https://resend-zone-cross.ngrok-free.dev/monitor

✅ Serenity 看板已启动
   手机访问: https://resend-zone-cross.ngrok-free.dev/monitor

✅ Serenity 看板已启动
   手机访问: https://resend-zone-cross.ngrok-free.dev/monitor

✅ Serenity 看板已启动
   手机访问: https://resend-zone-cross.ngrok-free.dev/monitor

✅ Serenity 看板已启动
   手机访问: https://resend-zone-cross.ngrok-free.dev/monitor

✅ Serenity 看板已启动
   手机访问: https://resend-zone-cross.ngrok-free.dev/monitor

✅ Serenity 看板已启动
   手机访问: https://resend-zone-cross.ngrok-free.dev/monitor

✅ Serenity 看板已启动
   手机访问: https://resend-zone-cross.ngrok-free.dev/monitor

✅ Serenity 看板已启动
   手机访问: https://resend-zone-cross.ngrok-free.dev/monitor

✅ Serenity 看板已启动
   手机访问: https://resend-zone-cross.ngrok-free.dev/monitor

✅ Serenity 看板已启动
   手机访问: https://resend-zone-cross.ngrok-free.dev/monitor

✅ Serenity 看板已启动
   手机访问: https://resend-zone-cross.ngrok-free.dev/monitor

✅ Serenity 看板已启动
   手机访问: https://resend-zone-cross.ngrok-free.dev/monitor

✅ Serenity 看板已启动
   手机访问: https://resend-zone-cross.ngrok-free.dev/monitor

✅ Serenity 看板已启动
   手机访问: https://resend-zone-cross.ngrok-free.dev/monitor

✅ Serenity 看板已启动
   手机访问: https://resend-zone-cross.ngrok-free.dev/monitor

✅ Serenity 看板已启动
   手机访问: https://resend-zone-cross.ngrok-free.dev/monitor

✅ Serenity 看板已启动
   手机访问: https://resend-zone-cross.ngrok-free.dev/monitor

✅ Serenity 看板已启动
   手机访问: https://resend-zone-cross.ngrok-free.dev/monitor

✅ Serenity 看板已启动
   手机访问: https://resend-zone-cross.ngrok-free.dev/monitor

✅ Serenity 看板已启动
   手机访问: https://resend-zone-cross.ngrok-free.dev/monitor

✅ Serenity 看板已启动
   手机访问: https://resend-zone-cross.ngrok-free.dev/monitor

✅ Serenity 看板已启动
   手机访问: https://resend-zone-cross.ngrok-free.dev/monitor

✅ Serenity 看板已启动
   手机访问: https://resend-zone-cross.ngrok-free.dev/monitor

✅ Serenity 看板已启动
   手机访问: https://resend-zone-cross.ngrok-free.dev/monitor

✅ Serenity 看板已启动
   手机访问: https://resend-zone-cross.ngrok-free.dev/monitor

✅ Serenity 看板已启动
   手机访问: https://resend-zone-cross.ngrok-free.dev/monitor

✅ Serenity 看板已启动
   手机访问: https://resend-zone-cross.ngrok-free.dev/monitor

✅ Serenity 看板已启动
   手机访问: https://resend-zone-cross.ngrok-free.dev/monitor

✅ Serenity 看板已启动
   手机访问: https://resend-zone-cross.ngrok-free.dev/monitor

✅ Serenity 看板已启动
   手机访问: https://resend-zone-cross.ngrok-free.dev/monitor

✅ Serenity 看板已启动
   手机访问: https://resend-zone-cross.ngrok-free.dev/monitor

✅ Serenity 看板已启动
   手机访问: https://resend-zone-cross.ngrok-free.dev/monitor

✅ Serenity 看板已启动
   手机访问: https://resend-zone-cross.ngrok-free.dev/monitor

✅ Serenity 看板已启动
   手机访问: https://resend-zone-cross.ngrok-free.dev/monitor

✅ Serenity 看板已启动
   手机访问: https://resend-zone-cross.ngrok-free.dev/monitor

✅ Serenity 看板已启动
   手机访问: https://resend-zone-cross.ngrok-free.dev/monitor

✅ Serenity 看板已启动
   手机访问: https://resend-zone-cross.ngrok-free.dev/monitor

✅ Serenity 看板已启动
   手机访问: https://resend-zone-cross.ngrok-free.dev/monitor

✅ Serenity 看板已启动
   手机访问: https://resend-zone-cross.ngrok-free.dev/monitor

✅ Serenity 看板已启动
   手机访问: https://resend-zone-cross.ngrok-free.dev/monitor

✅ Serenity 看板已启动
   手机访问: https://resend-zone-cross.ngrok-free.dev/monitor

✅ Serenity 看板已启动
   手机访问: https://resend-zone-cross.ngrok-free.dev/monitor

✅ Serenity 看板已启动
   手机访问: https://resend-zone-cross.ngrok-free.dev/monitor

✅ Serenity 看板已启动
   手机访问: https://resend-zone-cross.ngrok-free.dev/monitor

✅ Serenity 看板已启动
   手机访问: https://resend-zone-cross.ngrok-free.dev/monitor

✅ Serenity 看板已启动
   手机访问: https://resend-zone-cross.ngrok-free.dev/monitor

✅ Serenity 看板已启动
   手机访问: https://resend-zone-cross.ngrok-free.dev/monitor

✅ Serenity 看板已启动
   手机访问: https://resend-zone-cross.ngrok-free.dev/monitor

✅ Serenity 看板已启动
   手机访问: https://resend-zone-cross.ngrok-free.dev/monitor

✅ Serenity 看板已启动
   手机访问: https://resend-zone-cross.ngrok-free.dev/monitor

✅ Serenity 看板已启动
   手机访问: https://resend-zone-cross.ngrok-free.dev/monitor

✅ Serenity 看板已启动
   手机访问: https://resend-zone-cross.ngrok-free.dev/monitor

✅ Serenity 看板已启动
   手机访问: https://resend-zone-cross.ngrok-free.dev/monitor

✅ Serenity 看板已启动
   手机访问: https://resend-zone-cross.ngrok-free.dev/monitor

✅ Serenity 看板已启动
   手机访问: https://resend-zone-cross.ngrok-free.dev/monitor

✅ Serenity 看板已启动
   手机访问: https://resend-zone-cross.ngrok-free.dev/monitor

✅ Serenity 看板已启动
   手机访问: https://resend-zone-cross.ngrok-free.dev/monitor

✅ Serenity 看板已启动
   手机访问: https://resend-zone-cross.ngrok-free.dev/monitor

✅ Serenity 看板已启动
   手机访问: https://resend-zone-cross.ngrok-free.dev/monitor

✅ Serenity 看板已启动
   手机访问: https://resend-zone-cross.ngrok-free.dev/monitor

✅ Serenity 看板已启动
   手机访问: https://resend-zone-cross.ngrok-free.dev/monitor

✅ Serenity 看板已启动
   手机访问: https://resend-zone-cross.ngrok-free.dev/monitor

✅ Serenity 看板已启动
   手机访问: https://resend-zone-cross.ngrok-free.dev/monitor

✅ Serenity 看板已启动
   手机访问: https://resend-zone-cross.ngrok-free.dev/monitor

✅ Serenity 看板已启动
   手机访问: https://resend-zone-cross.ngrok-free.dev/monitor

✅ Serenity 看板已启动
   手机访问: https://resend-zone-cross.ngrok-free.dev/monitor

✅ Serenity 看板已启动
   手机访问: https://resend-zone-cross.ngrok-free.dev/monitor

✅ Serenity 看板已启动
   手机访问: https://resend-zone-cross.ngrok-free.dev/monitor

✅ Serenity 看板已启动
   手机访问: https://resend-zone-cross.ngrok-free.dev/monitor

✅ Serenity 看板已启动
   手机访问: https://resend-zone-cross.ngrok-free.dev/monitor

✅ Serenity 看板已启动
   手机访问: https://resend-zone-cross.ngrok-free.dev/monitor

✅ Serenity 看板已启动
   手机访问: https://resend-zone-cross.ngrok-free.dev/monitor

✅ Serenity 看板已启动
   手机访问: https://resend-zone-cross.ngrok-free.dev/monitor

✅ Serenity 看板已启动
   手机访问: https://resend-zone-cross.ngrok-free.dev/monitor

✅ Serenity 看板已启动
   手机访问: https://resend-zone-cross.ngrok-free.dev/monitor

✅ Serenity 看板已启动
   手机访问: https://resend-zone-cross.ngrok-free.dev/monitor

✅ Serenity 看板已启动
   手机访问: https://resend-zone-cross.ngrok-free.dev/monitor

✅ Serenity 看板已启动
   手机访问: https://resend-zone-cross.ngrok-free.dev/monitor

✅ Serenity 看板已启动
   手机访问: https://resend-zone-cross.ngrok-free.dev/monitor

✅ Serenity 看板已启动
   手机访问: https://resend-zone-cross.ngrok-free.dev/monitor

✅ Serenity 看板已启动
   手机访问: https://resend-zone-cross.ngrok-free.dev/monitor

✅ Serenity 看板已启动
   手机访问: https://resend-zone-cross.ngrok-free.dev/monitor

✅ Serenity 看板已启动
   手机访问: https://resend-zone-cross.ngrok-free.dev/monitor

✅ Serenity 看板已启动
   手机访问: https://resend-zone-cross.ngrok-free.dev/monitor

✅ Serenity 看板已启动
   手机访问: https://resend-zone-cross.ngrok-free.dev/monitor

✅ Serenity 看板已启动
   手机访问: https://resend-zone-cross.ngrok-free.dev/monitor

✅ Serenity 看板已启动
   手机访问: https://resend-zone-cross.ngrok-free.dev/monitor

✅ Serenity 看板已启动
   手机访问: https://resend-zone-cross.ngrok-free.dev/monitor

✅ Serenity 看板已启动
   手机访问: https://resend-zone-cross.ngrok-free.dev/monitor

✅ Serenity 看板已启动
   手机访问: https://resend-zone-cross.ngrok-free.dev/monitor

✅ Serenity 看板已启动
   手机访问: https://resend-zone-cross.ngrok-free.dev/monitor

✅ Serenity 看板已启动
   手机访问: https://resend-zone-cross.ngrok-free.dev/monitor

✅ Serenity 看板已启动
   手机访问: https://resend-zone-cross.ngrok-free.dev/monitor

✅ Serenity 看板已启动
   手机访问: https://resend-zone-cross.ngrok-free.dev/monitor

✅ Serenity 看板已启动
   手机访问: https://resend-zone-cross.ngrok-free.dev/monitor

✅ Serenity 看板已启动
   手机访问: https://resend-zone-cross.ngrok-free.dev/monitor

✅ Serenity 看板已启动
   手机访问: https://resend-zone-cross.ngrok-free.dev/monitor

✅ Serenity 看板已启动
   手机访问: https://resend-zone-cross.ngrok-free.dev/monitor

✅ Serenity 看板已启动
   手机访问: https://resend-zone-cross.ngrok-free.dev/monitor

✅ Serenity 看板已启动
   手机访问: https://resend-zone-cross.ngrok-free.dev/monitor

✅ Serenity 看板已启动
   手机访问: https://resend-zone-cross.ngrok-free.dev/monitor

✅ Serenity 看板已启动
   手机访问: https://resend-zone-cross.ngrok-free.dev/monitor

✅ Serenity 看板已启动
   手机访问: https://resend-zone-cross.ngrok-free.dev/monitor

✅ Serenity 看板已启动
   手机访问: https://resend-zone-cross.ngrok-free.dev/monitor

✅ Serenity 看板已启动
   手机访问: https://resend-zone-cross.ngrok-free.dev/monitor

✅ Serenity 看板已启动
   手机访问: https://resend-zone-cross.ngrok-free.dev/monitor

✅ Serenity 看板已启动
   手机访问: https://resend-zone-cross.ngrok-free.dev/monitor

✅ Serenity 看板已启动
   手机访问: https://resend-zone-cross.ngrok-free.dev/monitor

✅ Serenity 看板已启动
   手机访问: https://resend-zone-cross.ngrok-free.dev/monitor

✅ Serenity 看板已启动
   手机访问: https://resend-zone-cross.ngrok-free.dev/monitor

✅ Serenity 看板已启动
   手机访问: https://resend-zone-cross.ngrok-free.dev/monitor

✅ Serenity 看板已启动
   手机访问: https://resend-zone-cross.ngrok-free.dev/monitor

✅ Serenity 看板已启动
   手机访问: https://resend-zone-cross.ngrok-free.dev/monitor

✅ Serenity 看板已启动
   手机访问: https://resend-zone-cross.ngrok-free.dev/monitor

✅ Serenity 看板已启动
   手机访问: https://resend-zone-cross.ngrok-free.dev/monitor

✅ Serenity 看板已启动
   手机访问: https://resend-zone-cross.ngrok-free.dev/monitor

✅ Serenity 看板已启动
   手机访问: https://resend-zone-cross.ngrok-free.dev/monitor

✅ Serenity 看板已启动
   手机访问: https://resend-zone-cross.ngrok-free.dev/monitor

✅ Serenity 看板已启动
   手机访问: https://resend-zone-cross.ngrok-free.dev/monitor

✅ Serenity 看板已启动
   手机访问: https://resend-zone-cross.ngrok-free.dev/monitor

✅ Serenity 看板已启动
   手机访问: https://resend-zone-cross.ngrok-free.dev/monitor

✅ Serenity 看板已启动
   手机访问: https://resend-zone-cross.ngrok-free.dev/monitor

✅ Serenity 看板已启动
   手机访问: https://resend-zone-cross.ngrok-free.dev/monitor

✅ Serenity 看板已启动
   手机访问: https://resend-zone-cross.ngrok-free.dev/monitor

✅ Serenity 看板已启动
   手机访问: https://resend-zone-cross.ngrok-free.dev/monitor

✅ Serenity 看板已启动
   手机访问: https://resend-zone-cross.ngrok-free.dev/monitor

✅ Serenity 看板已启动
   手机访问: https://resend-zone-cross.ngrok-free.dev/monitor

✅ Serenity 看板已启动
   手机访问: https://resend-zone-cross.ngrok-free.dev/monitor

✅ Serenity 看板已启动
   手机访问: https://resend-zone-cross.ngrok-free.dev/monitor

✅ Serenity 看板已启动
   手机访问: https://resend-zone-cross.ngrok-free.dev/monitor

✅ Serenity 看板已启动
   手机访问: https://resend-zone-cross.ngrok-free.dev/monitor

✅ Serenity 看板已启动
   手机访问: https://resend-zone-cross.ngrok-free.dev/monitor

✅ Serenity 看板已启动
   手机访问: https://resend-zone-cross.ngrok-free.dev/monitor

✅ Serenity 看板已启动
   手机访问: https://resend-zone-cross.ngrok-free.dev/monitor

✅ Serenity 看板已启动
   手机访问: https://resend-zone-cross.ngrok-free.dev/monitor

✅ Serenity 看板已启动
   手机访问: https://resend-zone-cross.ngrok-free.dev/monitor

✅ Serenity 看板已启动
   手机访问: https://resend-zone-cross.ngrok-free.dev/monitor

✅ Serenity 看板已启动
   手机访问: https://resend-zone-cross.ngrok-free.dev/monitor

✅ Serenity 看板已启动
   手机访问: https://resend-zone-cross.ngrok-free.dev/monitor

✅ Serenity 看板已启动
   手机访问: https://resend-zone-cross.ngrok-free.dev/monitor

✅ Serenity 看板已启动
   手机访问: https://resend-zone-cross.ngrok-free.dev/monitor

✅ Serenity 看板已启动
   手机访问: https://resend-zone-cross.ngrok-free.dev/monitor

✅ Serenity 看板已启动
   手机访问: https://resend-zone-cross.ngrok-free.dev/monitor

✅ Serenity 看板已启动
   手机访问: https://resend-zone-cross.ngrok-free.dev/monitor

✅ Serenity 看板已启动
   手机访问: https://resend-zone-cross.ngrok-free.dev/monitor

✅ Serenity 看板已启动
   手机访问: https://resend-zone-cross.ngrok-free.dev/monitor

✅ Serenity 看板已启动
   手机访问: https://resend-zone-cross.ngrok-free.dev/monitor

✅ Serenity 看板已启动
   手机访问: https://resend-zone-cross.ngrok-free.dev/monitor

✅ Serenity 看板已启动
   手机访问: https://resend-zone-cross.ngrok-free.dev/monitor

✅ Serenity 看板已启动
   手机访问: https://resend-zone-cross.ngrok-free.dev/monitor

✅ Serenity 看板已启动
   手机访问: https://resend-zone-cross.ngrok-free.dev/monitor

✅ Serenity 看板已启动
   手机访问: https://resend-zone-cross.ngrok-free.dev/monitor

✅ Serenity 看板已启动
   手机访问: https://resend-zone-cross.ngrok-free.dev/monitor

✅ Serenity 看板已启动
   手机访问: https://resend-zone-cross.ngrok-free.dev/monitor

✅ Serenity 看板已启动
   手机访问: https://resend-zone-cross.ngrok-free.dev/monitor

✅ Serenity 看板已启动
   手机访问: https://resend-zone-cross.ngrok-free.dev/monitor

✅ Serenity 看板已启动
   手机访问: https://resend-zone-cross.ngrok-free.dev/monitor

✅ Serenity 看板已启动
   手机访问: https://resend-zone-cross.ngrok-free.dev/monitor

✅ Serenity 看板已启动
   手机访问: https://resend-zone-cross.ngrok-free.dev/monitor

✅ Serenity 看板已启动
   手机访问: https://resend-zone-cross.ngrok-free.dev/monitor

✅ Serenity 看板已启动
   手机访问: https://resend-zone-cross.ngrok-free.dev/monitor

✅ Serenity 看板已启动
   手机访问: https://resend-zone-cross.ngrok-free.dev/monitor

✅ Serenity 看板已启动
   手机访问: https://resend-zone-cross.ngrok-free.dev/monitor

✅ Serenity 看板已启动
   手机访问: https://resend-zone-cross.ngrok-free.dev/monitor

✅ Serenity 看板已启动
   手机访问: https://resend-zone-cross.ngrok-free.dev/monitor

✅ Serenity 看板已启动
   手机访问: https://resend-zone-cross.ngrok-free.dev/monitor

✅ Serenity 看板已启动
   手机访问: https://resend-zone-cross.ngrok-free.dev/monitor

✅ Serenity 看板已启动
   手机访问: https://resend-zone-cross.ngrok-free.dev/monitor

✅ Serenity 看板已启动
   手机访问: https://resend-zone-cross.ngrok-free.dev/monitor

✅ Serenity 看板已启动
   手机访问: https://resend-zone-cross.ngrok-free.dev/monitor

✅ Serenity 看板已启动
   手机访问: https://resend-zone-cross.ngrok-free.dev/monitor

✅ Serenity 看板已启动
   手机访问: https://resend-zone-cross.ngrok-free.dev/monitor

✅ Serenity 看板已启动
   手机访问: https://resend-zone-cross.ngrok-free.dev/monitor

✅ Serenity 看板已启动
   手机访问: https://resend-zone-cross.ngrok-free.dev/monitor

✅ Serenity 看板已启动
   手机访问: https://resend-zone-cross.ngrok-free.dev/monitor

✅ Serenity 看板已启动
   手机访问: https://resend-zone-cross.ngrok-free.dev/monitor

✅ Serenity 看板已启动
   手机访问: https://resend-zone-cross.ngrok-free.dev/monitor

✅ Serenity 看板已启动
   手机访问: https://resend-zone-cross.ngrok-free.dev/monitor

✅ Serenity 看板已启动
   手机访问: https://resend-zone-cross.ngrok-free.dev/monitor

✅ Serenity 看板已启动
   手机访问: https://resend-zone-cross.ngrok-free.dev/monitor

✅ Serenity 看板已启动
   手机访问: https://resend-zone-cross.ngrok-free.dev/monitor

✅ Serenity 看板已启动
   手机访问: https://resend-zone-cross.ngrok-free.dev/monitor

✅ Serenity 看板已启动
   手机访问: https://resend-zone-cross.ngrok-free.dev/monitor

✅ Serenity 看板已启动
   手机访问: https://resend-zone-cross.ngrok-free.dev/monitor

✅ Serenity 看板已启动
   手机访问: https://resend-zone-cross.ngrok-free.dev/monitor

✅ Serenity 看板已启动
   手机访问: https://resend-zone-cross.ngrok-free.dev/monitor

✅ Serenity 看板已启动
   手机访问: https://resend-zone-cross.ngrok-free.dev/monitor

✅ Serenity 看板已启动
   手机访问: https://resend-zone-cross.ngrok-free.dev/monitor

✅ Serenity 看板已启动
   手机访问: https://resend-zone-cross.ngrok-free.dev/monitor

✅ Serenity 看板已启动
   手机访问: https://resend-zone-cross.ngrok-free.dev/monitor

✅ Serenity 看板已启动
   手机访问: https://resend-zone-cross.ngrok-free.dev/monitor

✅ Serenity 看板已启动
   手机访问: https://resend-zone-cross.ngrok-free.dev/monitor

✅ Serenity 看板已启动
   手机访问: https://resend-zone-cross.ngrok-free.dev/monitor

✅ Serenity 看板已启动
   手机访问: https://resend-zone-cross.ngrok-free.dev/monitor

✅ Serenity 看板已启动
   手机访问: https://resend-zone-cross.ngrok-free.dev/monitor

✅ Serenity 看板已启动
   手机访问: https://resend-zone-cross.ngrok-free.dev/monitor

✅ Serenity 看板已启动
   手机访问: https://resend-zone-cross.ngrok-free.dev/monitor

✅ Serenity 看板已启动
   手机访问: https://resend-zone-cross.ngrok-free.dev/monitor

✅ Serenity 看板已启动
   手机访问: https://resend-zone-cross.ngrok-free.dev/monitor

✅ Serenity 看板已启动
   手机访问: https://resend-zone-cross.ngrok-free.dev/monitor

✅ Serenity 看板已启动
   手机访问: https://resend-zone-cross.ngrok-free.dev/monitor

✅ Serenity 看板已启动
   手机访问: https://resend-zone-cross.ngrok-free.dev/monitor

✅ Serenity 看板已启动
   手机访问: https://resend-zone-cross.ngrok-free.dev/monitor

✅ Serenity 看板已启动
   手机访问: https://resend-zone-cross.ngrok-free.dev/monitor

✅ Serenity 看板已启动
   手机访问: https://resend-zone-cross.ngrok-free.dev/monitor

✅ Serenity 看板已启动
   手机访问: https://resend-zone-cross.ngrok-free.dev/monitor

✅ Serenity 看板已启动
   手机访问: https://resend-zone-cross.ngrok-free.dev/monitor

✅ Serenity 看板已启动
   手机访问: https://resend-zone-cross.ngrok-free.dev/monitor

✅ Serenity 看板已启动
   手机访问: https://resend-zone-cross.ngrok-free.dev/monitor

✅ Serenity 看板已启动
   手机访问: https://resend-zone-cross.ngrok-free.dev/monitor

✅ Serenity 看板已启动
   手机访问: https://resend-zone-cross.ngrok-free.dev/monitor

✅ Serenity 看板已启动
   手机访问: https://resend-zone-cross.ngrok-free.dev/monitor

✅ Serenity 看板已启动
   手机访问: https://resend-zone-cross.ngrok-free.dev/monitor

✅ Serenity 看板已启动
   手机访问: https://resend-zone-cross.ngrok-free.dev/monitor

✅ Serenity 看板已启动
   手机访问: https://resend-zone-cross.ngrok-free.dev/monitor

✅ Serenity 看板已启动
   手机访问: https://resend-zone-cross.ngrok-free.dev/monitor

✅ Serenity 看板已启动
   手机访问: https://resend-zone-cross.ngrok-free.dev/monitor

✅ Serenity 看板已启动
   手机访问: https://resend-zone-cross.ngrok-free.dev/monitor

✅ Serenity 看板已启动
   手机访问: https://resend-zone-cross.ngrok-free.dev/monitor

✅ Serenity 看板已启动
   手机访问: https://resend-zone-cross.ngrok-free.dev/monitor

✅ Serenity 看板已启动
   手机访问: https://resend-zone-cross.ngrok-free.dev/monitor

✅ Serenity 看板已启动
   手机访问: https://resend-zone-cross.ngrok-free.dev/monitor

✅ Serenity 看板已启动
   手机访问: https://resend-zone-cross.ngrok-free.dev/monitor

✅ Serenity 看板已启动
   手机访问: https://resend-zone-cross.ngrok-free.dev/monitor

✅ Serenity 看板已启动
   手机访问: https://resend-zone-cross.ngrok-free.dev/monitor

✅ Serenity 看板已启动
   手机访问: https://resend-zone-cross.ngrok-free.dev/monitor

✅ Serenity 看板已启动
   手机访问: https://resend-zone-cross.ngrok-free.dev/monitor

✅ Serenity 看板已启动
   手机访问: https://resend-zone-cross.ngrok-free.dev/monitor

✅ Serenity 看板已启动
   手机访问: https://resend-zone-cross.ngrok-free.dev/monitor

✅ Serenity 看板已启动
   手机访问: https://resend-zone-cross.ngrok-free.dev/monitor

✅ Serenity 看板已启动
   手机访问: https://resend-zone-cross.ngrok-free.dev/monitor

✅ Serenity 看板已启动
   手机访问: https://resend-zone-cross.ngrok-free.dev/monitor

✅ Serenity 看板已启动
   手机访问: https://resend-zone-cross.ngrok-free.dev/monitor

✅ Serenity 看板已启动
   手机访问: https://resend-zone-cross.ngrok-free.dev/monitor

✅ Serenity 看板已启动
   手机访问: https://resend-zone-cross.ngrok-free.dev/monitor

✅ Serenity 看板已启动
   手机访问: https://resend-zone-cross.ngrok-free.dev/monitor

✅ Serenity 看板已启动
   手机访问: https://resend-zone-cross.ngrok-free.dev/monitor

✅ Serenity 看板已启动
   手机访问: https://resend-zone-cross.ngrok-free.dev/monitor

✅ Serenity 看板已启动
   手机访问: https://resend-zone-cross.ngrok-free.dev/monitor

✅ Serenity 看板已启动
   手机访问: https://resend-zone-cross.ngrok-free.dev/monitor

✅ Serenity 看板已启动
   手机访问: https://resend-zone-cross.ngrok-free.dev/monitor

✅ Serenity 看板已启动
   手机访问: https://resend-zone-cross.ngrok-free.dev/monitor

✅ Serenity 看板已启动
   手机访问: https://resend-zone-cross.ngrok-free.dev/monitor

✅ Serenity 看板已启动
   手机访问: https://resend-zone-cross.ngrok-free.dev/monitor

✅ Serenity 看板已启动
   手机访问: https://resend-zone-cross.ngrok-free.dev/monitor

✅ Serenity 看板已启动
   手机访问: https://resend-zone-cross.ngrok-free.dev/monitor

✅ Serenity 看板已启动
   手机访问: https://resend-zone-cross.ngrok-free.dev/monitor

✅ Serenity 看板已启动
   手机访问: https://resend-zone-cross.ngrok-free.dev/monitor

✅ Serenity 看板已启动
   手机访问: https://resend-zone-cross.ngrok-free.dev/monitor

✅ Serenity 看板已启动
   手机访问: https://resend-zone-cross.ngrok-free.dev/monitor

✅ Serenity 看板已启动
   手机访问: https://resend-zone-cross.ngrok-free.dev/monitor

✅ Serenity 看板已启动
   手机访问: https://resend-zone-cross.ngrok-free.dev/monitor

✅ Serenity 看板已启动
   手机访问: https://resend-zone-cross.ngrok-free.dev/monitor

✅ Serenity 看板已启动
   手机访问: https://resend-zone-cross.ngrok-free.dev/monitor

✅ Serenity 看板已启动
   手机访问: https://resend-zone-cross.ngrok-free.dev/monitor

✅ Serenity 看板已启动
   手机访问: https://resend-zone-cross.ngrok-free.dev/monitor

✅ Serenity 看板已启动
   手机访问: https://resend-zone-cross.ngrok-free.dev/monitor

✅ Serenity 看板已启动
   手机访问: https://resend-zone-cross.ngrok-free.dev/monitor

✅ Serenity 看板已启动
   手机访问: https://resend-zone-cross.ngrok-free.dev/monitor

✅ Serenity 看板已启动
   手机访问: https://resend-zone-cross.ngrok-free.dev/monitor

✅ Serenity 看板已启动
   手机访问: https://resend-zone-cross.ngrok-free.dev/monitor

✅ Serenity 看板已启动
   手机访问: https://resend-zone-cross.ngrok-free.dev/monitor

✅ Serenity 看板已启动
   手机访问: https://resend-zone-cross.ngrok-free.dev/monitor

✅ Serenity 看板已启动
   手机访问: https://resend-zone-cross.ngrok-free.dev/monitor

✅ Serenity 看板已启动
   手机访问: https://resend-zone-cross.ngrok-free.dev/monitor

✅ Serenity 看板已启动
   手机访问: https://resend-zone-cross.ngrok-free.dev/monitor

✅ Serenity 看板已启动
   手机访问: https://resend-zone-cross.ngrok-free.dev/monitor

✅ Serenity 看板已启动
   手机访问: https://resend-zone-cross.ngrok-free.dev/monitor

✅ Serenity 看板已启动
   手机访问: https://resend-zone-cross.ngrok-free.dev/monitor

✅ Serenity 看板已启动
   手机访问: https://resend-zone-cross.ngrok-free.dev/monitor

✅ Serenity 看板已启动
   手机访问: https://resend-zone-cross.ngrok-free.dev/monitor

✅ Serenity 看板已启动
   手机访问: https://resend-zone-cross.ngrok-free.dev/monitor

✅ Serenity 看板已启动
   手机访问: https://resend-zone-cross.ngrok-free.dev/monitor

✅ Serenity 看板已启动
   手机访问: https://resend-zone-cross.ngrok-free.dev/monitor

✅ Serenity 看板已启动
   手机访问: https://resend-zone-cross.ngrok-free.dev/monitor

✅ Serenity 看板已启动
   手机访问: https://resend-zone-cross.ngrok-free.dev/monitor

✅ Serenity 看板已启动
   手机访问: https://resend-zone-cross.ngrok-free.dev/monitor

✅ Serenity 看板已启动
   手机访问: https://resend-zone-cross.ngrok-free.dev/monitor

✅ Serenity 看板已启动
   手机访问: https://resend-zone-cross.ngrok-free.dev/monitor

✅ Serenity 看板已启动
   手机访问: https://resend-zone-cross.ngrok-free.dev/monitor

✅ Serenity 看板已启动
   手机访问: https://resend-zone-cross.ngrok-free.dev/monitor

✅ Serenity 看板已启动
   手机访问: https://resend-zone-cross.ngrok-free.dev/monitor

✅ Serenity 看板已启动
   手机访问: https://resend-zone-cross.ngrok-free.dev/monitor

✅ Serenity 看板已启动
   手机访问: https://resend-zone-cross.ngrok-free.dev/monitor

✅ Serenity 看板已启动
   手机访问: https://resend-zone-cross.ngrok-free.dev/monitor

✅ Serenity 看板已启动
   手机访问: https://resend-zone-cross.ngrok-free.dev/monitor

✅ Serenity 看板已启动
   手机访问: https://resend-zone-cross.ngrok-free.dev/monitor

✅ Serenity 看板已启动
   手机访问: https://resend-zone-cross.ngrok-free.dev/monitor

✅ Serenity 看板已启动
   手机访问: https://resend-zone-cross.ngrok-free.dev/monitor

✅ Serenity 看板已启动
   手机访问: https://resend-zone-cross.ngrok-free.dev/monitor

✅ Serenity 看板已启动
   手机访问: https://resend-zone-cross.ngrok-free.dev/monitor

✅ Serenity 看板已启动
   手机访问: https://resend-zone-cross.ngrok-free.dev/monitor

✅ Serenity 看板已启动
   手机访问: https://resend-zone-cross.ngrok-free.dev/monitor

✅ Serenity 看板已启动
   手机访问: https://resend-zone-cross.ngrok-free.dev/monitor

✅ Serenity 看板已启动
   手机访问: https://resend-zone-cross.ngrok-free.dev/monitor

✅ Serenity 看板已启动
   手机访问: https://resend-zone-cross.ngrok-free.dev/monitor

✅ Serenity 看板已启动
   手机访问: https://resend-zone-cross.ngrok-free.dev/monitor

✅ Serenity 看板已启动
   手机访问: https://resend-zone-cross.ngrok-free.dev/monitor

✅ Serenity 看板已启动
   手机访问: https://resend-zone-cross.ngrok-free.dev/monitor

✅ Serenity 看板已启动
   手机访问: https://resend-zone-cross.ngrok-free.dev/monitor

✅ Serenity 看板已启动
   手机访问: https://resend-zone-cross.ngrok-free.dev/monitor

✅ Serenity 看板已启动
   手机访问: https://resend-zone-cross.ngrok-free.dev/monitor

✅ Serenity 看板已启动
   手机访问: https://resend-zone-cross.ngrok-free.dev/monitor

✅ Serenity 看板已启动
   手机访问: https://resend-zone-cross.ngrok-free.dev/monitor

✅ Serenity 看板已启动
   手机访问: https://resend-zone-cross.ngrok-free.dev/monitor

✅ Serenity 看板已启动
   手机访问: https://resend-zone-cross.ngrok-free.dev/monitor

✅ Serenity 看板已启动
   手机访问: https://resend-zone-cross.ngrok-free.dev/monitor

✅ Serenity 看板已启动
   手机访问: https://resend-zone-cross.ngrok-free.dev/monitor

✅ Serenity 看板已启动
   手机访问: https://resend-zone-cross.ngrok-free.dev/monitor

✅ Serenity 看板已启动
   手机访问: https://resend-zone-cross.ngrok-free.dev/monitor

✅ Serenity 看板已启动
   手机访问: https://resend-zone-cross.ngrok-free.dev/monitor

✅ Serenity 看板已启动
   手机访问: https://resend-zone-cross.ngrok-free.dev/monitor

✅ Serenity 看板已启动
   手机访问: https://resend-zone-cross.ngrok-free.dev/monitor

✅ Serenity 看板已启动
   手机访问: https://resend-zone-cross.ngrok-free.dev/monitor

✅ Serenity 看板已启动
   手机访问: https://resend-zone-cross.ngrok-free.dev/monitor

✅ Serenity 看板已启动
   手机访问: https://resend-zone-cross.ngrok-free.dev/monitor

✅ Serenity 看板已启动
   手机访问: https://resend-zone-cross.ngrok-free.dev/monitor

✅ Serenity 看板已启动
   手机访问: https://resend-zone-cross.ngrok-free.dev/monitor

✅ Serenity 看板已启动
   手机访问: https://resend-zone-cross.ngrok-free.dev/monitor

✅ Serenity 看板已启动
   手机访问: https://resend-zone-cross.ngrok-free.dev/monitor

✅ Serenity 看板已启动
   手机访问: https://resend-zone-cross.ngrok-free.dev/monitor

✅ Serenity 看板已启动
   手机访问: https://resend-zone-cross.ngrok-free.dev/monitor

✅ Serenity 看板已启动
   手机访问: https://resend-zone-cross.ngrok-free.dev/monitor

✅ Serenity 看板已启动
   手机访问: https://resend-zone-cross.ngrok-free.dev/monitor

✅ Serenity 看板已启动
   手机访问: https://resend-zone-cross.ngrok-free.dev/monitor

✅ Serenity 看板已启动
   手机访问: https://resend-zone-cross.ngrok-free.dev/monitor

✅ Serenity 看板已启动
   手机访问: https://resend-zone-cross.ngrok-free.dev/monitor

✅ Serenity 看板已启动
   手机访问: https://resend-zone-cross.ngrok-free.dev/monitor

✅ Serenity 看板已启动
   手机访问: https://resend-zone-cross.ngrok-free.dev/monitor

✅ Serenity 看板已启动
   手机访问: https://resend-zone-cross.ngrok-free.dev/monitor

✅ Serenity 看板已启动
   手机访问: https://resend-zone-cross.ngrok-free.dev/monitor

✅ Serenity 看板已启动
   手机访问: https://resend-zone-cross.ngrok-free.dev/monitor

✅ Serenity 看板已启动
   手机访问: https://resend-zone-cross.ngrok-free.dev/monitor

✅ Serenity 看板已启动
   手机访问: https://resend-zone-cross.ngrok-free.dev/monitor

✅ Serenity 看板已启动
   手机访问: https://resend-zone-cross.ngrok-free.dev/monitor

✅ Serenity 看板已启动
   手机访问: https://resend-zone-cross.ngrok-free.dev/monitor

✅ Serenity 看板已启动
   手机访问: https://resend-zone-cross.ngrok-free.dev/monitor

✅ Serenity 看板已启动
   手机访问: https://resend-zone-cross.ngrok-free.dev/monitor

✅ Serenity 看板已启动
   手机访问: https://resend-zone-cross.ngrok-free.dev/monitor

✅ Serenity 看板已启动
   手机访问: https://resend-zone-cross.ngrok-free.dev/monitor

✅ Serenity 看板已启动
   手机访问: https://resend-zone-cross.ngrok-free.dev/monitor

✅ Serenity 看板已启动
   手机访问: https://resend-zone-cross.ngrok-free.dev/monitor

✅ Serenity 看板已启动
   手机访问: https://resend-zone-cross.ngrok-free.dev/monitor

✅ Serenity 看板已启动
   手机访问: https://resend-zone-cross.ngrok-free.dev/monitor

✅ Serenity 看板已启动
   手机访问: https://resend-zone-cross.ngrok-free.dev/monitor

✅ Serenity 看板已启动
   手机访问: https://resend-zone-cross.ngrok-free.dev/monitor

✅ Serenity 看板已启动
   手机访问: https://resend-zone-cross.ngrok-free.dev/monitor

✅ Serenity 看板已启动
   手机访问: https://resend-zone-cross.ngrok-free.dev/monitor

✅ Serenity 看板已启动
   手机访问: https://resend-zone-cross.ngrok-free.dev/monitor

✅ Serenity 看板已启动
   手机访问: https://resend-zone-cross.ngrok-free.dev/monitor

✅ Serenity 看板已启动
   手机访问: https://resend-zone-cross.ngrok-free.dev/monitor

✅ Serenity 看板已启动
   手机访问: https://resend-zone-cross.ngrok-free.dev/monitor

✅ Serenity 看板已启动
   手机访问: https://resend-zone-cross.ngrok-free.dev/monitor

✅ Serenity 看板已启动
   手机访问: https://resend-zone-cross.ngrok-free.dev/monitor

✅ Serenity 看板已启动
   手机访问: https://resend-zone-cross.ngrok-free.dev/monitor

✅ Serenity 看板已启动
   手机访问: https://resend-zone-cross.ngrok-free.dev/monitor

✅ Serenity 看板已启动
   手机访问: https://resend-zone-cross.ngrok-free.dev/monitor

✅ Serenity 看板已启动
   手机访问: https://resend-zone-cross.ngrok-free.dev/monitor

✅ Serenity 看板已启动
   手机访问: https://resend-zone-cross.ngrok-free.dev/monitor

✅ Serenity 看板已启动
   手机访问: https://resend-zone-cross.ngrok-free.dev/monitor

✅ Serenity 看板已启动
   手机访问: https://resend-zone-cross.ngrok-free.dev/monitor

✅ Serenity 看板已启动
   手机访问: https://resend-zone-cross.ngrok-free.dev/monitor

✅ Serenity 看板已启动
   手机访问: https://resend-zone-cross.ngrok-free.dev/monitor

✅ Serenity 看板已启动
   手机访问: https://resend-zone-cross.ngrok-free.dev/monitor

✅ Serenity 看板已启动
   手机访问: https://resend-zone-cross.ngrok-free.dev/monitor

✅ Serenity 看板已启动
   手机访问: https://resend-zone-cross.ngrok-free.dev/monitor

✅ Serenity 看板已启动
   手机访问: https://resend-zone-cross.ngrok-free.dev/monitor

✅ Serenity 看板已启动
   手机访问: https://resend-zone-cross.ngrok-free.dev/monitor

✅ Serenity 看板已启动
   手机访问: https://resend-zone-cross.ngrok-free.dev/monitor

✅ Serenity 看板已启动
   手机访问: https://resend-zone-cross.ngrok-free.dev/monitor

✅ Serenity 看板已启动
   手机访问: https://resend-zone-cross.ngrok-free.dev/monitor

✅ Serenity 看板已启动
   手机访问: https://resend-zone-cross.ngrok-free.dev/monitor

✅ Serenity 看板已启动
   手机访问: https://resend-zone-cross.ngrok-free.dev/monitor

✅ Serenity 看板已启动
   手机访问: https://resend-zone-cross.ngrok-free.dev/monitor

✅ Serenity 看板已启动
   手机访问: https://resend-zone-cross.ngrok-free.dev/monitor

✅ Serenity 看板已启动
   手机访问: https://resend-zone-cross.ngrok-free.dev/monitor

✅ Serenity 看板已启动
   手机访问: https://resend-zone-cross.ngrok-free.dev/monitor

✅ Serenity 看板已启动
   手机访问: https://resend-zone-cross.ngrok-free.dev/monitor

✅ Serenity 看板已启动
   手机访问: https://resend-zone-cross.ngrok-free.dev/monitor

✅ Serenity 看板已启动
   手机访问: https://resend-zone-cross.ngrok-free.dev/monitor

✅ Serenity 看板已启动
   手机访问: https://resend-zone-cross.ngrok-free.dev/monitor

✅ Serenity 看板已启动
   手机访问: https://resend-zone-cross.ngrok-free.dev/monitor

✅ Serenity 看板已启动
   手机访问: https://resend-zone-cross.ngrok-free.dev/monitor

✅ Serenity 看板已启动
   手机访问: https://resend-zone-cross.ngrok-free.dev/monitor

✅ Serenity 看板已启动
   手机访问: https://resend-zone-cross.ngrok-free.dev/monitor

✅ Serenity 看板已启动
   手机访问: https://resend-zone-cross.ngrok-free.dev/monitor

✅ Serenity 看板已启动
   手机访问: https://resend-zone-cross.ngrok-free.dev/monitor

✅ Serenity 看板已启动
   手机访问: https://resend-zone-cross.ngrok-free.dev/monitor

✅ Serenity 看板已启动
   手机访问: https://resend-zone-cross.ngrok-free.dev/monitor

✅ Serenity 看板已启动
   手机访问: https://resend-zone-cross.ngrok-free.dev/monitor

✅ Serenity 看板已启动
   手机访问: https://resend-zone-cross.ngrok-free.dev/monitor

✅ Serenity 看板已启动
   手机访问: https://resend-zone-cross.ngrok-free.dev/monitor

✅ Serenity 看板已启动
   手机访问: https://resend-zone-cross.ngrok-free.dev/monitor

✅ Serenity 看板已启动
   手机访问: https://resend-zone-cross.ngrok-free.dev/monitor

✅ Serenity 看板已启动
   手机访问: https://resend-zone-cross.ngrok-free.dev/monitor

✅ Serenity 看板已启动
   手机访问: https://resend-zone-cross.ngrok-free.dev/monitor

✅ Serenity 看板已启动
   手机访问: https://resend-zone-cross.ngrok-free.dev/monitor

✅ Serenity 看板已启动
   手机访问: https://resend-zone-cross.ngrok-free.dev/monitor

✅ Serenity 看板已启动
   手机访问: https://resend-zone-cross.ngrok-free.dev/monitor

✅ Serenity 看板已启动
   手机访问: https://resend-zone-cross.ngrok-free.dev/monitor

✅ Serenity 看板已启动
   手机访问: https://resend-zone-cross.ngrok-free.dev/monitor

✅ Serenity 看板已启动
   手机访问: https://resend-zone-cross.ngrok-free.dev/monitor

✅ Serenity 看板已启动
   手机访问: https://resend-zone-cross.ngrok-free.dev/monitor

✅ Serenity 看板已启动
   手机访问: https://resend-zone-cross.ngrok-free.dev/monitor

✅ Serenity 看板已启动
   手机访问: https://resend-zone-cross.ngrok-free.dev/monitor

✅ Serenity 看板已启动
   手机访问: https://resend-zone-cross.ngrok-free.dev/monitor

✅ Serenity 看板已启动
   手机访问: https://resend-zone-cross.ngrok-free.dev/monitor

✅ Serenity 看板已启动
   手机访问: https://resend-zone-cross.ngrok-free.dev/monitor

✅ Serenity 看板已启动
   手机访问: https://resend-zone-cross.ngrok-free.dev/monitor

✅ Serenity 看板已启动
   手机访问: https://resend-zone-cross.ngrok-free.dev/monitor

✅ Serenity 看板已启动
   手机访问: https://resend-zone-cross.ngrok-free.dev/monitor

✅ Serenity 看板已启动
   手机访问: https://resend-zone-cross.ngrok-free.dev/monitor

✅ Serenity 看板已启动
   手机访问: https://resend-zone-cross.ngrok-free.dev/monitor

✅ Serenity 看板已启动
   手机访问: https://resend-zone-cross.ngrok-free.dev/monitor

✅ Serenity 看板已启动
   手机访问: https://resend-zone-cross.ngrok-free.dev/monitor

✅ Serenity 看板已启动
   手机访问: https://resend-zone-cross.ngrok-free.dev/monitor

✅ Serenity 看板已启动
   手机访问: https://resend-zone-cross.ngrok-free.dev/monitor

✅ Serenity 看板已启动
   手机访问: https://resend-zone-cross.ngrok-free.dev/monitor

✅ Serenity 看板已启动
   手机访问: https://resend-zone-cross.ngrok-free.dev/monitor

✅ Serenity 看板已启动
   手机访问: https://resend-zone-cross.ngrok-free.dev/monitor

✅ Serenity 看板已启动
   手机访问: https://resend-zone-cross.ngrok-free.dev/monitor

✅ Serenity 看板已启动
   手机访问: https://resend-zone-cross.ngrok-free.dev/monitor

✅ Serenity 看板已启动
   手机访问: https://resend-zone-cross.ngrok-free.dev/monitor

✅ Serenity 看板已启动
   手机访问: https://resend-zone-cross.ngrok-free.dev/monitor

✅ Serenity 看板已启动
   手机访问: https://resend-zone-cross.ngrok-free.dev/monitor

✅ Serenity 看板已启动
   手机访问: https://resend-zone-cross.ngrok-free.dev/monitor

✅ Serenity 看板已启动
   手机访问: https://resend-zone-cross.ngrok-free.dev/monitor

✅ Serenity 看板已启动
   手机访问: https://resend-zone-cross.ngrok-free.dev/monitor

✅ Serenity 看板已启动
   手机访问: https://resend-zone-cross.ngrok-free.dev/monitor

✅ Serenity 看板已启动
   手机访问: https://resend-zone-cross.ngrok-free.dev/monitor

✅ Serenity 看板已启动
   手机访问: https://resend-zone-cross.ngrok-free.dev/monitor

✅ Serenity 看板已启动
   手机访问: https://resend-zone-cross.ngrok-free.dev/monitor

✅ Serenity 看板已启动
   手机访问: https://resend-zone-cross.ngrok-free.dev/monitor

✅ Serenity 看板已启动
   手机访问: https://resend-zone-cross.ngrok-free.dev/monitor

✅ Serenity 看板已启动
   手机访问: https://resend-zone-cross.ngrok-free.dev/monitor

✅ Serenity 看板已启动
   手机访问: https://resend-zone-cross.ngrok-free.dev/monitor

✅ Serenity 看板已启动
   手机访问: https://resend-zone-cross.ngrok-free.dev/monitor

✅ Serenity 看板已启动
   手机访问: https://resend-zone-cross.ngrok-free.dev/monitor

✅ Serenity 看板已启动
   手机访问: https://resend-zone-cross.ngrok-free.dev/monitor

✅ Serenity 看板已启动
   手机访问: https://resend-zone-cross.ngrok-free.dev/monitor

✅ Serenity 看板已启动
   手机访问: https://resend-zone-cross.ngrok-free.dev/monitor

✅ Serenity 看板已启动
   手机访问: https://resend-zone-cross.ngrok-free.dev/monitor

✅ Serenity 看板已启动
   手机访问: https://resend-zone-cross.ngrok-free.dev/monitor

✅ Serenity 看板已启动
   手机访问: https://resend-zone-cross.ngrok-free.dev/monitor

✅ Serenity 看板已启动
   手机访问: https://resend-zone-cross.ngrok-free.dev/monitor

✅ Serenity 看板已启动
   手机访问: https://resend-zone-cross.ngrok-free.dev/monitor

✅ Serenity 看板已启动
   手机访问: https://resend-zone-cross.ngrok-free.dev/monitor

✅ Serenity 看板已启动
   手机访问: https://resend-zone-cross.ngrok-free.dev/monitor

✅ Serenity 看板已启动
   手机访问: https://resend-zone-cross.ngrok-free.dev/monitor

✅ Serenity 看板已启动
   手机访问: https://resend-zone-cross.ngrok-free.dev/monitor

✅ Serenity 看板已启动
   手机访问: https://resend-zone-cross.ngrok-free.dev/monitor

✅ Serenity 看板已启动
   手机访问: https://resend-zone-cross.ngrok-free.dev/monitor

✅ Serenity 看板已启动
   手机访问: https://resend-zone-cross.ngrok-free.dev/monitor

✅ Serenity 看板已启动
   手机访问: https://resend-zone-cross.ngrok-free.dev/monitor

✅ Serenity 看板已启动
   手机访问: https://resend-zone-cross.ngrok-free.dev/monitor

✅ Serenity 看板已启动
   手机访问: https://resend-zone-cross.ngrok-free.dev/monitor

✅ Serenity 看板已启动
   手机访问: https://resend-zone-cross.ngrok-free.dev/monitor

✅ Serenity 看板已启动
   手机访问: https://resend-zone-cross.ngrok-free.dev/monitor

✅ Serenity 看板已启动
   手机访问: https://resend-zone-cross.ngrok-free.dev/monitor

✅ Serenity 看板已启动
   手机访问: https://resend-zone-cross.ngrok-free.dev/monitor

✅ Serenity 看板已启动
   手机访问: https://resend-zone-cross.ngrok-free.dev/monitor

✅ Serenity 看板已启动
   手机访问: https://resend-zone-cross.ngrok-free.dev/monitor

✅ Serenity 看板已启动
   手机访问: https://resend-zone-cross.ngrok-free.dev/monitor

✅ Serenity 看板已启动
   手机访问: https://resend-zone-cross.ngrok-free.dev/monitor

✅ Serenity 看板已启动
   手机访问: https://resend-zone-cross.ngrok-free.dev/monitor

✅ Serenity 看板已启动
   手机访问: https://resend-zone-cross.ngrok-free.dev/monitor

✅ Serenity 看板已启动
   手机访问: https://resend-zone-cross.ngrok-free.dev/monitor

✅ Serenity 看板已启动
   手机访问: https://resend-zone-cross.ngrok-free.dev/monitor

✅ Serenity 看板已启动
   手机访问: https://resend-zone-cross.ngrok-free.dev/monitor

✅ Serenity 看板已启动
   手机访问: https://resend-zone-cross.ngrok-free.dev/monitor

✅ Serenity 看板已启动
   手机访问: https://resend-zone-cross.ngrok-free.dev/monitor

✅ Serenity 看板已启动
   手机访问: https://resend-zone-cross.ngrok-free.dev/monitor

✅ Serenity 看板已启动
   手机访问: https://resend-zone-cross.ngrok-free.dev/monitor

✅ Serenity 看板已启动
   手机访问: https://resend-zone-cross.ngrok-free.dev/monitor

✅ Serenity 看板已启动
   手机访问: https://resend-zone-cross.ngrok-free.dev/monitor

✅ Serenity 看板已启动
   手机访问: https://resend-zone-cross.ngrok-free.dev/monitor

✅ Serenity 看板已启动
   手机访问: https://resend-zone-cross.ngrok-free.dev/monitor

✅ Serenity 看板已启动
   手机访问: https://resend-zone-cross.ngrok-free.dev/monitor

✅ Serenity 看板已启动
   手机访问: https://resend-zone-cross.ngrok-free.dev/monitor

✅ Serenity 看板已启动
   手机访问: https://resend-zone-cross.ngrok-free.dev/monitor

✅ Serenity 看板已启动
   手机访问: https://resend-zone-cross.ngrok-free.dev/monitor

✅ Serenity 看板已启动
   手机访问: https://resend-zone-cross.ngrok-free.dev/monitor

✅ Serenity 看板已启动
   手机访问: https://resend-zone-cross.ngrok-free.dev/monitor

✅ Serenity 看板已启动
   手机访问: https://resend-zone-cross.ngrok-free.dev/monitor

✅ Serenity 看板已启动
   手机访问: https://resend-zone-cross.ngrok-free.dev/monitor

✅ Serenity 看板已启动
   手机访问: https://resend-zone-cross.ngrok-free.dev/monitor

✅ Serenity 看板已启动
   手机访问: https://resend-zone-cross.ngrok-free.dev/monitor

✅ Serenity 看板已启动
   手机访问: https://resend-zone-cross.ngrok-free.dev/monitor

✅ Serenity 看板已启动
   手机访问: https://resend-zone-cross.ngrok-free.dev/monitor

✅ Serenity 看板已启动
   手机访问: https://resend-zone-cross.ngrok-free.dev/monitor

✅ Serenity 看板已启动
   手机访问: https://resend-zone-cross.ngrok-free.dev/monitor

✅ Serenity 看板已启动
   手机访问: https://resend-zone-cross.ngrok-free.dev/monitor

✅ Serenity 看板已启动
   手机访问: https://resend-zone-cross.ngrok-free.dev/monitor

✅ Serenity 看板已启动
   手机访问: https://resend-zone-cross.ngrok-free.dev/monitor

✅ Serenity 看板已启动
   手机访问: https://resend-zone-cross.ngrok-free.dev/monitor

✅ Serenity 看板已启动
   手机访问: https://resend-zone-cross.ngrok-free.dev/monitor

✅ Serenity 看板已启动
   手机访问: https://resend-zone-cross.ngrok-free.dev/monitor

✅ Serenity 看板已启动
   手机访问: https://resend-zone-cross.ngrok-free.dev/monitor

✅ Serenity 看板已启动
   手机访问: https://resend-zone-cross.ngrok-free.dev/monitor

✅ Serenity 看板已启动
   手机访问: https://resend-zone-cross.ngrok-free.dev/monitor

✅ Serenity 看板已启动
   手机访问: https://resend-zone-cross.ngrok-free.dev/monitor

✅ Serenity 看板已启动
   手机访问: https://resend-zone-cross.ngrok-free.dev/monitor

✅ Serenity 看板已启动
   手机访问: https://resend-zone-cross.ngrok-free.dev/monitor

✅ Serenity 看板已启动
   手机访问: https://resend-zone-cross.ngrok-free.dev/monitor

✅ Serenity 看板已启动
   手机访问: https://resend-zone-cross.ngrok-free.dev/monitor

✅ Serenity 看板已启动
   手机访问: https://resend-zone-cross.ngrok-free.dev/monitor

✅ Serenity 看板已启动
   手机访问: https://resend-zone-cross.ngrok-free.dev/monitor

✅ Serenity 看板已启动
   手机访问: https://resend-zone-cross.ngrok-free.dev/monitor

✅ Serenity 看板已启动
   手机访问: https://resend-zone-cross.ngrok-free.dev/monitor

✅ Serenity 看板已启动
   手机访问: https://resend-zone-cross.ngrok-free.dev/monitor

✅ Serenity 看板已启动
   手机访问: https://resend-zone-cross.ngrok-free.dev/monitor

✅ Serenity 看板已启动
   手机访问: https://resend-zone-cross.ngrok-free.dev/monitor

✅ Serenity 看板已启动
   手机访问: https://resend-zone-cross.ngrok-free.dev/monitor

✅ Serenity 看板已启动
   手机访问: https://resend-zone-cross.ngrok-free.dev/monitor

✅ Serenity 看板已启动
   手机访问: https://resend-zone-cross.ngrok-free.dev/monitor

✅ Serenity 看板已启动
   手机访问: https://resend-zone-cross.ngrok-free.dev/monitor

✅ Serenity 看板已启动
   手机访问: https://resend-zone-cross.ngrok-free.dev/monitor

✅ Serenity 看板已启动
   手机访问: https://resend-zone-cross.ngrok-free.dev/monitor

✅ Serenity 看板已启动
   手机访问: https://resend-zone-cross.ngrok-free.dev/monitor

✅ Serenity 看板已启动
   手机访问: https://resend-zone-cross.ngrok-free.dev/monitor

✅ Serenity 看板已启动
   手机访问: https://resend-zone-cross.ngrok-free.dev/monitor

✅ Serenity 看板已启动
   手机访问: https://resend-zone-cross.ngrok-free.dev/monitor

✅ Serenity 看板已启动
   手机访问: https://resend-zone-cross.ngrok-free.dev/monitor

✅ Serenity 看板已启动
   手机访问: https://resend-zone-cross.ngrok-free.dev/monitor

✅ Serenity 看板已启动
   手机访问: https://resend-zone-cross.ngrok-free.dev/monitor

✅ Serenity 看板已启动
   手机访问: https://resend-zone-cross.ngrok-free.dev/monitor

✅ Serenity 看板已启动
   手机访问: https://resend-zone-cross.ngrok-free.dev/monitor

✅ Serenity 看板已启动
   手机访问: https://resend-zone-cross.ngrok-free.dev/monitor

✅ Serenity 看板已启动
   手机访问: https://resend-zone-cross.ngrok-free.dev/monitor

✅ Serenity 看板已启动
   手机访问: https://resend-zone-cross.ngrok-free.dev/monitor

✅ Serenity 看板已启动
   手机访问: https://resend-zone-cross.ngrok-free.dev/monitor

✅ Serenity 看板已启动
   手机访问: https://resend-zone-cross.ngrok-free.dev/monitor

✅ Serenity 看板已启动
   手机访问: https://resend-zone-cross.ngrok-free.dev/monitor

✅ Serenity 看板已启动
   手机访问: https://resend-zone-cross.ngrok-free.dev/monitor

✅ Serenity 看板已启动
   手机访问: https://resend-zone-cross.ngrok-free.dev/monitor

✅ Serenity 看板已启动
   手机访问: https://resend-zone-cross.ngrok-free.dev/monitor

✅ Serenity 看板已启动
   手机访问: https://resend-zone-cross.ngrok-free.dev/monitor

✅ Serenity 看板已启动
   手机访问: https://resend-zone-cross.ngrok-free.dev/monitor

✅ Serenity 看板已启动
   手机访问: https://resend-zone-cross.ngrok-free.dev/monitor

✅ Serenity 看板已启动
   手机访问: https://resend-zone-cross.ngrok-free.dev/monitor

✅ Serenity 看板已启动
   手机访问: https://resend-zone-cross.ngrok-free.dev/monitor

✅ Serenity 看板已启动
   手机访问: https://resend-zone-cross.ngrok-free.dev/monitor

✅ Serenity 看板已启动
   手机访问: https://resend-zone-cross.ngrok-free.dev/monitor

✅ Serenity 看板已启动
   手机访问: https://resend-zone-cross.ngrok-free.dev/monitor

✅ Serenity 看板已启动
   手机访问: https://resend-zone-cross.ngrok-free.dev/monitor

✅ Serenity 看板已启动
   手机访问: https://resend-zone-cross.ngrok-free.dev/monitor

✅ Serenity 看板已启动
   手机访问: https://resend-zone-cross.ngrok-free.dev/monitor

✅ Serenity 看板已启动
   手机访问: https://resend-zone-cross.ngrok-free.dev/monitor

✅ Serenity 看板已启动
   手机访问: https://resend-zone-cross.ngrok-free.dev/monitor

✅ Serenity 看板已启动
   手机访问: https://resend-zone-cross.ngrok-free.dev/monitor

✅ Serenity 看板已启动
   手机访问: https://resend-zone-cross.ngrok-free.dev/monitor

✅ Serenity 看板已启动
   手机访问: https://resend-zone-cross.ngrok-free.dev/monitor

✅ Serenity 看板已启动
   手机访问: https://resend-zone-cross.ngrok-free.dev/monitor

✅ Serenity 看板已启动
   手机访问: https://resend-zone-cross.ngrok-free.dev/monitor

✅ Serenity 看板已启动
   手机访问: https://resend-zone-cross.ngrok-free.dev/monitor

✅ Serenity 看板已启动
   手机访问: https://resend-zone-cross.ngrok-free.dev/monitor

✅ Serenity 看板已启动
   手机访问: https://resend-zone-cross.ngrok-free.dev/monitor

✅ Serenity 看板已启动
   手机访问: https://resend-zone-cross.ngrok-free.dev/monitor

✅ Serenity 看板已启动
   手机访问: https://resend-zone-cross.ngrok-free.dev/monitor

✅ Serenity 看板已启动
   手机访问: https://resend-zone-cross.ngrok-free.dev/monitor

✅ Serenity 看板已启动
   手机访问: https://resend-zone-cross.ngrok-free.dev/monitor

✅ Serenity 看板已启动
   手机访问: https://resend-zone-cross.ngrok-free.dev/monitor

✅ Serenity 看板已启动
   手机访问: https://resend-zone-cross.ngrok-free.dev/monitor

✅ Serenity 看板已启动
   手机访问: https://resend-zone-cross.ngrok-free.dev/monitor

✅ Serenity 看板已启动
   手机访问: https://resend-zone-cross.ngrok-free.dev/monitor

✅ Serenity 看板已启动
   手机访问: https://resend-zone-cross.ngrok-free.dev/monitor

✅ Serenity 看板已启动
   手机访问: https://resend-zone-cross.ngrok-free.dev/monitor

✅ Serenity 看板已启动
   手机访问: https://resend-zone-cross.ngrok-free.dev/monitor

✅ Serenity 看板已启动
   手机访问: https://resend-zone-cross.ngrok-free.dev/monitor

✅ Serenity 看板已启动
   手机访问: https://resend-zone-cross.ngrok-free.dev/monitor

✅ Serenity 看板已启动
   手机访问: https://resend-zone-cross.ngrok-free.dev/monitor

✅ Serenity 看板已启动
   手机访问: https://resend-zone-cross.ngrok-free.dev/monitor

✅ Serenity 看板已启动
   手机访问: https://resend-zone-cross.ngrok-free.dev/monitor

✅ Serenity 看板已启动
   手机访问: https://resend-zone-cross.ngrok-free.dev/monitor

✅ Serenity 看板已启动
   手机访问: https://resend-zone-cross.ngrok-free.dev/monitor

✅ Serenity 看板已启动
   手机访问: https://resend-zone-cross.ngrok-free.dev/monitor

✅ Serenity 看板已启动
   手机访问: https://resend-zone-cross.ngrok-free.dev/monitor

✅ Serenity 看板已启动
   手机访问: https://resend-zone-cross.ngrok-free.dev/monitor

✅ Serenity 看板已启动
   手机访问: https://resend-zone-cross.ngrok-free.dev/monitor

✅ Serenity 看板已启动
   手机访问: https://resend-zone-cross.ngrok-free.dev/monitor

✅ Serenity 看板已启动
   手机访问: https://resend-zone-cross.ngrok-free.dev/monitor

✅ Serenity 看板已启动
   手机访问: https://resend-zone-cross.ngrok-free.dev/monitor

✅ Serenity 看板已启动
   手机访问: https://resend-zone-cross.ngrok-free.dev/monitor

✅ Serenity 看板已启动
   手机访问: https://resend-zone-cross.ngrok-free.dev/monitor

✅ Serenity 看板已启动
   手机访问: https://resend-zone-cross.ngrok-free.dev/monitor

✅ Serenity 看板已启动
   手机访问: https://resend-zone-cross.ngrok-free.dev/monitor

✅ Serenity 看板已启动
   手机访问: https://resend-zone-cross.ngrok-free.dev/monitor

✅ Serenity 看板已启动
   手机访问: https://resend-zone-cross.ngrok-free.dev/monitor

✅ Serenity 看板已启动
   手机访问: https://resend-zone-cross.ngrok-free.dev/monitor

✅ Serenity 看板已启动
   手机访问: https://resend-zone-cross.ngrok-free.dev/monitor

✅ Serenity 看板已启动
   手机访问: https://resend-zone-cross.ngrok-free.dev/monitor

✅ Serenity 看板已启动
   手机访问: https://resend-zone-cross.ngrok-free.dev/monitor

✅ Serenity 看板已启动
   手机访问: https://resend-zone-cross.ngrok-free.dev/monitor

✅ Serenity 看板已启动
   手机访问: https://resend-zone-cross.ngrok-free.dev/monitor

✅ Serenity 看板已启动
   手机访问: https://resend-zone-cross.ngrok-free.dev/monitor

✅ Serenity 看板已启动
   手机访问: https://resend-zone-cross.ngrok-free.dev/monitor

✅ Serenity 看板已启动
   手机访问: https://resend-zone-cross.ngrok-free.dev/monitor

✅ Serenity 看板已启动
   手机访问: https://resend-zone-cross.ngrok-free.dev/monitor

✅ Serenity 看板已启动
   手机访问: https://resend-zone-cross.ngrok-free.dev/monitor

✅ Serenity 看板已启动
   手机访问: https://resend-zone-cross.ngrok-free.dev/monitor

✅ Serenity 看板已启动
   手机访问: https://resend-zone-cross.ngrok-free.dev/monitor

✅ Serenity 看板已启动
   手机访问: https://resend-zone-cross.ngrok-free.dev/monitor

✅ Serenity 看板已启动
   手机访问: https://resend-zone-cross.ngrok-free.dev/monitor

✅ Serenity 看板已启动
   手机访问: https://resend-zone-cross.ngrok-free.dev/monitor

✅ Serenity 看板已启动
   手机访问: https://resend-zone-cross.ngrok-free.dev/monitor

✅ Serenity 看板已启动
   手机访问: https://resend-zone-cross.ngrok-free.dev/monitor

✅ Serenity 看板已启动
   手机访问: https://resend-zone-cross.ngrok-free.dev/monitor

✅ Serenity 看板已启动
   手机访问: https://resend-zone-cross.ngrok-free.dev/monitor

✅ Serenity 看板已启动
   手机访问: https://resend-zone-cross.ngrok-free.dev/monitor

✅ Serenity 看板已启动
   手机访问: https://resend-zone-cross.ngrok-free.dev/monitor

✅ Serenity 看板已启动
   手机访问: https://resend-zone-cross.ngrok-free.dev/monitor

✅ Serenity 看板已启动
   手机访问: https://resend-zone-cross.ngrok-free.dev/monitor

✅ Serenity 看板已启动
   手机访问: https://resend-zone-cross.ngrok-free.dev/monitor

✅ Serenity 看板已启动
   手机访问: https://resend-zone-cross.ngrok-free.dev/monitor

✅ Serenity 看板已启动
   手机访问: https://resend-zone-cross.ngrok-free.dev/monitor

✅ Serenity 看板已启动
   手机访问: https://resend-zone-cross.ngrok-free.dev/monitor

✅ Serenity 看板已启动
   手机访问: https://resend-zone-cross.ngrok-free.dev/monitor

✅ Serenity 看板已启动
   手机访问: https://resend-zone-cross.ngrok-free.dev/monitor

✅ Serenity 看板已启动
   手机访问: https://resend-zone-cross.ngrok-free.dev/monitor

✅ Serenity 看板已启动
   手机访问: https://resend-zone-cross.ngrok-free.dev/monitor

✅ Serenity 看板已启动
   手机访问: https://resend-zone-cross.ngrok-free.dev/monitor

✅ Serenity 看板已启动
   手机访问: https://resend-zone-cross.ngrok-free.dev/monitor

✅ Serenity 看板已启动
   手机访问: https://resend-zone-cross.ngrok-free.dev/monitor

✅ Serenity 看板已启动
   手机访问: https://resend-zone-cross.ngrok-free.dev/monitor

✅ Serenity 看板已启动
   手机访问: https://resend-zone-cross.ngrok-free.dev/monitor

✅ Serenity 看板已启动
   手机访问: https://resend-zone-cross.ngrok-free.dev/monitor

✅ Serenity 看板已启动
   手机访问: https://resend-zone-cross.ngrok-free.dev/monitor

✅ Serenity 看板已启动
   手机访问: https://resend-zone-cross.ngrok-free.dev/monitor

✅ Serenity 看板已启动
   手机访问: https://resend-zone-cross.ngrok-free.dev/monitor

✅ Serenity 看板已启动
   手机访问: https://resend-zone-cross.ngrok-free.dev/monitor

✅ Serenity 看板已启动
   手机访问: https://resend-zone-cross.ngrok-free.dev/monitor

✅ Serenity 看板已启动
   手机访问: https://resend-zone-cross.ngrok-free.dev/monitor

✅ Serenity 看板已启动
   手机访问: https://resend-zone-cross.ngrok-free.dev/monitor

✅ Serenity 看板已启动
   手机访问: https://resend-zone-cross.ngrok-free.dev/monitor

✅ Serenity 看板已启动
   手机访问: https://resend-zone-cross.ngrok-free.dev/monitor

✅ Serenity 看板已启动
   手机访问: https://resend-zone-cross.ngrok-free.dev/monitor

✅ Serenity 看板已启动
   手机访问: https://resend-zone-cross.ngrok-free.dev/monitor

✅ Serenity 看板已启动
   手机访问: https://resend-zone-cross.ngrok-free.dev/monitor

✅ Serenity 看板已启动
   手机访问: https://resend-zone-cross.ngrok-free.dev/monitor

✅ Serenity 看板已启动
   手机访问: https://resend-zone-cross.ngrok-free.dev/monitor

✅ Serenity 看板已启动
   手机访问: https://resend-zone-cross.ngrok-free.dev/monitor

✅ Serenity 看板已启动
   手机访问: https://resend-zone-cross.ngrok-free.dev/monitor

✅ Serenity 看板已启动
   手机访问: https://resend-zone-cross.ngrok-free.dev/monitor

✅ Serenity 看板已启动
   手机访问: https://resend-zone-cross.ngrok-free.dev/monitor

✅ Serenity 看板已启动
   手机访问: https://resend-zone-cross.ngrok-free.dev/monitor

✅ Serenity 看板已启动
   手机访问: https://resend-zone-cross.ngrok-free.dev/monitor

✅ Serenity 看板已启动
   手机访问: https://resend-zone-cross.ngrok-free.dev/monitor

✅ Serenity 看板已启动
   手机访问: https://resend-zone-cross.ngrok-free.dev/monitor

✅ Serenity 看板已启动
   手机访问: https://resend-zone-cross.ngrok-free.dev/monitor

✅ Serenity 看板已启动
   手机访问: https://resend-zone-cross.ngrok-free.dev/monitor

✅ Serenity 看板已启动
   手机访问: https://resend-zone-cross.ngrok-free.dev/monitor

✅ Serenity 看板已启动
   手机访问: https://resend-zone-cross.ngrok-free.dev/monitor

✅ Serenity 看板已启动
   手机访问: https://resend-zone-cross.ngrok-free.dev/monitor

✅ Serenity 看板已启动
   手机访问: https://resend-zone-cross.ngrok-free.dev/monitor

✅ Serenity 看板已启动
   手机访问: https://resend-zone-cross.ngrok-free.dev/monitor

✅ Serenity 看板已启动
   手机访问: https://resend-zone-cross.ngrok-free.dev/monitor

✅ Serenity 看板已启动
   手机访问: https://resend-zone-cross.ngrok-free.dev/monitor

✅ Serenity 看板已启动
   手机访问: https://resend-zone-cross.ngrok-free.dev/monitor

✅ Serenity 看板已启动
   手机访问: https://resend-zone-cross.ngrok-free.dev/monitor

✅ Serenity 看板已启动
   手机访问: https://resend-zone-cross.ngrok-free.dev/monitor

✅ Serenity 看板已启动
   手机访问: https://resend-zone-cross.ngrok-free.dev/monitor

✅ Serenity 看板已启动
   手机访问: https://resend-zone-cross.ngrok-free.dev/monitor

✅ Serenity 看板已启动
   手机访问: https://resend-zone-cross.ngrok-free.dev/monitor

✅ Serenity 看板已启动
   手机访问: https://resend-zone-cross.ngrok-free.dev/monitor

✅ Serenity 看板已启动
   手机访问: https://resend-zone-cross.ngrok-free.dev/monitor

✅ Serenity 看板已启动
   手机访问: https://resend-zone-cross.ngrok-free.dev/monitor

✅ Serenity 看板已启动
   手机访问: https://resend-zone-cross.ngrok-free.dev/monitor

✅ Serenity 看板已启动
   手机访问: https://resend-zone-cross.ngrok-free.dev/monitor

✅ Serenity 看板已启动
   手机访问: https://resend-zone-cross.ngrok-free.dev/monitor

✅ Serenity 看板已启动
   手机访问: https://resend-zone-cross.ngrok-free.dev/monitor

✅ Serenity 看板已启动
   手机访问: https://resend-zone-cross.ngrok-free.dev/monitor

✅ Serenity 看板已启动
   手机访问: https://resend-zone-cross.ngrok-free.dev/monitor

✅ Serenity 看板已启动
   手机访问: https://resend-zone-cross.ngrok-free.dev/monitor

✅ Serenity 看板已启动
   手机访问: https://resend-zone-cross.ngrok-free.dev/monitor

✅ Serenity 看板已启动
   手机访问: https://resend-zone-cross.ngrok-free.dev/monitor

✅ Serenity 看板已启动
   手机访问: https://resend-zone-cross.ngrok-free.dev/monitor

✅ Serenity 看板已启动
   手机访问: https://resend-zone-cross.ngrok-free.dev/monitor

✅ Serenity 看板已启动
   手机访问: https://resend-zone-cross.ngrok-free.dev/monitor

✅ Serenity 看板已启动
   手机访问: https://resend-zone-cross.ngrok-free.dev/monitor

✅ Serenity 看板已启动
   手机访问: https://resend-zone-cross.ngrok-free.dev/monitor

✅ Serenity 看板已启动
   手机访问: https://resend-zone-cross.ngrok-free.dev/monitor

✅ Serenity 看板已启动
   手机访问: https://resend-zone-cross.ngrok-free.dev/monitor

✅ Serenity 看板已启动
   手机访问: https://resend-zone-cross.ngrok-free.dev/monitor

✅ Serenity 看板已启动
   手机访问: https://resend-zone-cross.ngrok-free.dev/monitor

✅ Serenity 看板已启动
   手机访问: https://resend-zone-cross.ngrok-free.dev/monitor

✅ Serenity 看板已启动
   手机访问: https://resend-zone-cross.ngrok-free.dev/monitor

✅ Serenity 看板已启动
   手机访问: https://resend-zone-cross.ngrok-free.dev/monitor

✅ Serenity 看板已启动
   手机访问: https://resend-zone-cross.ngrok-free.dev/monitor

✅ Serenity 看板已启动
   手机访问: https://resend-zone-cross.ngrok-free.dev/monitor

✅ Serenity 看板已启动
   手机访问: https://resend-zone-cross.ngrok-free.dev/monitor

✅ Serenity 看板已启动
   手机访问: https://resend-zone-cross.ngrok-free.dev/monitor

✅ Serenity 看板已启动
   手机访问: https://resend-zone-cross.ngrok-free.dev/monitor

✅ Serenity 看板已启动
   手机访问: https://resend-zone-cross.ngrok-free.dev/monitor

✅ Serenity 看板已启动
   手机访问: https://resend-zone-cross.ngrok-free.dev/monitor

✅ Serenity 看板已启动
   手机访问: https://resend-zone-cross.ngrok-free.dev/monitor

✅ Serenity 看板已启动
   手机访问: https://resend-zone-cross.ngrok-free.dev/monitor

✅ Serenity 看板已启动
   手机访问: https://resend-zone-cross.ngrok-free.dev/monitor

✅ Serenity 看板已启动
   手机访问: https://resend-zone-cross.ngrok-free.dev/monitor

✅ Serenity 看板已启动
   手机访问: https://resend-zone-cross.ngrok-free.dev/monitor

✅ Serenity 看板已启动
   手机访问: https://resend-zone-cross.ngrok-free.dev/monitor

✅ Serenity 看板已启动
   手机访问: https://resend-zone-cross.ngrok-free.dev/monitor

✅ Serenity 看板已启动
   手机访问: https://resend-zone-cross.ngrok-free.dev/monitor

✅ Serenity 看板已启动
   手机访问: https://resend-zone-cross.ngrok-free.dev/monitor

✅ Serenity 看板已启动
   手机访问: https://resend-zone-cross.ngrok-free.dev/monitor

✅ Serenity 看板已启动
   手机访问: https://resend-zone-cross.ngrok-free.dev/monitor

✅ Serenity 看板已启动
   手机访问: https://resend-zone-cross.ngrok-free.dev/monitor

✅ Serenity 看板已启动
   手机访问: https://resend-zone-cross.ngrok-free.dev/monitor

✅ Serenity 看板已启动
   手机访问: https://resend-zone-cross.ngrok-free.dev/monitor

✅ Serenity 看板已启动
   手机访问: https://resend-zone-cross.ngrok-free.dev/monitor

✅ Serenity 看板已启动
   手机访问: https://resend-zone-cross.ngrok-free.dev/monitor

✅ Serenity 看板已启动
   手机访问: https://resend-zone-cross.ngrok-free.dev/monitor

✅ Serenity 看板已启动
   手机访问: https://resend-zone-cross.ngrok-free.dev/monitor

✅ Serenity 看板已启动
   手机访问: https://resend-zone-cross.ngrok-free.dev/monitor

✅ Serenity 看板已启动
   手机访问: https://resend-zone-cross.ngrok-free.dev/monitor

✅ Serenity 看板已启动
   手机访问: https://resend-zone-cross.ngrok-free.dev/monitor

✅ Serenity 看板已启动
   手机访问: https://resend-zone-cross.ngrok-free.dev/monitor

✅ Serenity 看板已启动
   手机访问: https://resend-zone-cross.ngrok-free.dev/monitor

✅ Serenity 看板已启动
   手机访问: https://resend-zone-cross.ngrok-free.dev/monitor

✅ Serenity 看板已启动
   手机访问: https://resend-zone-cross.ngrok-free.dev/monitor

✅ Serenity 看板已启动
   手机访问: https://resend-zone-cross.ngrok-free.dev/monitor

✅ Serenity 看板已启动
   手机访问: https://resend-zone-cross.ngrok-free.dev/monitor

✅ Serenity 看板已启动
   手机访问: https://resend-zone-cross.ngrok-free.dev/monitor

✅ Serenity 看板已启动
   手机访问: https://resend-zone-cross.ngrok-free.dev/monitor

✅ Serenity 看板已启动
   手机访问: https://resend-zone-cross.ngrok-free.dev/monitor

✅ Serenity 看板已启动
   手机访问: https://resend-zone-cross.ngrok-free.dev/monitor

✅ Serenity 看板已启动
   手机访问: https://resend-zone-cross.ngrok-free.dev/monitor

✅ Serenity 看板已启动
   手机访问: https://resend-zone-cross.ngrok-free.dev/monitor

✅ Serenity 看板已启动
   手机访问: https://resend-zone-cross.ngrok-free.dev/monitor

✅ Serenity 看板已启动
   手机访问: https://resend-zone-cross.ngrok-free.dev/monitor

✅ Serenity 看板已启动
   手机访问: https://resend-zone-cross.ngrok-free.dev/monitor

✅ Serenity 看板已启动
   手机访问: https://resend-zone-cross.ngrok-free.dev/monitor

✅ Serenity 看板已启动
   手机访问: https://resend-zone-cross.ngrok-free.dev/monitor

✅ Serenity 看板已启动
   手机访问: https://resend-zone-cross.ngrok-free.dev/monitor

✅ Serenity 看板已启动
   手机访问: https://resend-zone-cross.ngrok-free.dev/monitor

✅ Serenity 看板已启动
   手机访问: https://resend-zone-cross.ngrok-free.dev/monitor

✅ Serenity 看板已启动
   手机访问: https://resend-zone-cross.ngrok-free.dev/monitor

✅ Serenity 看板已启动
   手机访问: https://resend-zone-cross.ngrok-free.dev/monitor

✅ Serenity 看板已启动
   手机访问: https://resend-zone-cross.ngrok-free.dev/monitor

✅ Serenity 看板已启动
   手机访问: https://resend-zone-cross.ngrok-free.dev/monitor

✅ Serenity 看板已启动
   手机访问: https://resend-zone-cross.ngrok-free.dev/monitor

✅ Serenity 看板已启动
   手机访问: https://resend-zone-cross.ngrok-free.dev/monitor

✅ Serenity 看板已启动
   手机访问: https://resend-zone-cross.ngrok-free.dev/monitor

✅ Serenity 看板已启动
   手机访问: https://resend-zone-cross.ngrok-free.dev/monitor

✅ Serenity 看板已启动
   手机访问: https://resend-zone-cross.ngrok-free.dev/monitor

✅ Serenity 看板已启动
   手机访问: https://resend-zone-cross.ngrok-free.dev/monitor

✅ Serenity 看板已启动
   手机访问: https://resend-zone-cross.ngrok-free.dev/monitor

✅ Serenity 看板已启动
   手机访问: https://resend-zone-cross.ngrok-free.dev/monitor

✅ Serenity 看板已启动
   手机访问: https://resend-zone-cross.ngrok-free.dev/monitor

✅ Serenity 看板已启动
   手机访问: https://resend-zone-cross.ngrok-free.dev/monitor

✅ Serenity 看板已启动
   手机访问: https://resend-zone-cross.ngrok-free.dev/monitor

✅ Serenity 看板已启动
   手机访问: https://resend-zone-cross.ngrok-free.dev/monitor

✅ Serenity 看板已启动
   手机访问: https://resend-zone-cross.ngrok-free.dev/monitor

✅ Serenity 看板已启动
   手机访问: https://resend-zone-cross.ngrok-free.dev/monitor

✅ Serenity 看板已启动
   手机访问: https://resend-zone-cross.ngrok-free.dev/monitor

✅ Serenity 看板已启动
   手机访问: https://resend-zone-cross.ngrok-free.dev/monitor

✅ Serenity 看板已启动
   手机访问: https://resend-zone-cross.ngrok-free.dev/monitor

✅ Serenity 看板已启动
   手机访问: https://resend-zone-cross.ngrok-free.dev/monitor

✅ Serenity 看板已启动
   手机访问: https://resend-zone-cross.ngrok-free.dev/monitor

✅ Serenity 看板已启动
   手机访问: https://resend-zone-cross.ngrok-free.dev/monitor

✅ Serenity 看板已启动
   手机访问: https://resend-zone-cross.ngrok-free.dev/monitor

✅ Serenity 看板已启动
   手机访问: https://resend-zone-cross.ngrok-free.dev/monitor

✅ Serenity 看板已启动
   手机访问: https://resend-zone-cross.ngrok-free.dev/monitor

✅ Serenity 看板已启动
   手机访问: https://resend-zone-cross.ngrok-free.dev/monitor

✅ Serenity 看板已启动
   手机访问: https://resend-zone-cross.ngrok-free.dev/monitor

✅ Serenity 看板已启动
   手机访问: https://resend-zone-cross.ngrok-free.dev/monitor

✅ Serenity 看板已启动
   手机访问: https://resend-zone-cross.ngrok-free.dev/monitor

✅ Serenity 看板已启动
   手机访问: https://resend-zone-cross.ngrok-free.dev/monitor

✅ Serenity 看板已启动
   手机访问: https://resend-zone-cross.ngrok-free.dev/monitor

✅ Serenity 看板已启动
   手机访问: https://resend-zone-cross.ngrok-free.dev/monitor

✅ Serenity 看板已启动
   手机访问: https://resend-zone-cross.ngrok-free.dev/monitor

✅ Serenity 看板已启动
   手机访问: https://resend-zone-cross.ngrok-free.dev/monitor

✅ Serenity 看板已启动
   手机访问: https://resend-zone-cross.ngrok-free.dev/monitor

✅ Serenity 看板已启动
   手机访问: https://resend-zone-cross.ngrok-free.dev/monitor

✅ Serenity 看板已启动
   手机访问: https://resend-zone-cross.ngrok-free.dev/monitor

✅ Serenity 看板已启动
   手机访问: https://resend-zone-cross.ngrok-free.dev/monitor

✅ Serenity 看板已启动
   手机访问: https://resend-zone-cross.ngrok-free.dev/monitor

✅ Serenity 看板已启动
   手机访问: https://resend-zone-cross.ngrok-free.dev/monitor

✅ Serenity 看板已启动
   手机访问: https://resend-zone-cross.ngrok-free.dev/monitor

✅ Serenity 看板已启动
   手机访问: https://resend-zone-cross.ngrok-free.dev/monitor

✅ Serenity 看板已启动
   手机访问: https://resend-zone-cross.ngrok-free.dev/monitor

✅ Serenity 看板已启动
   手机访问: https://resend-zone-cross.ngrok-free.dev/monitor

✅ Serenity 看板已启动
   手机访问: https://resend-zone-cross.ngrok-free.dev/monitor

✅ Serenity 看板已启动
   手机访问: https://resend-zone-cross.ngrok-free.dev/monitor

✅ Serenity 看板已启动
   手机访问: https://resend-zone-cross.ngrok-free.dev/monitor

✅ Serenity 看板已启动
   手机访问: https://resend-zone-cross.ngrok-free.dev/monitor

✅ Serenity 看板已启动
   手机访问: https://resend-zone-cross.ngrok-free.dev/monitor

✅ Serenity 看板已启动
   手机访问: https://resend-zone-cross.ngrok-free.dev/monitor

✅ Serenity 看板已启动
   手机访问: https://resend-zone-cross.ngrok-free.dev/monitor

✅ Serenity 看板已启动
   手机访问: https://resend-zone-cross.ngrok-free.dev/monitor

✅ Serenity 看板已启动
   手机访问: https://resend-zone-cross.ngrok-free.dev/monitor

✅ Serenity 看板已启动
   手机访问: https://resend-zone-cross.ngrok-free.dev/monitor

✅ Serenity 看板已启动
   手机访问: https://resend-zone-cross.ngrok-free.dev/monitor

✅ Serenity 看板已启动
   手机访问: https://resend-zone-cross.ngrok-free.dev/monitor

✅ Serenity 看板已启动
   手机访问: https://resend-zone-cross.ngrok-free.dev/monitor

✅ Serenity 看板已启动
   手机访问: https://resend-zone-cross.ngrok-free.dev/monitor

✅ Serenity 看板已启动
   手机访问: https://resend-zone-cross.ngrok-free.dev/monitor

✅ Serenity 看板已启动
   手机访问: https://resend-zone-cross.ngrok-free.dev/monitor

✅ Serenity 看板已启动
   手机访问: https://resend-zone-cross.ngrok-free.dev/monitor

✅ Serenity 看板已启动
   手机访问: https://resend-zone-cross.ngrok-free.dev/monitor

✅ Serenity 看板已启动
   手机访问: https://resend-zone-cross.ngrok-free.dev/monitor

✅ Serenity 看板已启动
   手机访问: https://resend-zone-cross.ngrok-free.dev/monitor

✅ Serenity 看板已启动
   手机访问: https://resend-zone-cross.ngrok-free.dev/monitor

✅ Serenity 看板已启动
   手机访问: https://resend-zone-cross.ngrok-free.dev/monitor

✅ Serenity 看板已启动
   手机访问: https://resend-zone-cross.ngrok-free.dev/monitor

✅ Serenity 看板已启动
   手机访问: https://resend-zone-cross.ngrok-free.dev/monitor

✅ Serenity 看板已启动
   手机访问: https://resend-zone-cross.ngrok-free.dev/monitor

✅ Serenity 看板已启动
   手机访问: https://resend-zone-cross.ngrok-free.dev/monitor

✅ Serenity 看板已启动
   手机访问: https://resend-zone-cross.ngrok-free.dev/monitor

✅ Serenity 看板已启动
   手机访问: https://resend-zone-cross.ngrok-free.dev/monitor

✅ Serenity 看板已启动
   手机访问: https://resend-zone-cross.ngrok-free.dev/monitor

✅ Serenity 看板已启动
   手机访问: https://resend-zone-cross.ngrok-free.dev/monitor

✅ Serenity 看板已启动
   手机访问: https://resend-zone-cross.ngrok-free.dev/monitor

✅ Serenity 看板已启动
   手机访问: https://resend-zone-cross.ngrok-free.dev/monitor

✅ Serenity 看板已启动
   手机访问: https://resend-zone-cross.ngrok-free.dev/monitor

✅ Serenity 看板已启动
   手机访问: https://resend-zone-cross.ngrok-free.dev/monitor

✅ Serenity 看板已启动
   手机访问: https://resend-zone-cross.ngrok-free.dev/monitor

✅ Serenity 看板已启动
   手机访问: https://resend-zone-cross.ngrok-free.dev/monitor

✅ Serenity 看板已启动
   手机访问: https://resend-zone-cross.ngrok-free.dev/monitor

✅ Serenity 看板已启动
   手机访问: https://resend-zone-cross.ngrok-free.dev/monitor

✅ Serenity 看板已启动
   手机访问: https://resend-zone-cross.ngrok-free.dev/monitor

✅ Serenity 看板已启动
   手机访问: https://resend-zone-cross.ngrok-free.dev/monitor

✅ Serenity 看板已启动
   手机访问: https://resend-zone-cross.ngrok-free.dev/monitor

✅ Serenity 看板已启动
   手机访问: https://resend-zone-cross.ngrok-free.dev/monitor

✅ Serenity 看板已启动
   手机访问: https://resend-zone-cross.ngrok-free.dev/monitor

✅ Serenity 看板已启动
   手机访问: https://resend-zone-cross.ngrok-free.dev/monitor

✅ Serenity 看板已启动
   手机访问: https://resend-zone-cross.ngrok-free.dev/monitor

✅ Serenity 看板已启动
   手机访问: https://resend-zone-cross.ngrok-free.dev/monitor

✅ Serenity 看板已启动
   手机访问: https://resend-zone-cross.ngrok-free.dev/monitor

✅ Serenity 看板已启动
   手机访问: https://resend-zone-cross.ngrok-free.dev/monitor

✅ Serenity 看板已启动
   手机访问: https://resend-zone-cross.ngrok-free.dev/monitor

✅ Serenity 看板已启动
   手机访问: https://resend-zone-cross.ngrok-free.dev/monitor

✅ Serenity 看板已启动
   手机访问: https://resend-zone-cross.ngrok-free.dev/monitor

✅ Serenity 看板已启动
   手机访问: https://resend-zone-cross.ngrok-free.dev/monitor

✅ Serenity 看板已启动
   手机访问: https://resend-zone-cross.ngrok-free.dev/monitor

✅ Serenity 看板已启动
   手机访问: https://resend-zone-cross.ngrok-free.dev/monitor

✅ Serenity 看板已启动
   手机访问: https://resend-zone-cross.ngrok-free.dev/monitor

✅ Serenity 看板已启动
   手机访问: https://resend-zone-cross.ngrok-free.dev/monitor

✅ Serenity 看板已启动
   手机访问: https://resend-zone-cross.ngrok-free.dev/monitor

✅ Serenity 看板已启动
   手机访问: https://resend-zone-cross.ngrok-free.dev/monitor

✅ Serenity 看板已启动
   手机访问: https://resend-zone-cross.ngrok-free.dev/monitor

✅ Serenity 看板已启动
   手机访问: https://resend-zone-cross.ngrok-free.dev/monitor

✅ Serenity 看板已启动
   手机访问: https://resend-zone-cross.ngrok-free.dev/monitor

✅ Serenity 看板已启动
   手机访问: https://resend-zone-cross.ngrok-free.dev/monitor

✅ Serenity 看板已启动
   手机访问: https://resend-zone-cross.ngrok-free.dev/monitor

✅ Serenity 看板已启动
   手机访问: https://resend-zone-cross.ngrok-free.dev/monitor

✅ Serenity 看板已启动
   手机访问: https://resend-zone-cross.ngrok-free.dev/monitor

✅ Serenity 看板已启动
   手机访问: https://resend-zone-cross.ngrok-free.dev/monitor

✅ Serenity 看板已启动
   手机访问: https://resend-zone-cross.ngrok-free.dev/monitor

✅ Serenity 看板已启动
   手机访问: https://resend-zone-cross.ngrok-free.dev/monitor

✅ Serenity 看板已启动
   手机访问: https://resend-zone-cross.ngrok-free.dev/monitor

✅ Serenity 看板已启动
   手机访问: https://resend-zone-cross.ngrok-free.dev/monitor

✅ Serenity 看板已启动
   手机访问: https://resend-zone-cross.ngrok-free.dev/monitor

✅ Serenity 看板已启动
   手机访问: https://resend-zone-cross.ngrok-free.dev/monitor

✅ Serenity 看板已启动
   手机访问: https://resend-zone-cross.ngrok-free.dev/monitor

✅ Serenity 看板已启动
   手机访问: https://resend-zone-cross.ngrok-free.dev/monitor

✅ Serenity 看板已启动
   手机访问: https://resend-zone-cross.ngrok-free.dev/monitor

✅ Serenity 看板已启动
   手机访问: https://resend-zone-cross.ngrok-free.dev/monitor

✅ Serenity 看板已启动
   手机访问: https://resend-zone-cross.ngrok-free.dev/monitor

✅ Serenity 看板已启动
   手机访问: https://resend-zone-cross.ngrok-free.dev/monitor

✅ Serenity 看板已启动
   手机访问: https://resend-zone-cross.ngrok-free.dev/monitor

✅ Serenity 看板已启动
   手机访问: https://resend-zone-cross.ngrok-free.dev/monitor

✅ Serenity 看板已启动
   手机访问: https://resend-zone-cross.ngrok-free.dev/monitor

✅ Serenity 看板已启动
   手机访问: https://resend-zone-cross.ngrok-free.dev/monitor

✅ Serenity 看板已启动
   手机访问: https://resend-zone-cross.ngrok-free.dev/monitor

✅ Serenity 看板已启动
   手机访问: https://resend-zone-cross.ngrok-free.dev/monitor

✅ Serenity 看板已启动
   手机访问: https://resend-zone-cross.ngrok-free.dev/monitor

✅ Serenity 看板已启动
   手机访问: https://resend-zone-cross.ngrok-free.dev/monitor

✅ Serenity 看板已启动
   手机访问: https://resend-zone-cross.ngrok-free.dev/monitor

✅ Serenity 看板已启动
   手机访问: https://resend-zone-cross.ngrok-free.dev/monitor

✅ Serenity 看板已启动
   手机访问: https://resend-zone-cross.ngrok-free.dev/monitor

✅ Serenity 看板已启动
   手机访问: https://resend-zone-cross.ngrok-free.dev/monitor

✅ Serenity 看板已启动
   手机访问: https://resend-zone-cross.ngrok-free.dev/monitor

✅ Serenity 看板已启动
   手机访问: https://resend-zone-cross.ngrok-free.dev/monitor

✅ Serenity 看板已启动
   手机访问: https://resend-zone-cross.ngrok-free.dev/monitor

✅ Serenity 看板已启动
   手机访问: https://resend-zone-cross.ngrok-free.dev/monitor

✅ Serenity 看板已启动
   手机访问: https://resend-zone-cross.ngrok-free.dev/monitor

✅ Serenity 看板已启动
   手机访问: https://resend-zone-cross.ngrok-free.dev/monitor

✅ Serenity 看板已启动
   手机访问: https://resend-zone-cross.ngrok-free.dev/monitor

✅ Serenity 看板已启动
   手机访问: https://resend-zone-cross.ngrok-free.dev/monitor

✅ Serenity 看板已启动
   手机访问: https://resend-zone-cross.ngrok-free.dev/monitor

✅ Serenity 看板已启动
   手机访问: https://resend-zone-cross.ngrok-free.dev/monitor

✅ Serenity 看板已启动
   手机访问: https://resend-zone-cross.ngrok-free.dev/monitor

✅ Serenity 看板已启动
   手机访问: https://resend-zone-cross.ngrok-free.dev/monitor

✅ Serenity 看板已启动
   手机访问: https://resend-zone-cross.ngrok-free.dev/monitor

✅ Serenity 看板已启动
   手机访问: https://resend-zone-cross.ngrok-free.dev/monitor

✅ Serenity 看板已启动
   手机访问: https://resend-zone-cross.ngrok-free.dev/monitor

✅ Serenity 看板已启动
   手机访问: https://resend-zone-cross.ngrok-free.dev/monitor

✅ Serenity 看板已启动
   手机访问: https://resend-zone-cross.ngrok-free.dev/monitor

✅ Serenity 看板已启动
   手机访问: https://resend-zone-cross.ngrok-free.dev/monitor

✅ Serenity 看板已启动
   手机访问: https://resend-zone-cross.ngrok-free.dev/monitor

✅ Serenity 看板已启动
   手机访问: https://resend-zone-cross.ngrok-free.dev/monitor

✅ Serenity 看板已启动
   手机访问: https://resend-zone-cross.ngrok-free.dev/monitor

✅ Serenity 看板已启动
   手机访问: https://resend-zone-cross.ngrok-free.dev/monitor

✅ Serenity 看板已启动
   手机访问: https://resend-zone-cross.ngrok-free.dev/monitor

✅ Serenity 看板已启动
   手机访问: https://resend-zone-cross.ngrok-free.dev/monitor

✅ Serenity 看板已启动
   手机访问: https://resend-zone-cross.ngrok-free.dev/monitor

✅ Serenity 看板已启动
   手机访问: https://resend-zone-cross.ngrok-free.dev/monitor

✅ Serenity 看板已启动
   手机访问: https://resend-zone-cross.ngrok-free.dev/monitor

✅ Serenity 看板已启动
   手机访问: https://resend-zone-cross.ngrok-free.dev/monitor

✅ Serenity 看板已启动
   手机访问: https://resend-zone-cross.ngrok-free.dev/monitor

✅ Serenity 看板已启动
   手机访问: https://resend-zone-cross.ngrok-free.dev/monitor

✅ Serenity 看板已启动
   手机访问: https://resend-zone-cross.ngrok-free.dev/monitor

✅ Serenity 看板已启动
   手机访问: https://resend-zone-cross.ngrok-free.dev/monitor

✅ Serenity 看板已启动
   手机访问: https://resend-zone-cross.ngrok-free.dev/monitor

✅ Serenity 看板已启动
   手机访问: https://resend-zone-cross.ngrok-free.dev/monitor

✅ Serenity 看板已启动
   手机访问: https://resend-zone-cross.ngrok-free.dev/monitor

✅ Serenity 看板已启动
   手机访问: https://resend-zone-cross.ngrok-free.dev/monitor

✅ Serenity 看板已启动
   手机访问: https://resend-zone-cross.ngrok-free.dev/monitor

✅ Serenity 看板已启动
   手机访问: https://resend-zone-cross.ngrok-free.dev/monitor

✅ Serenity 看板已启动
   手机访问: https://resend-zone-cross.ngrok-free.dev/monitor

✅ Serenity 看板已启动
   手机访问: https://resend-zone-cross.ngrok-free.dev/monitor

✅ Serenity 看板已启动
   手机访问: https://resend-zone-cross.ngrok-free.dev/monitor

✅ Serenity 看板已启动
   手机访问: https://resend-zone-cross.ngrok-free.dev/monitor

✅ Serenity 看板已启动
   手机访问: https://resend-zone-cross.ngrok-free.dev/monitor

✅ Serenity 看板已启动
   手机访问: https://resend-zone-cross.ngrok-free.dev/monitor

✅ Serenity 看板已启动
   手机访问: https://resend-zone-cross.ngrok-free.dev/monitor

✅ Serenity 看板已启动
   手机访问: https://resend-zone-cross.ngrok-free.dev/monitor

✅ Serenity 看板已启动
   手机访问: https://resend-zone-cross.ngrok-free.dev/monitor

✅ Serenity 看板已启动
   手机访问: https://resend-zone-cross.ngrok-free.dev/monitor

✅ Serenity 看板已启动
   手机访问: https://resend-zone-cross.ngrok-free.dev/monitor

✅ Serenity 看板已启动
   手机访问: https://resend-zone-cross.ngrok-free.dev/monitor

✅ Serenity 看板已启动
   手机访问: https://resend-zone-cross.ngrok-free.dev/monitor

✅ Serenity 看板已启动
   手机访问: https://resend-zone-cross.ngrok-free.dev/monitor

✅ Serenity 看板已启动
   手机访问: https://resend-zone-cross.ngrok-free.dev/monitor

✅ Serenity 看板已启动
   手机访问: https://resend-zone-cross.ngrok-free.dev/monitor

✅ Serenity 看板已启动
   手机访问: https://resend-zone-cross.ngrok-free.dev/monitor

✅ Serenity 看板已启动
   手机访问: https://resend-zone-cross.ngrok-free.dev/monitor

✅ Serenity 看板已启动
   手机访问: https://resend-zone-cross.ngrok-free.dev/monitor

✅ Serenity 看板已启动
   手机访问: https://resend-zone-cross.ngrok-free.dev/monitor

✅ Serenity 看板已启动
   手机访问: https://resend-zone-cross.ngrok-free.dev/monitor

✅ Serenity 看板已启动
   手机访问: https://resend-zone-cross.ngrok-free.dev/monitor

✅ Serenity 看板已启动
   手机访问: https://resend-zone-cross.ngrok-free.dev/monitor

✅ Serenity 看板已启动
   手机访问: https://resend-zone-cross.ngrok-free.dev/monitor

✅ Serenity 看板已启动
   手机访问: https://resend-zone-cross.ngrok-free.dev/monitor

✅ Serenity 看板已启动
   手机访问: https://resend-zone-cross.ngrok-free.dev/monitor

✅ Serenity 看板已启动
   手机访问: https://resend-zone-cross.ngrok-free.dev/monitor

✅ Serenity 看板已启动
   手机访问: https://resend-zone-cross.ngrok-free.dev/monitor

✅ Serenity 看板已启动
   手机访问: https://resend-zone-cross.ngrok-free.dev/monitor

✅ Serenity 看板已启动
   手机访问: https://resend-zone-cross.ngrok-free.dev/monitor

✅ Serenity 看板已启动
   手机访问: https://resend-zone-cross.ngrok-free.dev/monitor

✅ Serenity 看板已启动
   手机访问: https://resend-zone-cross.ngrok-free.dev/monitor

✅ Serenity 看板已启动
   手机访问: https://resend-zone-cross.ngrok-free.dev/monitor

✅ Serenity 看板已启动
   手机访问: https://resend-zone-cross.ngrok-free.dev/monitor

✅ Serenity 看板已启动
   手机访问: https://resend-zone-cross.ngrok-free.dev/monitor

✅ Serenity 看板已启动
   手机访问: https://resend-zone-cross.ngrok-free.dev/monitor

✅ Serenity 看板已启动
   手机访问: https://resend-zone-cross.ngrok-free.dev/monitor

✅ Serenity 看板已启动
   手机访问: https://resend-zone-cross.ngrok-free.dev/monitor

✅ Serenity 看板已启动
   手机访问: https://resend-zone-cross.ngrok-free.dev/monitor

✅ Serenity 看板已启动
   手机访问: https://resend-zone-cross.ngrok-free.dev/monitor

✅ Serenity 看板已启动
   手机访问: https://resend-zone-cross.ngrok-free.dev/monitor

✅ Serenity 看板已启动
   手机访问: https://resend-zone-cross.ngrok-free.dev/monitor

✅ Serenity 看板已启动
   手机访问: https://resend-zone-cross.ngrok-free.dev/monitor

✅ Serenity 看板已启动
   手机访问: https://resend-zone-cross.ngrok-free.dev/monitor

✅ Serenity 看板已启动
   手机访问: https://resend-zone-cross.ngrok-free.dev/monitor

✅ Serenity 看板已启动
   手机访问: https://resend-zone-cross.ngrok-free.dev/monitor

✅ Serenity 看板已启动
   手机访问: https://resend-zone-cross.ngrok-free.dev/monitor

✅ Serenity 看板已启动
   手机访问: https://resend-zone-cross.ngrok-free.dev/monitor

✅ Serenity 看板已启动
   手机访问: https://resend-zone-cross.ngrok-free.dev/monitor

✅ Serenity 看板已启动
   手机访问: https://resend-zone-cross.ngrok-free.dev/monitor

✅ Serenity 看板已启动
   手机访问: https://resend-zone-cross.ngrok-free.dev/monitor

✅ Serenity 看板已启动
   手机访问: https://resend-zone-cross.ngrok-free.dev/monitor

✅ Serenity 看板已启动
   手机访问: https://resend-zone-cross.ngrok-free.dev/monitor

✅ Serenity 看板已启动
   手机访问: https://resend-zone-cross.ngrok-free.dev/monitor

✅ Serenity 看板已启动
   手机访问: https://resend-zone-cross.ngrok-free.dev/monitor

✅ Serenity 看板已启动
   手机访问: https://resend-zone-cross.ngrok-free.dev/monitor

✅ Serenity 看板已启动
   手机访问: https://resend-zone-cross.ngrok-free.dev/monitor

✅ Serenity 看板已启动
   手机访问: https://resend-zone-cross.ngrok-free.dev/monitor

✅ Serenity 看板已启动
   手机访问: https://resend-zone-cross.ngrok-free.dev/monitor

✅ Serenity 看板已启动
   手机访问: https://resend-zone-cross.ngrok-free.dev/monitor

✅ Serenity 看板已启动
   手机访问: https://resend-zone-cross.ngrok-free.dev/monitor

✅ Serenity 看板已启动
   手机访问: https://resend-zone-cross.ngrok-free.dev/monitor

✅ Serenity 看板已启动
   手机访问: https://resend-zone-cross.ngrok-free.dev/monitor

✅ Serenity 看板已启动
   手机访问: https://resend-zone-cross.ngrok-free.dev/monitor

✅ Serenity 看板已启动
   手机访问: https://resend-zone-cross.ngrok-free.dev/monitor

✅ Serenity 看板已启动
   手机访问: https://resend-zone-cross.ngrok-free.dev/monitor

✅ Serenity 看板已启动
   手机访问: https://resend-zone-cross.ngrok-free.dev/monitor

✅ Serenity 看板已启动
   手机访问: https://resend-zone-cross.ngrok-free.dev/monitor

✅ Serenity 看板已启动
   手机访问: https://resend-zone-cross.ngrok-free.dev/monitor

✅ Serenity 看板已启动
   手机访问: https://resend-zone-cross.ngrok-free.dev/monitor

✅ Serenity 看板已启动
   手机访问: https://resend-zone-cross.ngrok-free.dev/monitor

✅ Serenity 看板已启动
   手机访问: https://resend-zone-cross.ngrok-free.dev/monitor

✅ Serenity 看板已启动
   手机访问: https://resend-zone-cross.ngrok-free.dev/monitor

✅ Serenity 看板已启动
   手机访问: https://resend-zone-cross.ngrok-free.dev/monitor

✅ Serenity 看板已启动
   手机访问: https://resend-zone-cross.ngrok-free.dev/monitor

✅ Serenity 看板已启动
   手机访问: https://resend-zone-cross.ngrok-free.dev/monitor

✅ Serenity 看板已启动
   手机访问: https://resend-zone-cross.ngrok-free.dev/monitor

✅ Serenity 看板已启动
   手机访问: https://resend-zone-cross.ngrok-free.dev/monitor

✅ Serenity 看板已启动
   手机访问: https://resend-zone-cross.ngrok-free.dev/monitor

✅ Serenity 看板已启动
   手机访问: https://resend-zone-cross.ngrok-free.dev/monitor

✅ Serenity 看板已启动
   手机访问: https://resend-zone-cross.ngrok-free.dev/monitor

✅ Serenity 看板已启动
   手机访问: https://resend-zone-cross.ngrok-free.dev/monitor

✅ Serenity 看板已启动
   手机访问: https://resend-zone-cross.ngrok-free.dev/monitor

✅ Serenity 看板已启动
   手机访问: https://resend-zone-cross.ngrok-free.dev/monitor

✅ Serenity 看板已启动
   手机访问: https://resend-zone-cross.ngrok-free.dev/monitor

✅ Serenity 看板已启动
   手机访问: https://resend-zone-cross.ngrok-free.dev/monitor

✅ Serenity 看板已启动
   手机访问: https://resend-zone-cross.ngrok-free.dev/monitor

✅ Serenity 看板已启动
   手机访问: https://resend-zone-cross.ngrok-free.dev/monitor

✅ Serenity 看板已启动
   手机访问: https://resend-zone-cross.ngrok-free.dev/monitor

✅ Serenity 看板已启动
   手机访问: https://resend-zone-cross.ngrok-free.dev/monitor

✅ Serenity 看板已启动
   手机访问: https://resend-zone-cross.ngrok-free.dev/monitor

✅ Serenity 看板已启动
   手机访问: https://resend-zone-cross.ngrok-free.dev/monitor

✅ Serenity 看板已启动
   手机访问: https://resend-zone-cross.ngrok-free.dev/monitor

✅ Serenity 看板已启动
   手机访问: https://resend-zone-cross.ngrok-free.dev/monitor

✅ Serenity 看板已启动
   手机访问: https://resend-zone-cross.ngrok-free.dev/monitor

✅ Serenity 看板已启动
   手机访问: https://resend-zone-cross.ngrok-free.dev/monitor

✅ Serenity 看板已启动
   手机访问: https://resend-zone-cross.ngrok-free.dev/monitor

✅ Serenity 看板已启动
   手机访问: https://resend-zone-cross.ngrok-free.dev/monitor

✅ Serenity 看板已启动
   手机访问: https://resend-zone-cross.ngrok-free.dev/monitor

✅ Serenity 看板已启动
   手机访问: https://resend-zone-cross.ngrok-free.dev/monitor

✅ Serenity 看板已启动
   手机访问: https://resend-zone-cross.ngrok-free.dev/monitor

✅ Serenity 看板已启动
   手机访问: https://resend-zone-cross.ngrok-free.dev/monitor

✅ Serenity 看板已启动
   手机访问: https://resend-zone-cross.ngrok-free.dev/monitor

✅ Serenity 看板已启动
   手机访问: https://resend-zone-cross.ngrok-free.dev/monitor

✅ Serenity 看板已启动
   手机访问: https://resend-zone-cross.ngrok-free.dev/monitor

✅ Serenity 看板已启动
   手机访问: https://resend-zone-cross.ngrok-free.dev/monitor

✅ Serenity 看板已启动
   手机访问: https://resend-zone-cross.ngrok-free.dev/monitor

✅ Serenity 看板已启动
   手机访问: https://resend-zone-cross.ngrok-free.dev/monitor

✅ Serenity 看板已启动
   手机访问: https://resend-zone-cross.ngrok-free.dev/monitor

✅ Serenity 看板已启动
   手机访问: https://resend-zone-cross.ngrok-free.dev/monitor

✅ Serenity 看板已启动
   手机访问: https://resend-zone-cross.ngrok-free.dev/monitor

✅ Serenity 看板已启动
   手机访问: https://resend-zone-cross.ngrok-free.dev/monitor

✅ Serenity 看板已启动
   手机访问: https://resend-zone-cross.ngrok-free.dev/monitor

✅ Serenity 看板已启动
   手机访问: https://resend-zone-cross.ngrok-free.dev/monitor

✅ Serenity 看板已启动
   手机访问: https://resend-zone-cross.ngrok-free.dev/monitor

✅ Serenity 看板已启动
   手机访问: https://resend-zone-cross.ngrok-free.dev/monitor

✅ Serenity 看板已启动
   手机访问: https://resend-zone-cross.ngrok-free.dev/monitor

✅ Serenity 看板已启动
   手机访问: https://resend-zone-cross.ngrok-free.dev/monitor

✅ Serenity 看板已启动
   手机访问: https://resend-zone-cross.ngrok-free.dev/monitor

✅ Serenity 看板已启动
   手机访问: https://resend-zone-cross.ngrok-free.dev/monitor

✅ Serenity 看板已启动
   手机访问: https://resend-zone-cross.ngrok-free.dev/monitor

✅ Serenity 看板已启动
   手机访问: https://resend-zone-cross.ngrok-free.dev/monitor

✅ Serenity 看板已启动
   手机访问: https://resend-zone-cross.ngrok-free.dev/monitor

✅ Serenity 看板已启动
   手机访问: https://resend-zone-cross.ngrok-free.dev/monitor

✅ Serenity 看板已启动
   手机访问: https://resend-zone-cross.ngrok-free.dev/monitor

✅ Serenity 看板已启动
   手机访问: https://resend-zone-cross.ngrok-free.dev/monitor

✅ Serenity 看板已启动
   手机访问: https://resend-zone-cross.ngrok-free.dev/monitor

✅ Serenity 看板已启动
   手机访问: https://resend-zone-cross.ngrok-free.dev/monitor

✅ Serenity 看板已启动
   手机访问: https://resend-zone-cross.ngrok-free.dev/monitor

✅ Serenity 看板已启动
   手机访问: https://resend-zone-cross.ngrok-free.dev/monitor

✅ Serenity 看板已启动
   手机访问: https://resend-zone-cross.ngrok-free.dev/monitor

✅ Serenity 看板已启动
   手机访问: https://resend-zone-cross.ngrok-free.dev/monitor

✅ Serenity 看板已启动
   手机访问: https://resend-zone-cross.ngrok-free.dev/monitor

✅ Serenity 看板已启动
   手机访问: https://resend-zone-cross.ngrok-free.dev/monitor

✅ Serenity 看板已启动
   手机访问: https://resend-zone-cross.ngrok-free.dev/monitor

✅ Serenity 看板已启动
   手机访问: https://resend-zone-cross.ngrok-free.dev/monitor

✅ Serenity 看板已启动
   手机访问: https://resend-zone-cross.ngrok-free.dev/monitor

✅ Serenity 看板已启动
   手机访问: https://resend-zone-cross.ngrok-free.dev/monitor

✅ Serenity 看板已启动
   手机访问: https://resend-zone-cross.ngrok-free.dev/monitor

✅ Serenity 看板已启动
   手机访问: https://resend-zone-cross.ngrok-free.dev/monitor

✅ Serenity 看板已启动
   手机访问: https://resend-zone-cross.ngrok-free.dev/monitor

✅ Serenity 看板已启动
   手机访问: https://resend-zone-cross.ngrok-free.dev/monitor

✅ Serenity 看板已启动
   手机访问: https://resend-zone-cross.ngrok-free.dev/monitor

✅ Serenity 看板已启动
   手机访问: https://resend-zone-cross.ngrok-free.dev/monitor

✅ Serenity 看板已启动
   手机访问: https://resend-zone-cross.ngrok-free.dev/monitor

✅ Serenity 看板已启动
   手机访问: https://resend-zone-cross.ngrok-free.dev/monitor

✅ Serenity 看板已启动
   手机访问: https://resend-zone-cross.ngrok-free.dev/monitor

✅ Serenity 看板已启动
   手机访问: https://resend-zone-cross.ngrok-free.dev/monitor

✅ Serenity 看板已启动
   手机访问: https://resend-zone-cross.ngrok-free.dev/monitor

✅ Serenity 看板已启动
   手机访问: https://resend-zone-cross.ngrok-free.dev/monitor

✅ Serenity 看板已启动
   手机访问: https://resend-zone-cross.ngrok-free.dev/monitor

✅ Serenity 看板已启动
   手机访问: https://resend-zone-cross.ngrok-free.dev/monitor

✅ Serenity 看板已启动
   手机访问: https://resend-zone-cross.ngrok-free.dev/monitor

✅ Serenity 看板已启动
   手机访问: https://resend-zone-cross.ngrok-free.dev/monitor

✅ Serenity 看板已启动
   手机访问: https://resend-zone-cross.ngrok-free.dev/monitor

✅ Serenity 看板已启动
   手机访问: https://resend-zone-cross.ngrok-free.dev/monitor

✅ Serenity 看板已启动
   手机访问: https://resend-zone-cross.ngrok-free.dev/monitor

✅ Serenity 看板已启动
   手机访问: https://resend-zone-cross.ngrok-free.dev/monitor

✅ Serenity 看板已启动
   手机访问: https://resend-zone-cross.ngrok-free.dev/monitor

✅ Serenity 看板已启动
   手机访问: https://resend-zone-cross.ngrok-free.dev/monitor

✅ Serenity 看板已启动
   手机访问: https://resend-zone-cross.ngrok-free.dev/monitor

✅ Serenity 看板已启动
   手机访问: https://resend-zone-cross.ngrok-free.dev/monitor

✅ Serenity 看板已启动
   手机访问: https://resend-zone-cross.ngrok-free.dev/monitor

✅ Serenity 看板已启动
   手机访问: https://resend-zone-cross.ngrok-free.dev/monitor

✅ Serenity 看板已启动
   手机访问: https://resend-zone-cross.ngrok-free.dev/monitor

✅ Serenity 看板已启动
   手机访问: https://resend-zone-cross.ngrok-free.dev/monitor

✅ Serenity 看板已启动
   手机访问: https://resend-zone-cross.ngrok-free.dev/monitor

✅ Serenity 看板已启动
   手机访问: https://resend-zone-cross.ngrok-free.dev/monitor

✅ Serenity 看板已启动
   手机访问: https://resend-zone-cross.ngrok-free.dev/monitor

✅ Serenity 看板已启动
   手机访问: https://resend-zone-cross.ngrok-free.dev/monitor

✅ Serenity 看板已启动
   手机访问: https://resend-zone-cross.ngrok-free.dev/monitor

✅ Serenity 看板已启动
   手机访问: https://resend-zone-cross.ngrok-free.dev/monitor

✅ Serenity 看板已启动
   手机访问: https://resend-zone-cross.ngrok-free.dev/monitor

✅ Serenity 看板已启动
   手机访问: https://resend-zone-cross.ngrok-free.dev/monitor

✅ Serenity 看板已启动
   手机访问: https://resend-zone-cross.ngrok-free.dev/monitor

✅ Serenity 看板已启动
   手机访问: https://resend-zone-cross.ngrok-free.dev/monitor

✅ Serenity 看板已启动
   手机访问: https://resend-zone-cross.ngrok-free.dev/monitor

✅ Serenity 看板已启动
   手机访问: https://resend-zone-cross.ngrok-free.dev/monitor

✅ Serenity 看板已启动
   手机访问: https://resend-zone-cross.ngrok-free.dev/monitor

✅ Serenity 看板已启动
   手机访问: https://resend-zone-cross.ngrok-free.dev/monitor

✅ Serenity 看板已启动
   手机访问: https://resend-zone-cross.ngrok-free.dev/monitor

✅ Serenity 看板已启动
   手机访问: https://resend-zone-cross.ngrok-free.dev/monitor

✅ Serenity 看板已启动
   手机访问: https://resend-zone-cross.ngrok-free.dev/monitor

✅ Serenity 看板已启动
   手机访问: https://resend-zone-cross.ngrok-free.dev/monitor

✅ Serenity 看板已启动
   手机访问: https://resend-zone-cross.ngrok-free.dev/monitor

✅ Serenity 看板已启动
   手机访问: https://resend-zone-cross.ngrok-free.dev/monitor

✅ Serenity 看板已启动
   手机访问: https://resend-zone-cross.ngrok-free.dev/monitor

✅ Serenity 看板已启动
   手机访问: https://resend-zone-cross.ngrok-free.dev/monitor

✅ Serenity 看板已启动
   手机访问: https://resend-zone-cross.ngrok-free.dev/monitor

✅ Serenity 看板已启动
   手机访问: https://resend-zone-cross.ngrok-free.dev/monitor

✅ Serenity 看板已启动
   手机访问: https://resend-zone-cross.ngrok-free.dev/monitor

✅ Serenity 看板已启动
   手机访问: https://resend-zone-cross.ngrok-free.dev/monitor

✅ Serenity 看板已启动
   手机访问: https://resend-zone-cross.ngrok-free.dev/monitor

✅ Serenity 看板已启动
   手机访问: https://resend-zone-cross.ngrok-free.dev/monitor

✅ Serenity 看板已启动
   手机访问: https://resend-zone-cross.ngrok-free.dev/monitor

✅ Serenity 看板已启动
   手机访问: https://resend-zone-cross.ngrok-free.dev/monitor

✅ Serenity 看板已启动
   手机访问: https://resend-zone-cross.ngrok-free.dev/monitor

✅ Serenity 看板已启动
   手机访问: https://resend-zone-cross.ngrok-free.dev/monitor

✅ Serenity 看板已启动
   手机访问: https://resend-zone-cross.ngrok-free.dev/monitor

✅ Serenity 看板已启动
   手机访问: https://resend-zone-cross.ngrok-free.dev/monitor

✅ Serenity 看板已启动
   手机访问: https://resend-zone-cross.ngrok-free.dev/monitor

✅ Serenity 看板已启动
   手机访问: https://resend-zone-cross.ngrok-free.dev/monitor

✅ Serenity 看板已启动
   手机访问: https://resend-zone-cross.ngrok-free.dev/monitor

✅ Serenity 看板已启动
   手机访问: https://resend-zone-cross.ngrok-free.dev/monitor

✅ Serenity 看板已启动
   手机访问: https://resend-zone-cross.ngrok-free.dev/monitor

✅ Serenity 看板已启动
   手机访问: https://resend-zone-cross.ngrok-free.dev/monitor

✅ Serenity 看板已启动
   手机访问: https://resend-zone-cross.ngrok-free.dev/monitor

✅ Serenity 看板已启动
   手机访问: https://resend-zone-cross.ngrok-free.dev/monitor

✅ Serenity 看板已启动
   手机访问: https://resend-zone-cross.ngrok-free.dev/monitor

✅ Serenity 看板已启动
   手机访问: https://resend-zone-cross.ngrok-free.dev/monitor

✅ Serenity 看板已启动
   手机访问: https://resend-zone-cross.ngrok-free.dev/monitor

✅ Serenity 看板已启动
   手机访问: https://resend-zone-cross.ngrok-free.dev/monitor

✅ Serenity 看板已启动
   手机访问: https://resend-zone-cross.ngrok-free.dev/monitor

✅ Serenity 看板已启动
   手机访问: https://resend-zone-cross.ngrok-free.dev/monitor

✅ Serenity 看板已启动
   手机访问: https://resend-zone-cross.ngrok-free.dev/monitor

✅ Serenity 看板已启动
   手机访问: https://resend-zone-cross.ngrok-free.dev/monitor

✅ Serenity 看板已启动
   手机访问: https://resend-zone-cross.ngrok-free.dev/monitor

✅ Serenity 看板已启动
   手机访问: https://resend-zone-cross.ngrok-free.dev/monitor

✅ Serenity 看板已启动
   手机访问: https://resend-zone-cross.ngrok-free.dev/monitor

✅ Serenity 看板已启动
   手机访问: https://resend-zone-cross.ngrok-free.dev/monitor

✅ Serenity 看板已启动
   手机访问: https://resend-zone-cross.ngrok-free.dev/monitor

✅ Serenity 看板已启动
   手机访问: https://resend-zone-cross.ngrok-free.dev/monitor

✅ Serenity 看板已启动
   手机访问: https://resend-zone-cross.ngrok-free.dev/monitor

✅ Serenity 看板已启动
   手机访问: https://resend-zone-cross.ngrok-free.dev/monitor

✅ Serenity 看板已启动
   手机访问: https://resend-zone-cross.ngrok-free.dev/monitor

✅ Serenity 看板已启动
   手机访问: https://resend-zone-cross.ngrok-free.dev/monitor

✅ Serenity 看板已启动
   手机访问: https://resend-zone-cross.ngrok-free.dev/monitor

✅ Serenity 看板已启动
   手机访问: https://resend-zone-cross.ngrok-free.dev/monitor

✅ Serenity 看板已启动
   手机访问: https://resend-zone-cross.ngrok-free.dev/monitor

✅ Serenity 看板已启动
   手机访问: https://resend-zone-cross.ngrok-free.dev/monitor

✅ Serenity 看板已启动
   手机访问: https://resend-zone-cross.ngrok-free.dev/monitor

✅ Serenity 看板已启动
   手机访问: https://resend-zone-cross.ngrok-free.dev/monitor

✅ Serenity 看板已启动
   手机访问: https://resend-zone-cross.ngrok-free.dev/monitor

✅ Serenity 看板已启动
   手机访问: https://resend-zone-cross.ngrok-free.dev/monitor

✅ Serenity 看板已启动
   手机访问: https://resend-zone-cross.ngrok-free.dev/monitor

✅ Serenity 看板已启动
   手机访问: https://resend-zone-cross.ngrok-free.dev/monitor

✅ Serenity 看板已启动
   手机访问: https://resend-zone-cross.ngrok-free.dev/monitor

✅ Serenity 看板已启动
   手机访问: https://resend-zone-cross.ngrok-free.dev/monitor

✅ Serenity 看板已启动
   手机访问: https://resend-zone-cross.ngrok-free.dev/monitor

✅ Serenity 看板已启动
   手机访问: https://resend-zone-cross.ngrok-free.dev/monitor

✅ Serenity 看板已启动
   手机访问: https://resend-zone-cross.ngrok-free.dev/monitor

✅ Serenity 看板已启动
   手机访问: https://resend-zone-cross.ngrok-free.dev/monitor

✅ Serenity 看板已启动
   手机访问: https://resend-zone-cross.ngrok-free.dev/monitor

✅ Serenity 看板已启动
   手机访问: https://resend-zone-cross.ngrok-free.dev/monitor

✅ Serenity 看板已启动
   手机访问: https://resend-zone-cross.ngrok-free.dev/monitor

✅ Serenity 看板已启动
   手机访问: https://resend-zone-cross.ngrok-free.dev/monitor

✅ Serenity 看板已启动
   手机访问: https://resend-zone-cross.ngrok-free.dev/monitor

✅ Serenity 看板已启动
   手机访问: https://resend-zone-cross.ngrok-free.dev/monitor

✅ Serenity 看板已启动
   手机访问: https://resend-zone-cross.ngrok-free.dev/monitor

✅ Serenity 看板已启动
   手机访问: https://resend-zone-cross.ngrok-free.dev/monitor

✅ Serenity 看板已启动
   手机访问: https://resend-zone-cross.ngrok-free.dev/monitor

✅ Serenity 看板已启动
   手机访问: https://resend-zone-cross.ngrok-free.dev/monitor

✅ Serenity 看板已启动
   手机访问: https://resend-zone-cross.ngrok-free.dev/monitor

✅ Serenity 看板已启动
   手机访问: https://resend-zone-cross.ngrok-free.dev/monitor

✅ Serenity 看板已启动
   手机访问: https://resend-zone-cross.ngrok-free.dev/monitor

✅ Serenity 看板已启动
   手机访问: https://resend-zone-cross.ngrok-free.dev/monitor

✅ Serenity 看板已启动
   手机访问: https://resend-zone-cross.ngrok-free.dev/monitor

✅ Serenity 看板已启动
   手机访问: https://resend-zone-cross.ngrok-free.dev/monitor

✅ Serenity 看板已启动
   手机访问: https://resend-zone-cross.ngrok-free.dev/monitor

✅ Serenity 看板已启动
   手机访问: https://resend-zone-cross.ngrok-free.dev/monitor

✅ Serenity 看板已启动
   手机访问: https://resend-zone-cross.ngrok-free.dev/monitor

✅ Serenity 看板已启动
   手机访问: https://resend-zone-cross.ngrok-free.dev/monitor

✅ Serenity 看板已启动
   手机访问: https://resend-zone-cross.ngrok-free.dev/monitor

✅ Serenity 看板已启动
   手机访问: https://resend-zone-cross.ngrok-free.dev/monitor

✅ Serenity 看板已启动
   手机访问: https://resend-zone-cross.ngrok-free.dev/monitor

✅ Serenity 看板已启动
   手机访问: https://resend-zone-cross.ngrok-free.dev/monitor

✅ Serenity 看板已启动
   手机访问: https://resend-zone-cross.ngrok-free.dev/monitor

✅ Serenity 看板已启动
   手机访问: https://resend-zone-cross.ngrok-free.dev/monitor

✅ Serenity 看板已启动
   手机访问: https://resend-zone-cross.ngrok-free.dev/monitor

✅ Serenity 看板已启动
   手机访问: https://resend-zone-cross.ngrok-free.dev/monitor

✅ Serenity 看板已启动
   手机访问: https://resend-zone-cross.ngrok-free.dev/monitor

✅ Serenity 看板已启动
   手机访问: https://resend-zone-cross.ngrok-free.dev/monitor

✅ Serenity 看板已启动
   手机访问: https://resend-zone-cross.ngrok-free.dev/monitor

✅ Serenity 看板已启动
   手机访问: https://resend-zone-cross.ngrok-free.dev/monitor

✅ Serenity 看板已启动
   手机访问: https://resend-zone-cross.ngrok-free.dev/monitor

✅ Serenity 看板已启动
   手机访问: https://resend-zone-cross.ngrok-free.dev/monitor

✅ Serenity 看板已启动
   手机访问: https://resend-zone-cross.ngrok-free.dev/monitor

✅ Serenity 看板已启动
   手机访问: https://resend-zone-cross.ngrok-free.dev/monitor

✅ Serenity 看板已启动
   手机访问: https://resend-zone-cross.ngrok-free.dev/monitor

✅ Serenity 看板已启动
   手机访问: https://resend-zone-cross.ngrok-free.dev/monitor

✅ Serenity 看板已启动
   手机访问: https://resend-zone-cross.ngrok-free.dev/monitor

✅ Serenity 看板已启动
   手机访问: https://resend-zone-cross.ngrok-free.dev/monitor

✅ Serenity 看板已启动
   手机访问: https://resend-zone-cross.ngrok-free.dev/monitor

✅ Serenity 看板已启动
   手机访问: https://resend-zone-cross.ngrok-free.dev/monitor

✅ Serenity 看板已启动
   手机访问: https://resend-zone-cross.ngrok-free.dev/monitor

✅ Serenity 看板已启动
   手机访问: https://resend-zone-cross.ngrok-free.dev/monitor

✅ Serenity 看板已启动
   手机访问: https://resend-zone-cross.ngrok-free.dev/monitor

✅ Serenity 看板已启动
   手机访问: https://resend-zone-cross.ngrok-free.dev/monitor

✅ Serenity 看板已启动
   手机访问: https://resend-zone-cross.ngrok-free.dev/monitor

✅ Serenity 看板已启动
   手机访问: https://resend-zone-cross.ngrok-free.dev/monitor

✅ Serenity 看板已启动
   手机访问: https://resend-zone-cross.ngrok-free.dev/monitor

✅ Serenity 看板已启动
   手机访问: https://resend-zone-cross.ngrok-free.dev/monitor

✅ Serenity 看板已启动
   手机访问: https://resend-zone-cross.ngrok-free.dev/monitor

✅ Serenity 看板已启动
   手机访问: https://resend-zone-cross.ngrok-free.dev/monitor

✅ Serenity 看板已启动
   手机访问: https://resend-zone-cross.ngrok-free.dev/monitor

✅ Serenity 看板已启动
   手机访问: https://resend-zone-cross.ngrok-free.dev/monitor

✅ Serenity 看板已启动
   手机访问: https://resend-zone-cross.ngrok-free.dev/monitor

✅ Serenity 看板已启动
   手机访问: https://resend-zone-cross.ngrok-free.dev/monitor

✅ Serenity 看板已启动
   手机访问: https://resend-zone-cross.ngrok-free.dev/monitor

✅ Serenity 看板已启动
   手机访问: https://resend-zone-cross.ngrok-free.dev/monitor

✅ Serenity 看板已启动
   手机访问: https://resend-zone-cross.ngrok-free.dev/monitor

✅ Serenity 看板已启动
   手机访问: https://resend-zone-cross.ngrok-free.dev/monitor

✅ Serenity 看板已启动
   手机访问: https://resend-zone-cross.ngrok-free.dev/monitor

✅ Serenity 看板已启动
   手机访问: https://resend-zone-cross.ngrok-free.dev/monitor

✅ Serenity 看板已启动
   手机访问: https://resend-zone-cross.ngrok-free.dev/monitor

✅ Serenity 看板已启动
   手机访问: https://resend-zone-cross.ngrok-free.dev/monitor

✅ Serenity 看板已启动
   手机访问: https://resend-zone-cross.ngrok-free.dev/monitor

✅ Serenity 看板已启动
   手机访问: https://resend-zone-cross.ngrok-free.dev/monitor

✅ Serenity 看板已启动
   手机访问: https://resend-zone-cross.ngrok-free.dev/monitor

✅ Serenity 看板已启动
   手机访问: https://resend-zone-cross.ngrok-free.dev/monitor

✅ Serenity 看板已启动
   手机访问: https://resend-zone-cross.ngrok-free.dev/monitor

✅ Serenity 看板已启动
   手机访问: https://resend-zone-cross.ngrok-free.dev/monitor

✅ Serenity 看板已启动
   手机访问: https://resend-zone-cross.ngrok-free.dev/monitor

✅ Serenity 看板已启动
   手机访问: https://resend-zone-cross.ngrok-free.dev/monitor

✅ Serenity 看板已启动
   手机访问: https://resend-zone-cross.ngrok-free.dev/monitor

✅ Serenity 看板已启动
   手机访问: https://resend-zone-cross.ngrok-free.dev/monitor

✅ Serenity 看板已启动
   手机访问: https://resend-zone-cross.ngrok-free.dev/monitor

✅ Serenity 看板已启动
   手机访问: https://resend-zone-cross.ngrok-free.dev/monitor

✅ Serenity 看板已启动
   手机访问: https://resend-zone-cross.ngrok-free.dev/monitor

✅ Serenity 看板已启动
   手机访问: https://resend-zone-cross.ngrok-free.dev/monitor

✅ Serenity 看板已启动
   手机访问: https://resend-zone-cross.ngrok-free.dev/monitor

✅ Serenity 看板已启动
   手机访问: https://resend-zone-cross.ngrok-free.dev/monitor

✅ Serenity 看板已启动
   手机访问: https://resend-zone-cross.ngrok-free.dev/monitor

✅ Serenity 看板已启动
   手机访问: https://resend-zone-cross.ngrok-free.dev/monitor

✅ Serenity 看板已启动
   手机访问: https://resend-zone-cross.ngrok-free.dev/monitor

✅ Serenity 看板已启动
   手机访问: https://resend-zone-cross.ngrok-free.dev/monitor

✅ Serenity 看板已启动
   手机访问: https://resend-zone-cross.ngrok-free.dev/monitor

✅ Serenity 看板已启动
   手机访问: https://resend-zone-cross.ngrok-free.dev/monitor

✅ Serenity 看板已启动
   手机访问: https://resend-zone-cross.ngrok-free.dev/monitor

✅ Serenity 看板已启动
   手机访问: https://resend-zone-cross.ngrok-free.dev/monitor

✅ Serenity 看板已启动
   手机访问: https://resend-zone-cross.ngrok-free.dev/monitor

✅ Serenity 看板已启动
   手机访问: https://resend-zone-cross.ngrok-free.dev/monitor

✅ Serenity 看板已启动
   手机访问: https://resend-zone-cross.ngrok-free.dev/monitor

✅ Serenity 看板已启动
   手机访问: https://resend-zone-cross.ngrok-free.dev/monitor

✅ Serenity 看板已启动
   手机访问: https://resend-zone-cross.ngrok-free.dev/monitor

✅ Serenity 看板已启动
   手机访问: https://resend-zone-cross.ngrok-free.dev/monitor

✅ Serenity 看板已启动
   手机访问: https://resend-zone-cross.ngrok-free.dev/monitor

✅ Serenity 看板已启动
   手机访问: https://resend-zone-cross.ngrok-free.dev/monitor

✅ Serenity 看板已启动
   手机访问: https://resend-zone-cross.ngrok-free.dev/monitor

✅ Serenity 看板已启动
   手机访问: https://resend-zone-cross.ngrok-free.dev/monitor

✅ Serenity 看板已启动
   手机访问: https://resend-zone-cross.ngrok-free.dev/monitor

✅ Serenity 看板已启动
   手机访问: https://resend-zone-cross.ngrok-free.dev/monitor

✅ Serenity 看板已启动
   手机访问: https://resend-zone-cross.ngrok-free.dev/monitor

✅ Serenity 看板已启动
   手机访问: https://resend-zone-cross.ngrok-free.dev/monitor

✅ Serenity 看板已启动
   手机访问: https://resend-zone-cross.ngrok-free.dev/monitor

✅ Serenity 看板已启动
   手机访问: https://resend-zone-cross.ngrok-free.dev/monitor

✅ Serenity 看板已启动
   手机访问: https://resend-zone-cross.ngrok-free.dev/monitor

✅ Serenity 看板已启动
   手机访问: https://resend-zone-cross.ngrok-free.dev/monitor

✅ Serenity 看板已启动
   手机访问: https://resend-zone-cross.ngrok-free.dev/monitor

✅ Serenity 看板已启动
   手机访问: https://resend-zone-cross.ngrok-free.dev/monitor

✅ Serenity 看板已启动
   手机访问: https://resend-zone-cross.ngrok-free.dev/monitor

✅ Serenity 看板已启动
   手机访问: https://resend-zone-cross.ngrok-free.dev/monitor

✅ Serenity 看板已启动
   手机访问: https://resend-zone-cross.ngrok-free.dev/monitor

✅ Serenity 看板已启动
   手机访问: https://resend-zone-cross.ngrok-free.dev/monitor

✅ Serenity 看板已启动
   手机访问: https://resend-zone-cross.ngrok-free.dev/monitor

✅ Serenity 看板已启动
   手机访问: https://resend-zone-cross.ngrok-free.dev/monitor

✅ Serenity 看板已启动
   手机访问: https://resend-zone-cross.ngrok-free.dev/monitor

✅ Serenity 看板已启动
   手机访问: https://resend-zone-cross.ngrok-free.dev/monitor

✅ Serenity 看板已启动
   手机访问: https://resend-zone-cross.ngrok-free.dev/monitor

✅ Serenity 看板已启动
   手机访问: https://resend-zone-cross.ngrok-free.dev/monitor

✅ Serenity 看板已启动
   手机访问: https://resend-zone-cross.ngrok-free.dev/monitor

✅ Serenity 看板已启动
   手机访问: https://resend-zone-cross.ngrok-free.dev/monitor

✅ Serenity 看板已启动
   手机访问: https://resend-zone-cross.ngrok-free.dev/monitor

✅ Serenity 看板已启动
   手机访问: https://resend-zone-cross.ngrok-free.dev/monitor

✅ Serenity 看板已启动
   手机访问: https://resend-zone-cross.ngrok-free.dev/monitor

✅ Serenity 看板已启动
   手机访问: https://resend-zone-cross.ngrok-free.dev/monitor

✅ Serenity 看板已启动
   手机访问: https://resend-zone-cross.ngrok-free.dev/monitor

✅ Serenity 看板已启动
   手机访问: https://resend-zone-cross.ngrok-free.dev/monitor

✅ Serenity 看板已启动
   手机访问: https://resend-zone-cross.ngrok-free.dev/monitor

✅ Serenity 看板已启动
   手机访问: https://resend-zone-cross.ngrok-free.dev/monitor

✅ Serenity 看板已启动
   手机访问: https://resend-zone-cross.ngrok-free.dev/monitor

✅ Serenity 看板已启动
   手机访问: https://resend-zone-cross.ngrok-free.dev/monitor

✅ Serenity 看板已启动
   手机访问: https://resend-zone-cross.ngrok-free.dev/monitor

✅ Serenity 看板已启动
   手机访问: https://resend-zone-cross.ngrok-free.dev/monitor

✅ Serenity 看板已启动
   手机访问: https://resend-zone-cross.ngrok-free.dev/monitor

✅ Serenity 看板已启动
   手机访问: https://resend-zone-cross.ngrok-free.dev/monitor

✅ Serenity 看板已启动
   手机访问: https://resend-zone-cross.ngrok-free.dev/monitor

✅ Serenity 看板已启动
   手机访问: https://resend-zone-cross.ngrok-free.dev/monitor

✅ Serenity 看板已启动
   手机访问: https://resend-zone-cross.ngrok-free.dev/monitor

✅ Serenity 看板已启动
   手机访问: https://resend-zone-cross.ngrok-free.dev/monitor

✅ Serenity 看板已启动
   手机访问: https://resend-zone-cross.ngrok-free.dev/monitor

✅ Serenity 看板已启动
   手机访问: https://resend-zone-cross.ngrok-free.dev/monitor

✅ Serenity 看板已启动
   手机访问: https://resend-zone-cross.ngrok-free.dev/monitor

✅ Serenity 看板已启动
   手机访问: https://resend-zone-cross.ngrok-free.dev/monitor

✅ Serenity 看板已启动
   手机访问: https://resend-zone-cross.ngrok-free.dev/monitor

✅ Serenity 看板已启动
   手机访问: https://resend-zone-cross.ngrok-free.dev/monitor

✅ Serenity 看板已启动
   手机访问: https://resend-zone-cross.ngrok-free.dev/monitor

✅ Serenity 看板已启动
   手机访问: https://resend-zone-cross.ngrok-free.dev/monitor

✅ Serenity 看板已启动
   手机访问: https://resend-zone-cross.ngrok-free.dev/monitor

✅ Serenity 看板已启动
   手机访问: https://resend-zone-cross.ngrok-free.dev/monitor

✅ Serenity 看板已启动
   手机访问: https://resend-zone-cross.ngrok-free.dev/monitor

✅ Serenity 看板已启动
   手机访问: https://resend-zone-cross.ngrok-free.dev/monitor

✅ Serenity 看板已启动
   手机访问: https://resend-zone-cross.ngrok-free.dev/monitor

✅ Serenity 看板已启动
   手机访问: https://resend-zone-cross.ngrok-free.dev/monitor

✅ Serenity 看板已启动
   手机访问: https://resend-zone-cross.ngrok-free.dev/monitor

✅ Serenity 看板已启动
   手机访问: https://resend-zone-cross.ngrok-free.dev/monitor

✅ Serenity 看板已启动
   手机访问: https://resend-zone-cross.ngrok-free.dev/monitor

✅ Serenity 看板已启动
   手机访问: https://resend-zone-cross.ngrok-free.dev/monitor

✅ Serenity 看板已启动
   手机访问: https://resend-zone-cross.ngrok-free.dev/monitor

✅ Serenity 看板已启动
   手机访问: https://resend-zone-cross.ngrok-free.dev/monitor

✅ Serenity 看板已启动
   手机访问: https://resend-zone-cross.ngrok-free.dev/monitor

✅ Serenity 看板已启动
   手机访问: https://resend-zone-cross.ngrok-free.dev/monitor

✅ Serenity 看板已启动
   手机访问: https://resend-zone-cross.ngrok-free.dev/monitor

✅ Serenity 看板已启动
   手机访问: https://resend-zone-cross.ngrok-free.dev/monitor

✅ Serenity 看板已启动
   手机访问: https://resend-zone-cross.ngrok-free.dev/monitor

✅ Serenity 看板已启动
   手机访问: https://resend-zone-cross.ngrok-free.dev/monitor

✅ Serenity 看板已启动
   手机访问: https://resend-zone-cross.ngrok-free.dev/monitor

✅ Serenity 看板已启动
   手机访问: https://resend-zone-cross.ngrok-free.dev/monitor

✅ Serenity 看板已启动
   手机访问: https://resend-zone-cross.ngrok-free.dev/monitor

✅ Serenity 看板已启动
   手机访问: https://resend-zone-cross.ngrok-free.dev/monitor

✅ Serenity 看板已启动
   手机访问: https://resend-zone-cross.ngrok-free.dev/monitor

✅ Serenity 看板已启动
   手机访问: https://resend-zone-cross.ngrok-free.dev/monitor

✅ Serenity 看板已启动
   手机访问: https://resend-zone-cross.ngrok-free.dev/monitor

✅ Serenity 看板已启动
   手机访问: https://resend-zone-cross.ngrok-free.dev/monitor

✅ Serenity 看板已启动
   手机访问: https://resend-zone-cross.ngrok-free.dev/monitor

✅ Serenity 看板已启动
   手机访问: https://resend-zone-cross.ngrok-free.dev/monitor

✅ Serenity 看板已启动
   手机访问: https://resend-zone-cross.ngrok-free.dev/monitor

✅ Serenity 看板已启动
   手机访问: https://resend-zone-cross.ngrok-free.dev/monitor

✅ Serenity 看板已启动
   手机访问: https://resend-zone-cross.ngrok-free.dev/monitor

✅ Serenity 看板已启动
   手机访问: https://resend-zone-cross.ngrok-free.dev/monitor

✅ Serenity 看板已启动
   手机访问: https://resend-zone-cross.ngrok-free.dev/monitor

✅ Serenity 看板已启动
   手机访问: https://resend-zone-cross.ngrok-free.dev/monitor

✅ Serenity 看板已启动
   手机访问: https://resend-zone-cross.ngrok-free.dev/monitor

✅ Serenity 看板已启动
   手机访问: https://resend-zone-cross.ngrok-free.dev/monitor

✅ Serenity 看板已启动
   手机访问: https://resend-zone-cross.ngrok-free.dev/monitor

✅ Serenity 看板已启动
   手机访问: https://resend-zone-cross.ngrok-free.dev/monitor

✅ Serenity 看板已启动
   手机访问: https://resend-zone-cross.ngrok-free.dev/monitor

✅ Serenity 看板已启动
   手机访问: https://resend-zone-cross.ngrok-free.dev/monitor

✅ Serenity 看板已启动
   手机访问: https://resend-zone-cross.ngrok-free.dev/monitor

✅ Serenity 看板已启动
   手机访问: https://resend-zone-cross.ngrok-free.dev/monitor

✅ Serenity 看板已启动
   手机访问: https://resend-zone-cross.ngrok-free.dev/monitor

✅ Serenity 看板已启动
   手机访问: https://resend-zone-cross.ngrok-free.dev/monitor

✅ Serenity 看板已启动
   手机访问: https://resend-zone-cross.ngrok-free.dev/monitor

✅ Serenity 看板已启动
   手机访问: https://resend-zone-cross.ngrok-free.dev/monitor

✅ Serenity 看板已启动
   手机访问: https://resend-zone-cross.ngrok-free.dev/monitor

✅ Serenity 看板已启动
   手机访问: https://resend-zone-cross.ngrok-free.dev/monitor

✅ Serenity 看板已启动
   手机访问: https://resend-zone-cross.ngrok-free.dev/monitor

✅ Serenity 看板已启动
   手机访问: https://resend-zone-cross.ngrok-free.dev/monitor

✅ Serenity 看板已启动
   手机访问: https://resend-zone-cross.ngrok-free.dev/monitor

✅ Serenity 看板已启动
   手机访问: https://resend-zone-cross.ngrok-free.dev/monitor

✅ Serenity 看板已启动
   手机访问: https://resend-zone-cross.ngrok-free.dev/monitor

✅ Serenity 看板已启动
   手机访问: https://resend-zone-cross.ngrok-free.dev/monitor

✅ Serenity 看板已启动
   手机访问: https://resend-zone-cross.ngrok-free.dev/monitor

✅ Serenity 看板已启动
   手机访问: https://resend-zone-cross.ngrok-free.dev/monitor

✅ Serenity 看板已启动
   手机访问: https://resend-zone-cross.ngrok-free.dev/monitor

✅ Serenity 看板已启动
   手机访问: https://resend-zone-cross.ngrok-free.dev/monitor

✅ Serenity 看板已启动
   手机访问: https://resend-zone-cross.ngrok-free.dev/monitor

✅ Serenity 看板已启动
   手机访问: https://resend-zone-cross.ngrok-free.dev/monitor

✅ Serenity 看板已启动
   手机访问: https://resend-zone-cross.ngrok-free.dev/monitor

✅ Serenity 看板已启动
   手机访问: https://resend-zone-cross.ngrok-free.dev/monitor

✅ Serenity 看板已启动
   手机访问: https://resend-zone-cross.ngrok-free.dev/monitor

✅ Serenity 看板已启动
   手机访问: https://resend-zone-cross.ngrok-free.dev/monitor

✅ Serenity 看板已启动
   手机访问: https://resend-zone-cross.ngrok-free.dev/monitor

✅ Serenity 看板已启动
   手机访问: https://resend-zone-cross.ngrok-free.dev/monitor

✅ Serenity 看板已启动
   手机访问: https://resend-zone-cross.ngrok-free.dev/monitor

✅ Serenity 看板已启动
   手机访问: https://resend-zone-cross.ngrok-free.dev/monitor

✅ Serenity 看板已启动
   手机访问: https://resend-zone-cross.ngrok-free.dev/monitor

✅ Serenity 看板已启动
   手机访问: https://resend-zone-cross.ngrok-free.dev/monitor

✅ Serenity 看板已启动
   手机访问: https://resend-zone-cross.ngrok-free.dev/monitor

✅ Serenity 看板已启动
   手机访问: https://resend-zone-cross.ngrok-free.dev/monitor

✅ Serenity 看板已启动
   手机访问: https://resend-zone-cross.ngrok-free.dev/monitor

✅ Serenity 看板已启动
   手机访问: https://resend-zone-cross.ngrok-free.dev/monitor

✅ Serenity 看板已启动
   手机访问: https://resend-zone-cross.ngrok-free.dev/monitor

✅ Serenity 看板已启动
   手机访问: https://resend-zone-cross.ngrok-free.dev/monitor

✅ Serenity 看板已启动
   手机访问: https://resend-zone-cross.ngrok-free.dev/monitor

✅ Serenity 看板已启动
   手机访问: https://resend-zone-cross.ngrok-free.dev/monitor

✅ Serenity 看板已启动
   手机访问: https://resend-zone-cross.ngrok-free.dev/monitor

✅ Serenity 看板已启动
   手机访问: https://resend-zone-cross.ngrok-free.dev/monitor

✅ Serenity 看板已启动
   手机访问: https://resend-zone-cross.ngrok-free.dev/monitor

✅ Serenity 看板已启动
   手机访问: https://resend-zone-cross.ngrok-free.dev/monitor

✅ Serenity 看板已启动
   手机访问: https://resend-zone-cross.ngrok-free.dev/monitor

✅ Serenity 看板已启动
   手机访问: https://resend-zone-cross.ngrok-free.dev/monitor

✅ Serenity 看板已启动
   手机访问: https://resend-zone-cross.ngrok-free.dev/monitor

✅ Serenity 看板已启动
   手机访问: https://resend-zone-cross.ngrok-free.dev/monitor

✅ Serenity 看板已启动
   手机访问: https://resend-zone-cross.ngrok-free.dev/monitor

✅ Serenity 看板已启动
   手机访问: https://resend-zone-cross.ngrok-free.dev/monitor

✅ Serenity 看板已启动
   手机访问: https://resend-zone-cross.ngrok-free.dev/monitor

✅ Serenity 看板已启动
   手机访问: https://resend-zone-cross.ngrok-free.dev/monitor

✅ Serenity 看板已启动
   手机访问: https://resend-zone-cross.ngrok-free.dev/monitor

✅ Serenity 看板已启动
   手机访问: https://resend-zone-cross.ngrok-free.dev/monitor

✅ Serenity 看板已启动
   手机访问: https://resend-zone-cross.ngrok-free.dev/monitor

✅ Serenity 看板已启动
   手机访问: https://resend-zone-cross.ngrok-free.dev/monitor

✅ Serenity 看板已启动
   手机访问: https://resend-zone-cross.ngrok-free.dev/monitor

✅ Serenity 看板已启动
   手机访问: https://resend-zone-cross.ngrok-free.dev/monitor

✅ Serenity 看板已启动
   手机访问: https://resend-zone-cross.ngrok-free.dev/monitor

✅ Serenity 看板已启动
   手机访问: https://resend-zone-cross.ngrok-free.dev/monitor

✅ Serenity 看板已启动
   手机访问: https://resend-zone-cross.ngrok-free.dev/monitor

✅ Serenity 看板已启动
   手机访问: https://resend-zone-cross.ngrok-free.dev/monitor

✅ Serenity 看板已启动
   手机访问: https://resend-zone-cross.ngrok-free.dev/monitor

✅ Serenity 看板已启动
   手机访问: https://resend-zone-cross.ngrok-free.dev/monitor

✅ Serenity 看板已启动
   手机访问: https://resend-zone-cross.ngrok-free.dev/monitor

✅ Serenity 看板已启动
   手机访问: https://resend-zone-cross.ngrok-free.dev/monitor

✅ Serenity 看板已启动
   手机访问: https://resend-zone-cross.ngrok-free.dev/monitor

✅ Serenity 看板已启动
   手机访问: https://resend-zone-cross.ngrok-free.dev/monitor

✅ Serenity 看板已启动
   手机访问: https://resend-zone-cross.ngrok-free.dev/monitor

✅ Serenity 看板已启动
   手机访问: https://resend-zone-cross.ngrok-free.dev/monitor

✅ Serenity 看板已启动
   手机访问: https://resend-zone-cross.ngrok-free.dev/monitor

✅ Serenity 看板已启动
   手机访问: https://resend-zone-cross.ngrok-free.dev/monitor

✅ Serenity 看板已启动
   手机访问: https://resend-zone-cross.ngrok-free.dev/monitor

✅ Serenity 看板已启动
   手机访问: https://resend-zone-cross.ngrok-free.dev/monitor

✅ Serenity 看板已启动
   手机访问: https://resend-zone-cross.ngrok-free.dev/monitor

✅ Serenity 看板已启动
   手机访问: https://resend-zone-cross.ngrok-free.dev/monitor

✅ Serenity 看板已启动
   手机访问: https://resend-zone-cross.ngrok-free.dev/monitor

✅ Serenity 看板已启动
   手机访问: https://resend-zone-cross.ngrok-free.dev/monitor

✅ Serenity 看板已启动
   手机访问: https://resend-zone-cross.ngrok-free.dev/monitor

✅ Serenity 看板已启动
   手机访问: https://resend-zone-cross.ngrok-free.dev/monitor

✅ Serenity 看板已启动
   手机访问: https://resend-zone-cross.ngrok-free.dev/monitor

✅ Serenity 看板已启动
   手机访问: https://resend-zone-cross.ngrok-free.dev/monitor

✅ Serenity 看板已启动
   手机访问: https://resend-zone-cross.ngrok-free.dev/monitor

✅ Serenity 看板已启动
   手机访问: https://resend-zone-cross.ngrok-free.dev/monitor

✅ Serenity 看板已启动
   手机访问: https://resend-zone-cross.ngrok-free.dev/monitor

✅ Serenity 看板已启动
   手机访问: https://resend-zone-cross.ngrok-free.dev/monitor

✅ Serenity 看板已启动
   手机访问: https://resend-zone-cross.ngrok-free.dev/monitor

✅ Serenity 看板已启动
   手机访问: https://resend-zone-cross.ngrok-free.dev/monitor

✅ Serenity 看板已启动
   手机访问: https://resend-zone-cross.ngrok-free.dev/monitor

✅ Serenity 看板已启动
   手机访问: https://resend-zone-cross.ngrok-free.dev/monitor

✅ Serenity 看板已启动
   手机访问: https://resend-zone-cross.ngrok-free.dev/monitor

✅ Serenity 看板已启动
   手机访问: https://resend-zone-cross.ngrok-free.dev/monitor

✅ Serenity 看板已启动
   手机访问: https://resend-zone-cross.ngrok-free.dev/monitor

✅ Serenity 看板已启动
   手机访问: https://resend-zone-cross.ngrok-free.dev/monitor

✅ Serenity 看板已启动
   手机访问: https://resend-zone-cross.ngrok-free.dev/monitor

✅ Serenity 看板已启动
   手机访问: https://resend-zone-cross.ngrok-free.dev/monitor

✅ Serenity 看板已启动
   手机访问: https://resend-zone-cross.ngrok-free.dev/monitor

✅ Serenity 看板已启动
   手机访问: https://resend-zone-cross.ngrok-free.dev/monitor

✅ Serenity 看板已启动
   手机访问: https://resend-zone-cross.ngrok-free.dev/monitor

✅ Serenity 看板已启动
   手机访问: https://resend-zone-cross.ngrok-free.dev/monitor

✅ Serenity 看板已启动
   手机访问: https://resend-zone-cross.ngrok-free.dev/monitor

✅ Serenity 看板已启动
   手机访问: https://resend-zone-cross.ngrok-free.dev/monitor

✅ Serenity 看板已启动
   手机访问: https://resend-zone-cross.ngrok-free.dev/monitor

✅ Serenity 看板已启动
   手机访问: https://resend-zone-cross.ngrok-free.dev/monitor

✅ Serenity 看板已启动
   手机访问: https://resend-zone-cross.ngrok-free.dev/monitor

✅ Serenity 看板已启动
   手机访问: https://resend-zone-cross.ngrok-free.dev/monitor

✅ Serenity 看板已启动
   手机访问: https://resend-zone-cross.ngrok-free.dev/monitor

✅ Serenity 看板已启动
   手机访问: https://resend-zone-cross.ngrok-free.dev/monitor

✅ Serenity 看板已启动
   手机访问: https://resend-zone-cross.ngrok-free.dev/monitor

✅ Serenity 看板已启动
   手机访问: https://resend-zone-cross.ngrok-free.dev/monitor

✅ Serenity 看板已启动
   手机访问: https://resend-zone-cross.ngrok-free.dev/monitor

✅ Serenity 看板已启动
   手机访问: https://resend-zone-cross.ngrok-free.dev/monitor

✅ Serenity 看板已启动
   手机访问: https://resend-zone-cross.ngrok-free.dev/monitor

✅ Serenity 看板已启动
   手机访问: https://resend-zone-cross.ngrok-free.dev/monitor

✅ Serenity 看板已启动
   手机访问: https://resend-zone-cross.ngrok-free.dev/monitor

✅ Serenity 看板已启动
   手机访问: https://resend-zone-cross.ngrok-free.dev/monitor

✅ Serenity 看板已启动
   手机访问: https://resend-zone-cross.ngrok-free.dev/monitor

✅ Serenity 看板已启动
   手机访问: https://resend-zone-cross.ngrok-free.dev/monitor

✅ Serenity 看板已启动
   手机访问: https://resend-zone-cross.ngrok-free.dev/monitor

✅ Serenity 看板已启动
   手机访问: https://resend-zone-cross.ngrok-free.dev/monitor

✅ Serenity 看板已启动
   手机访问: https://resend-zone-cross.ngrok-free.dev/monitor

✅ Serenity 看板已启动
   手机访问: https://resend-zone-cross.ngrok-free.dev/monitor

✅ Serenity 看板已启动
   手机访问: https://resend-zone-cross.ngrok-free.dev/monitor

✅ Serenity 看板已启动
   手机访问: https://resend-zone-cross.ngrok-free.dev/monitor

✅ Serenity 看板已启动
   手机访问: https://resend-zone-cross.ngrok-free.dev/monitor

✅ Serenity 看板已启动
   手机访问: https://resend-zone-cross.ngrok-free.dev/monitor

✅ Serenity 看板已启动
   手机访问: https://resend-zone-cross.ngrok-free.dev/monitor

✅ Serenity 看板已启动
   手机访问: https://resend-zone-cross.ngrok-free.dev/monitor

✅ Serenity 看板已启动
   手机访问: https://resend-zone-cross.ngrok-free.dev/monitor

✅ Serenity 看板已启动
   手机访问: https://resend-zone-cross.ngrok-free.dev/monitor

✅ Serenity 看板已启动
   手机访问: https://resend-zone-cross.ngrok-free.dev/monitor

✅ Serenity 看板已启动
   手机访问: https://resend-zone-cross.ngrok-free.dev/monitor

✅ Serenity 看板已启动
   手机访问: https://resend-zone-cross.ngrok-free.dev/monitor

✅ Serenity 看板已启动
   手机访问: https://resend-zone-cross.ngrok-free.dev/monitor

✅ Serenity 看板已启动
   手机访问: https://resend-zone-cross.ngrok-free.dev/monitor

✅ Serenity 看板已启动
   手机访问: https://resend-zone-cross.ngrok-free.dev/monitor

✅ Serenity 看板已启动
   手机访问: https://resend-zone-cross.ngrok-free.dev/monitor

✅ Serenity 看板已启动
   手机访问: https://resend-zone-cross.ngrok-free.dev/monitor

✅ Serenity 看板已启动
   手机访问: https://resend-zone-cross.ngrok-free.dev/monitor

✅ Serenity 看板已启动
   手机访问: https://resend-zone-cross.ngrok-free.dev/monitor

✅ Serenity 看板已启动
   手机访问: https://resend-zone-cross.ngrok-free.dev/monitor

✅ Serenity 看板已启动
   手机访问: https://resend-zone-cross.ngrok-free.dev/monitor

✅ Serenity 看板已启动
   手机访问: https://resend-zone-cross.ngrok-free.dev/monitor

✅ Serenity 看板已启动
   手机访问: https://resend-zone-cross.ngrok-free.dev/monitor

✅ Serenity 看板已启动
   手机访问: https://resend-zone-cross.ngrok-free.dev/monitor

✅ Serenity 看板已启动
   手机访问: https://resend-zone-cross.ngrok-free.dev/monitor

✅ Serenity 看板已启动
   手机访问: https://resend-zone-cross.ngrok-free.dev/monitor

✅ Serenity 看板已启动
   手机访问: https://resend-zone-cross.ngrok-free.dev/monitor

✅ Serenity 看板已启动
   手机访问: https://resend-zone-cross.ngrok-free.dev/monitor

✅ Serenity 看板已启动
   手机访问: https://resend-zone-cross.ngrok-free.dev/monitor

✅ Serenity 看板已启动
   手机访问: https://resend-zone-cross.ngrok-free.dev/monitor

✅ Serenity 看板已启动
   手机访问: https://resend-zone-cross.ngrok-free.dev/monitor

✅ Serenity 看板已启动
   手机访问: https://resend-zone-cross.ngrok-free.dev/monitor

✅ Serenity 看板已启动
   手机访问: https://resend-zone-cross.ngrok-free.dev/monitor

✅ Serenity 看板已启动
   手机访问: https://resend-zone-cross.ngrok-free.dev/monitor

✅ Serenity 看板已启动
   手机访问: https://resend-zone-cross.ngrok-free.dev/monitor

✅ Serenity 看板已启动
   手机访问: https://resend-zone-cross.ngrok-free.dev/monitor

✅ Serenity 看板已启动
   手机访问: https://resend-zone-cross.ngrok-free.dev/monitor

✅ Serenity 看板已启动
   手机访问: https://resend-zone-cross.ngrok-free.dev/monitor

✅ Serenity 看板已启动
   手机访问: https://resend-zone-cross.ngrok-free.dev/monitor

✅ Serenity 看板已启动
   手机访问: https://resend-zone-cross.ngrok-free.dev/monitor

✅ Serenity 看板已启动
   手机访问: https://resend-zone-cross.ngrok-free.dev/monitor

✅ Serenity 看板已启动
   手机访问: https://resend-zone-cross.ngrok-free.dev/monitor

✅ Serenity 看板已启动
   手机访问: https://resend-zone-cross.ngrok-free.dev/monitor

✅ Serenity 看板已启动
   手机访问: https://resend-zone-cross.ngrok-free.dev/monitor

✅ Serenity 看板已启动
   手机访问: https://resend-zone-cross.ngrok-free.dev/monitor

✅ Serenity 看板已启动
   手机访问: https://resend-zone-cross.ngrok-free.dev/monitor

✅ Serenity 看板已启动
   手机访问: https://resend-zone-cross.ngrok-free.dev/monitor

✅ Serenity 看板已启动
   手机访问: https://resend-zone-cross.ngrok-free.dev/monitor

✅ Serenity 看板已启动
   手机访问: https://resend-zone-cross.ngrok-free.dev/monitor

✅ Serenity 看板已启动
   手机访问: https://resend-zone-cross.ngrok-free.dev/monitor

✅ Serenity 看板已启动
   手机访问: https://resend-zone-cross.ngrok-free.dev/monitor

✅ Serenity 看板已启动
   手机访问: https://resend-zone-cross.ngrok-free.dev/monitor

✅ Serenity 看板已启动
   手机访问: https://resend-zone-cross.ngrok-free.dev/monitor

✅ Serenity 看板已启动
   手机访问: https://resend-zone-cross.ngrok-free.dev/monitor

✅ Serenity 看板已启动
   手机访问: https://resend-zone-cross.ngrok-free.dev/monitor

✅ Serenity 看板已启动
   手机访问: https://resend-zone-cross.ngrok-free.dev/monitor

✅ Serenity 看板已启动
   手机访问: https://resend-zone-cross.ngrok-free.dev/monitor

✅ Serenity 看板已启动
   手机访问: https://resend-zone-cross.ngrok-free.dev/monitor

✅ Serenity 看板已启动
   手机访问: https://resend-zone-cross.ngrok-free.dev/monitor

✅ Serenity 看板已启动
   手机访问: https://resend-zone-cross.ngrok-free.dev/monitor

✅ Serenity 看板已启动
   手机访问: https://resend-zone-cross.ngrok-free.dev/monitor

✅ Serenity 看板已启动
   手机访问: https://resend-zone-cross.ngrok-free.dev/monitor

✅ Serenity 看板已启动
   手机访问: https://resend-zone-cross.ngrok-free.dev/monitor

✅ Serenity 看板已启动
   手机访问: https://resend-zone-cross.ngrok-free.dev/monitor

✅ Serenity 看板已启动
   手机访问: https://resend-zone-cross.ngrok-free.dev/monitor

✅ Serenity 看板已启动
   手机访问: https://resend-zone-cross.ngrok-free.dev/monitor

✅ Serenity 看板已启动
   手机访问: https://resend-zone-cross.ngrok-free.dev/monitor

✅ Serenity 看板已启动
   手机访问: https://resend-zone-cross.ngrok-free.dev/monitor

✅ Serenity 看板已启动
   手机访问: https://resend-zone-cross.ngrok-free.dev/monitor

✅ Serenity 看板已启动
   手机访问: https://resend-zone-cross.ngrok-free.dev/monitor

✅ Serenity 看板已启动
   手机访问: https://resend-zone-cross.ngrok-free.dev/monitor

✅ Serenity 看板已启动
   手机访问: https://resend-zone-cross.ngrok-free.dev/monitor

✅ Serenity 看板已启动
   手机访问: https://resend-zone-cross.ngrok-free.dev/monitor

✅ Serenity 看板已启动
   手机访问: https://resend-zone-cross.ngrok-free.dev/monitor

✅ Serenity 看板已启动
   手机访问: https://resend-zone-cross.ngrok-free.dev/monitor

✅ Serenity 看板已启动
   手机访问: https://resend-zone-cross.ngrok-free.dev/monitor

✅ Serenity 看板已启动
   手机访问: https://resend-zone-cross.ngrok-free.dev/monitor

✅ Serenity 看板已启动
   手机访问: https://resend-zone-cross.ngrok-free.dev/monitor

✅ Serenity 看板已启动
   手机访问: https://resend-zone-cross.ngrok-free.dev/monitor

✅ Serenity 看板已启动
   手机访问: https://resend-zone-cross.ngrok-free.dev/monitor

✅ Serenity 看板已启动
   手机访问: https://resend-zone-cross.ngrok-free.dev/monitor

✅ Serenity 看板已启动
   手机访问: https://resend-zone-cross.ngrok-free.dev/monitor

✅ Serenity 看板已启动
   手机访问: https://resend-zone-cross.ngrok-free.dev/monitor

✅ Serenity 看板已启动
   手机访问: https://resend-zone-cross.ngrok-free.dev/monitor

✅ Serenity 看板已启动
   手机访问: https://resend-zone-cross.ngrok-free.dev/monitor

✅ Serenity 看板已启动
   手机访问: https://resend-zone-cross.ngrok-free.dev/monitor

✅ Serenity 看板已启动
   手机访问: https://resend-zone-cross.ngrok-free.dev/monitor

✅ Serenity 看板已启动
   手机访问: https://resend-zone-cross.ngrok-free.dev/monitor

✅ Serenity 看板已启动
   手机访问: https://resend-zone-cross.ngrok-free.dev/monitor

✅ Serenity 看板已启动
   手机访问: https://resend-zone-cross.ngrok-free.dev/monitor

✅ Serenity 看板已启动
   手机访问: https://resend-zone-cross.ngrok-free.dev/monitor

✅ Serenity 看板已启动
   手机访问: https://resend-zone-cross.ngrok-free.dev/monitor

✅ Serenity 看板已启动
   手机访问: https://resend-zone-cross.ngrok-free.dev/monitor

✅ Serenity 看板已启动
   手机访问: https://resend-zone-cross.ngrok-free.dev/monitor

✅ Serenity 看板已启动
   手机访问: https://resend-zone-cross.ngrok-free.dev/monitor

✅ Serenity 看板已启动
   手机访问: https://resend-zone-cross.ngrok-free.dev/monitor

✅ Serenity 看板已启动
   手机访问: https://resend-zone-cross.ngrok-free.dev/monitor

✅ Serenity 看板已启动
   手机访问: https://resend-zone-cross.ngrok-free.dev/monitor

✅ Serenity 看板已启动
   手机访问: https://resend-zone-cross.ngrok-free.dev/monitor

✅ Serenity 看板已启动
   手机访问: https://resend-zone-cross.ngrok-free.dev/monitor

✅ Serenity 看板已启动
   手机访问: https://resend-zone-cross.ngrok-free.dev/monitor

✅ Serenity 看板已启动
   手机访问: https://resend-zone-cross.ngrok-free.dev/monitor

✅ Serenity 看板已启动
   手机访问: https://resend-zone-cross.ngrok-free.dev/monitor

✅ Serenity 看板已启动
   手机访问: https://resend-zone-cross.ngrok-free.dev/monitor

✅ Serenity 看板已启动
   手机访问: https://resend-zone-cross.ngrok-free.dev/monitor

✅ Serenity 看板已启动
   手机访问: https://resend-zone-cross.ngrok-free.dev/monitor

✅ Serenity 看板已启动
   手机访问: https://resend-zone-cross.ngrok-free.dev/monitor

✅ Serenity 看板已启动
   手机访问: https://resend-zone-cross.ngrok-free.dev/monitor

✅ Serenity 看板已启动
   手机访问: https://resend-zone-cross.ngrok-free.dev/monitor

✅ Serenity 看板已启动
   手机访问: https://resend-zone-cross.ngrok-free.dev/monitor

✅ Serenity 看板已启动
   手机访问: https://resend-zone-cross.ngrok-free.dev/monitor

✅ Serenity 看板已启动
   手机访问: https://resend-zone-cross.ngrok-free.dev/monitor

✅ Serenity 看板已启动
   手机访问: https://resend-zone-cross.ngrok-free.dev/monitor

✅ Serenity 看板已启动
   手机访问: https://resend-zone-cross.ngrok-free.dev/monitor

✅ Serenity 看板已启动
   手机访问: https://resend-zone-cross.ngrok-free.dev/monitor

✅ Serenity 看板已启动
   手机访问: https://resend-zone-cross.ngrok-free.dev/monitor

✅ Serenity 看板已启动
   手机访问: https://resend-zone-cross.ngrok-free.dev/monitor

✅ Serenity 看板已启动
   手机访问: https://resend-zone-cross.ngrok-free.dev/monitor

✅ Serenity 看板已启动
   手机访问: https://resend-zone-cross.ngrok-free.dev/monitor

✅ Serenity 看板已启动
   手机访问: https://resend-zone-cross.ngrok-free.dev/monitor

✅ Serenity 看板已启动
   手机访问: https://resend-zone-cross.ngrok-free.dev/monitor

✅ Serenity 看板已启动
   手机访问: https://resend-zone-cross.ngrok-free.dev/monitor

✅ Serenity 看板已启动
   手机访问: https://resend-zone-cross.ngrok-free.dev/monitor

✅ Serenity 看板已启动
   手机访问: https://resend-zone-cross.ngrok-free.dev/monitor

✅ Serenity 看板已启动
   手机访问: https://resend-zone-cross.ngrok-free.dev/monitor

✅ Serenity 看板已启动
   手机访问: https://resend-zone-cross.ngrok-free.dev/monitor

✅ Serenity 看板已启动
   手机访问: https://resend-zone-cross.ngrok-free.dev/monitor

✅ Serenity 看板已启动
   手机访问: https://resend-zone-cross.ngrok-free.dev/monitor

✅ Serenity 看板已启动
   手机访问: https://resend-zone-cross.ngrok-free.dev/monitor

✅ Serenity 看板已启动
   手机访问: https://resend-zone-cross.ngrok-free.dev/monitor

✅ Serenity 看板已启动
   手机访问: https://resend-zone-cross.ngrok-free.dev/monitor

✅ Serenity 看板已启动
   手机访问: https://resend-zone-cross.ngrok-free.dev/monitor

✅ Serenity 看板已启动
   手机访问: https://resend-zone-cross.ngrok-free.dev/monitor

✅ Serenity 看板已启动
   手机访问: https://resend-zone-cross.ngrok-free.dev/monitor

✅ Serenity 看板已启动
   手机访问: https://resend-zone-cross.ngrok-free.dev/monitor

✅ Serenity 看板已启动
   手机访问: https://resend-zone-cross.ngrok-free.dev/monitor

✅ Serenity 看板已启动
   手机访问: https://resend-zone-cross.ngrok-free.dev/monitor

✅ Serenity 看板已启动
   手机访问: https://resend-zone-cross.ngrok-free.dev/monitor

✅ Serenity 看板已启动
   手机访问: https://resend-zone-cross.ngrok-free.dev/monitor

✅ Serenity 看板已启动
   手机访问: https://resend-zone-cross.ngrok-free.dev/monitor

✅ Serenity 看板已启动
   手机访问: https://resend-zone-cross.ngrok-free.dev/monitor

✅ Serenity 看板已启动
   手机访问: https://resend-zone-cross.ngrok-free.dev/monitor

✅ Serenity 看板已启动
   手机访问: https://resend-zone-cross.ngrok-free.dev/monitor

✅ Serenity 看板已启动
   手机访问: https://resend-zone-cross.ngrok-free.dev/monitor

✅ Serenity 看板已启动
   手机访问: https://resend-zone-cross.ngrok-free.dev/monitor

✅ Serenity 看板已启动
   手机访问: https://resend-zone-cross.ngrok-free.dev/monitor

✅ Serenity 看板已启动
   手机访问: https://resend-zone-cross.ngrok-free.dev/monitor

✅ Serenity 看板已启动
   手机访问: https://resend-zone-cross.ngrok-free.dev/monitor

✅ Serenity 看板已启动
   手机访问: https://resend-zone-cross.ngrok-free.dev/monitor

✅ Serenity 看板已启动
   手机访问: https://resend-zone-cross.ngrok-free.dev/monitor

✅ Serenity 看板已启动
   手机访问: https://resend-zone-cross.ngrok-free.dev/monitor

✅ Serenity 看板已启动
   手机访问: https://resend-zone-cross.ngrok-free.dev/monitor

✅ Serenity 看板已启动
   手机访问: https://resend-zone-cross.ngrok-free.dev/monitor

✅ Serenity 看板已启动
   手机访问: https://resend-zone-cross.ngrok-free.dev/monitor

✅ Serenity 看板已启动
   手机访问: https://resend-zone-cross.ngrok-free.dev/monitor

✅ Serenity 看板已启动
   手机访问: https://resend-zone-cross.ngrok-free.dev/monitor

✅ Serenity 看板已启动
   手机访问: https://resend-zone-cross.ngrok-free.dev/monitor

✅ Serenity 看板已启动
   手机访问: https://resend-zone-cross.ngrok-free.dev/monitor

✅ Serenity 看板已启动
   手机访问: https://resend-zone-cross.ngrok-free.dev/monitor

✅ Serenity 看板已启动
   手机访问: https://resend-zone-cross.ngrok-free.dev/monitor

✅ Serenity 看板已启动
   手机访问: https://resend-zone-cross.ngrok-free.dev/monitor

✅ Serenity 看板已启动
   手机访问: https://resend-zone-cross.ngrok-free.dev/monitor

✅ Serenity 看板已启动
   手机访问: https://resend-zone-cross.ngrok-free.dev/monitor

✅ Serenity 看板已启动
   手机访问: https://resend-zone-cross.ngrok-free.dev/monitor

✅ Serenity 看板已启动
   手机访问: https://resend-zone-cross.ngrok-free.dev/monitor

✅ Serenity 看板已启动
   手机访问: https://resend-zone-cross.ngrok-free.dev/monitor

✅ Serenity 看板已启动
   手机访问: https://resend-zone-cross.ngrok-free.dev/monitor

✅ Serenity 看板已启动
   手机访问: https://resend-zone-cross.ngrok-free.dev/monitor

✅ Serenity 看板已启动
   手机访问: https://resend-zone-cross.ngrok-free.dev/monitor

✅ Serenity 看板已启动
   手机访问: https://resend-zone-cross.ngrok-free.dev/monitor

✅ Serenity 看板已启动
   手机访问: https://resend-zone-cross.ngrok-free.dev/monitor

✅ Serenity 看板已启动
   手机访问: https://resend-zone-cross.ngrok-free.dev/monitor

✅ Serenity 看板已启动
   手机访问: https://resend-zone-cross.ngrok-free.dev/monitor

✅ Serenity 看板已启动
   手机访问: https://resend-zone-cross.ngrok-free.dev/monitor

✅ Serenity 看板已启动
   手机访问: https://resend-zone-cross.ngrok-free.dev/monitor

✅ Serenity 看板已启动
   手机访问: https://resend-zone-cross.ngrok-free.dev/monitor

✅ Serenity 看板已启动
   手机访问: https://resend-zone-cross.ngrok-free.dev/monitor

✅ Serenity 看板已启动
   手机访问: https://resend-zone-cross.ngrok-free.dev/monitor

✅ Serenity 看板已启动
   手机访问: https://resend-zone-cross.ngrok-free.dev/monitor

✅ Serenity 看板已启动
   手机访问: https://resend-zone-cross.ngrok-free.dev/monitor

✅ Serenity 看板已启动
   手机访问: https://resend-zone-cross.ngrok-free.dev/monitor

✅ Serenity 看板已启动
   手机访问: https://resend-zone-cross.ngrok-free.dev/monitor

✅ Serenity 看板已启动
   手机访问: https://resend-zone-cross.ngrok-free.dev/monitor

✅ Serenity 看板已启动
   手机访问: https://resend-zone-cross.ngrok-free.dev/monitor

✅ Serenity 看板已启动
   手机访问: https://resend-zone-cross.ngrok-free.dev/monitor

✅ Serenity 看板已启动
   手机访问: https://resend-zone-cross.ngrok-free.dev/monitor

✅ Serenity 看板已启动
   手机访问: https://resend-zone-cross.ngrok-free.dev/monitor

✅ Serenity 看板已启动
   手机访问: https://resend-zone-cross.ngrok-free.dev/monitor

✅ Serenity 看板已启动
   手机访问: https://resend-zone-cross.ngrok-free.dev/monitor

✅ Serenity 看板已启动
   手机访问: https://resend-zone-cross.ngrok-free.dev/monitor

✅ Serenity 看板已启动
   手机访问: https://resend-zone-cross.ngrok-free.dev/monitor

✅ Serenity 看板已启动
   手机访问: https://resend-zone-cross.ngrok-free.dev/monitor

✅ Serenity 看板已启动
   手机访问: https://resend-zone-cross.ngrok-free.dev/monitor

✅ Serenity 看板已启动
   手机访问: https://resend-zone-cross.ngrok-free.dev/monitor

✅ Serenity 看板已启动
   手机访问: https://resend-zone-cross.ngrok-free.dev/monitor

✅ Serenity 看板已启动
   手机访问: https://resend-zone-cross.ngrok-free.dev/monitor

✅ Serenity 看板已启动
   手机访问: https://resend-zone-cross.ngrok-free.dev/monitor

✅ Serenity 看板已启动
   手机访问: https://resend-zone-cross.ngrok-free.dev/monitor

✅ Serenity 看板已启动
   手机访问: https://resend-zone-cross.ngrok-free.dev/monitor

✅ Serenity 看板已启动
   手机访问: https://resend-zone-cross.ngrok-free.dev/monitor

✅ Serenity 看板已启动
   手机访问: https://resend-zone-cross.ngrok-free.dev/monitor

✅ Serenity 看板已启动
   手机访问: https://resend-zone-cross.ngrok-free.dev/monitor

✅ Serenity 看板已启动
   手机访问: https://resend-zone-cross.ngrok-free.dev/monitor

✅ Serenity 看板已启动
   手机访问: https://resend-zone-cross.ngrok-free.dev/monitor

✅ Serenity 看板已启动
   手机访问: https://resend-zone-cross.ngrok-free.dev/monitor

✅ Serenity 看板已启动
   手机访问: https://resend-zone-cross.ngrok-free.dev/monitor

✅ Serenity 看板已启动
   手机访问: https://resend-zone-cross.ngrok-free.dev/monitor

✅ Serenity 看板已启动
   手机访问: https://resend-zone-cross.ngrok-free.dev/monitor

✅ Serenity 看板已启动
   手机访问: https://resend-zone-cross.ngrok-free.dev/monitor

✅ Serenity 看板已启动
   手机访问: https://resend-zone-cross.ngrok-free.dev/monitor

✅ Serenity 看板已启动
   手机访问: https://resend-zone-cross.ngrok-free.dev/monitor

✅ Serenity 看板已启动
   手机访问: https://resend-zone-cross.ngrok-free.dev/monitor

✅ Serenity 看板已启动
   手机访问: https://resend-zone-cross.ngrok-free.dev/monitor

✅ Serenity 看板已启动
   手机访问: https://resend-zone-cross.ngrok-free.dev/monitor

✅ Serenity 看板已启动
   手机访问: https://resend-zone-cross.ngrok-free.dev/monitor

✅ Serenity 看板已启动
   手机访问: https://resend-zone-cross.ngrok-free.dev/monitor

✅ Serenity 看板已启动
   手机访问: https://resend-zone-cross.ngrok-free.dev/monitor

✅ Serenity 看板已启动
   手机访问: https://resend-zone-cross.ngrok-free.dev/monitor

✅ Serenity 看板已启动
   手机访问: https://resend-zone-cross.ngrok-free.dev/monitor

✅ Serenity 看板已启动
   手机访问: https://resend-zone-cross.ngrok-free.dev/monitor

✅ Serenity 看板已启动
   手机访问: https://resend-zone-cross.ngrok-free.dev/monitor

✅ Serenity 看板已启动
   手机访问: https://resend-zone-cross.ngrok-free.dev/monitor

✅ Serenity 看板已启动
   手机访问: https://resend-zone-cross.ngrok-free.dev/monitor

✅ Serenity 看板已启动
   手机访问: https://resend-zone-cross.ngrok-free.dev/monitor

✅ Serenity 看板已启动
   手机访问: https://resend-zone-cross.ngrok-free.dev/monitor

✅ Serenity 看板已启动
   手机访问: https://resend-zone-cross.ngrok-free.dev/monitor

✅ Serenity 看板已启动
   手机访问: https://resend-zone-cross.ngrok-free.dev/monitor

✅ Serenity 看板已启动
   手机访问: https://resend-zone-cross.ngrok-free.dev/monitor

✅ Serenity 看板已启动
   手机访问: https://resend-zone-cross.ngrok-free.dev/monitor

✅ Serenity 看板已启动
   手机访问: https://resend-zone-cross.ngrok-free.dev/monitor

✅ Serenity 看板已启动
   手机访问: https://resend-zone-cross.ngrok-free.dev/monitor

✅ Serenity 看板已启动
   手机访问: https://resend-zone-cross.ngrok-free.dev/monitor

✅ Serenity 看板已启动
   手机访问: https://resend-zone-cross.ngrok-free.dev/monitor

✅ Serenity 看板已启动
   手机访问: https://resend-zone-cross.ngrok-free.dev/monitor

✅ Serenity 看板已启动
   手机访问: https://resend-zone-cross.ngrok-free.dev/monitor

✅ Serenity 看板已启动
   手机访问: https://resend-zone-cross.ngrok-free.dev/monitor

✅ Serenity 看板已启动
   手机访问: https://resend-zone-cross.ngrok-free.dev/monitor

✅ Serenity 看板已启动
   手机访问: https://resend-zone-cross.ngrok-free.dev/monitor

✅ Serenity 看板已启动
   手机访问: https://resend-zone-cross.ngrok-free.dev/monitor

✅ Serenity 看板已启动
   手机访问: https://resend-zone-cross.ngrok-free.dev/monitor

✅ Serenity 看板已启动
   手机访问: https://resend-zone-cross.ngrok-free.dev/monitor

✅ Serenity 看板已启动
   手机访问: https://resend-zone-cross.ngrok-free.dev/monitor

✅ Serenity 看板已启动
   手机访问: https://resend-zone-cross.ngrok-free.dev/monitor

✅ Serenity 看板已启动
   手机访问: https://resend-zone-cross.ngrok-free.dev/monitor

✅ Serenity 看板已启动
   手机访问: https://resend-zone-cross.ngrok-free.dev/monitor

✅ Serenity 看板已启动
   手机访问: https://resend-zone-cross.ngrok-free.dev/monitor

✅ Serenity 看板已启动
   手机访问: https://resend-zone-cross.ngrok-free.dev/monitor

✅ Serenity 看板已启动
   手机访问: https://resend-zone-cross.ngrok-free.dev/monitor

✅ Serenity 看板已启动
   手机访问: https://resend-zone-cross.ngrok-free.dev/monitor

✅ Serenity 看板已启动
   手机访问: https://resend-zone-cross.ngrok-free.dev/monitor

✅ Serenity 看板已启动
   手机访问: https://resend-zone-cross.ngrok-free.dev/monitor

✅ Serenity 看板已启动
   手机访问: https://resend-zone-cross.ngrok-free.dev/monitor

✅ Serenity 看板已启动
   手机访问: https://resend-zone-cross.ngrok-free.dev/monitor

✅ Serenity 看板已启动
   手机访问: https://resend-zone-cross.ngrok-free.dev/monitor

✅ Serenity 看板已启动
   手机访问: https://resend-zone-cross.ngrok-free.dev/monitor

✅ Serenity 看板已启动
   手机访问: https://resend-zone-cross.ngrok-free.dev/monitor

✅ Serenity 看板已启动
   手机访问: https://resend-zone-cross.ngrok-free.dev/monitor

✅ Serenity 看板已启动
   手机访问: https://resend-zone-cross.ngrok-free.dev/monitor

✅ Serenity 看板已启动
   手机访问: https://resend-zone-cross.ngrok-free.dev/monitor

✅ Serenity 看板已启动
   手机访问: https://resend-zone-cross.ngrok-free.dev/monitor

✅ Serenity 看板已启动
   手机访问: https://resend-zone-cross.ngrok-free.dev/monitor

✅ Serenity 看板已启动
   手机访问: https://resend-zone-cross.ngrok-free.dev/monitor

✅ Serenity 看板已启动
   手机访问: https://resend-zone-cross.ngrok-free.dev/monitor

✅ Serenity 看板已启动
   手机访问: https://resend-zone-cross.ngrok-free.dev/monitor

✅ Serenity 看板已启动
   手机访问: https://resend-zone-cross.ngrok-free.dev/monitor

✅ Serenity 看板已启动
   手机访问: https://resend-zone-cross.ngrok-free.dev/monitor

✅ Serenity 看板已启动
   手机访问: https://resend-zone-cross.ngrok-free.dev/monitor

✅ Serenity 看板已启动
   手机访问: https://resend-zone-cross.ngrok-free.dev/monitor

✅ Serenity 看板已启动
   手机访问: https://resend-zone-cross.ngrok-free.dev/monitor

✅ Serenity 看板已启动
   手机访问: https://resend-zone-cross.ngrok-free.dev/monitor

✅ Serenity 看板已启动
   手机访问: https://resend-zone-cross.ngrok-free.dev/monitor

✅ Serenity 看板已启动
   手机访问: https://resend-zone-cross.ngrok-free.dev/monitor

✅ Serenity 看板已启动
   手机访问: https://resend-zone-cross.ngrok-free.dev/monitor

✅ Serenity 看板已启动
   手机访问: https://resend-zone-cross.ngrok-free.dev/monitor

✅ Serenity 看板已启动
   手机访问: https://resend-zone-cross.ngrok-free.dev/monitor

✅ Serenity 看板已启动
   手机访问: https://resend-zone-cross.ngrok-free.dev/monitor

✅ Serenity 看板已启动
   手机访问: https://resend-zone-cross.ngrok-free.dev/monitor

✅ Serenity 看板已启动
   手机访问: https://resend-zone-cross.ngrok-free.dev/monitor

✅ Serenity 看板已启动
   手机访问: https://resend-zone-cross.ngrok-free.dev/monitor

✅ Serenity 看板已启动
   手机访问: https://resend-zone-cross.ngrok-free.dev/monitor

✅ Serenity 看板已启动
   手机访问: https://resend-zone-cross.ngrok-free.dev/monitor

✅ Serenity 看板已启动
   手机访问: https://resend-zone-cross.ngrok-free.dev/monitor

✅ Serenity 看板已启动
   手机访问: https://resend-zone-cross.ngrok-free.dev/monitor

✅ Serenity 看板已启动
   手机访问: https://resend-zone-cross.ngrok-free.dev/monitor

✅ Serenity 看板已启动
   手机访问: https://resend-zone-cross.ngrok-free.dev/monitor

✅ Serenity 看板已启动
   手机访问: https://resend-zone-cross.ngrok-free.dev/monitor

✅ Serenity 看板已启动
   手机访问: https://resend-zone-cross.ngrok-free.dev/monitor

✅ Serenity 看板已启动
   手机访问: https://resend-zone-cross.ngrok-free.dev/monitor

✅ Serenity 看板已启动
   手机访问: https://resend-zone-cross.ngrok-free.dev/monitor

✅ Serenity 看板已启动
   手机访问: https://resend-zone-cross.ngrok-free.dev/monitor

✅ Serenity 看板已启动
   手机访问: https://resend-zone-cross.ngrok-free.dev/monitor

✅ Serenity 看板已启动
   手机访问: https://resend-zone-cross.ngrok-free.dev/monitor

✅ Serenity 看板已启动
   手机访问: https://resend-zone-cross.ngrok-free.dev/monitor

✅ Serenity 看板已启动
   手机访问: https://resend-zone-cross.ngrok-free.dev/monitor

✅ Serenity 看板已启动
   手机访问: https://resend-zone-cross.ngrok-free.dev/monitor

✅ Serenity 看板已启动
   手机访问: https://resend-zone-cross.ngrok-free.dev/monitor

✅ Serenity 看板已启动
   手机访问: https://resend-zone-cross.ngrok-free.dev/monitor

✅ Serenity 看板已启动
   手机访问: https://resend-zone-cross.ngrok-free.dev/monitor

✅ Serenity 看板已启动
   手机访问: https://resend-zone-cross.ngrok-free.dev/monitor

✅ Serenity 看板已启动
   手机访问: https://resend-zone-cross.ngrok-free.dev/monitor

✅ Serenity 看板已启动
   手机访问: https://resend-zone-cross.ngrok-free.dev/monitor

✅ Serenity 看板已启动
   手机访问: https://resend-zone-cross.ngrok-free.dev/monitor

✅ Serenity 看板已启动
   手机访问: https://resend-zone-cross.ngrok-free.dev/monitor

✅ Serenity 看板已启动
   手机访问: https://resend-zone-cross.ngrok-free.dev/monitor

✅ Serenity 看板已启动
   手机访问: https://resend-zone-cross.ngrok-free.dev/monitor

✅ Serenity 看板已启动
   手机访问: https://resend-zone-cross.ngrok-free.dev/monitor

✅ Serenity 看板已启动
   手机访问: https://resend-zone-cross.ngrok-free.dev/monitor

✅ Serenity 看板已启动
   手机访问: https://resend-zone-cross.ngrok-free.dev/monitor

✅ Serenity 看板已启动
   手机访问: https://resend-zone-cross.ngrok-free.dev/monitor

✅ Serenity 看板已启动
   手机访问: https://resend-zone-cross.ngrok-free.dev/monitor

✅ Serenity 看板已启动
   手机访问: https://resend-zone-cross.ngrok-free.dev/monitor

✅ Serenity 看板已启动
   手机访问: https://resend-zone-cross.ngrok-free.dev/monitor

✅ Serenity 看板已启动
   手机访问: https://resend-zone-cross.ngrok-free.dev/monitor

✅ Serenity 看板已启动
   手机访问: https://resend-zone-cross.ngrok-free.dev/monitor

✅ Serenity 看板已启动
   手机访问: https://resend-zone-cross.ngrok-free.dev/monitor

✅ Serenity 看板已启动
   手机访问: https://resend-zone-cross.ngrok-free.dev/monitor

✅ Serenity 看板已启动
   手机访问: https://resend-zone-cross.ngrok-free.dev/monitor

✅ Serenity 看板已启动
   手机访问: https://resend-zone-cross.ngrok-free.dev/monitor

✅ Serenity 看板已启动
   手机访问: https://resend-zone-cross.ngrok-free.dev/monitor

✅ Serenity 看板已启动
   手机访问: https://resend-zone-cross.ngrok-free.dev/monitor

✅ Serenity 看板已启动
   手机访问: https://resend-zone-cross.ngrok-free.dev/monitor

✅ Serenity 看板已启动
   手机访问: https://resend-zone-cross.ngrok-free.dev/monitor

✅ Serenity 看板已启动
   手机访问: https://resend-zone-cross.ngrok-free.dev/monitor

✅ Serenity 看板已启动
   手机访问: https://resend-zone-cross.ngrok-free.dev/monitor

✅ Serenity 看板已启动
   手机访问: https://resend-zone-cross.ngrok-free.dev/monitor

✅ Serenity 看板已启动
   手机访问: https://resend-zone-cross.ngrok-free.dev/monitor

✅ Serenity 看板已启动
   手机访问: https://resend-zone-cross.ngrok-free.dev/monitor

✅ Serenity 看板已启动
   手机访问: https://resend-zone-cross.ngrok-free.dev/monitor

✅ Serenity 看板已启动
   手机访问: https://resend-zone-cross.ngrok-free.dev/monitor

✅ Serenity 看板已启动
   手机访问: https://resend-zone-cross.ngrok-free.dev/monitor

✅ Serenity 看板已启动
   手机访问: https://resend-zone-cross.ngrok-free.dev/monitor

✅ Serenity 看板已启动
   手机访问: https://resend-zone-cross.ngrok-free.dev/monitor

✅ Serenity 看板已启动
   手机访问: https://resend-zone-cross.ngrok-free.dev/monitor

✅ Serenity 看板已启动
   手机访问: https://resend-zone-cross.ngrok-free.dev/monitor

✅ Serenity 看板已启动
   手机访问: https://resend-zone-cross.ngrok-free.dev/monitor

✅ Serenity 看板已启动
   手机访问: https://resend-zone-cross.ngrok-free.dev/monitor

✅ Serenity 看板已启动
   手机访问: https://resend-zone-cross.ngrok-free.dev/monitor

✅ Serenity 看板已启动
   手机访问: https://resend-zone-cross.ngrok-free.dev/monitor

✅ Serenity 看板已启动
   手机访问: https://resend-zone-cross.ngrok-free.dev/monitor

✅ Serenity 看板已启动
   手机访问: https://resend-zone-cross.ngrok-free.dev/monitor

✅ Serenity 看板已启动
   手机访问: https://resend-zone-cross.ngrok-free.dev/monitor

✅ Serenity 看板已启动
   手机访问: https://resend-zone-cross.ngrok-free.dev/monitor

✅ Serenity 看板已启动
   手机访问: https://resend-zone-cross.ngrok-free.dev/monitor

✅ Serenity 看板已启动
   手机访问: https://resend-zone-cross.ngrok-free.dev/monitor

✅ Serenity 看板已启动
   手机访问: https://resend-zone-cross.ngrok-free.dev/monitor

✅ Serenity 看板已启动
   手机访问: https://resend-zone-cross.ngrok-free.dev/monitor

✅ Serenity 看板已启动
   手机访问: https://resend-zone-cross.ngrok-free.dev/monitor

✅ Serenity 看板已启动
   手机访问: https://resend-zone-cross.ngrok-free.dev/monitor

✅ Serenity 看板已启动
   手机访问: https://resend-zone-cross.ngrok-free.dev/monitor

✅ Serenity 看板已启动
   手机访问: https://resend-zone-cross.ngrok-free.dev/monitor

✅ Serenity 看板已启动
   手机访问: https://resend-zone-cross.ngrok-free.dev/monitor

✅ Serenity 看板已启动
   手机访问: https://resend-zone-cross.ngrok-free.dev/monitor

✅ Serenity 看板已启动
   手机访问: https://resend-zone-cross.ngrok-free.dev/monitor

✅ Serenity 看板已启动
   手机访问: https://resend-zone-cross.ngrok-free.dev/monitor

✅ Serenity 看板已启动
   手机访问: https://resend-zone-cross.ngrok-free.dev/monitor

✅ Serenity 看板已启动
   手机访问: https://resend-zone-cross.ngrok-free.dev/monitor

✅ Serenity 看板已启动
   手机访问: https://resend-zone-cross.ngrok-free.dev/monitor

✅ Serenity 看板已启动
   手机访问: https://resend-zone-cross.ngrok-free.dev/monitor

✅ Serenity 看板已启动
   手机访问: https://resend-zone-cross.ngrok-free.dev/monitor

✅ Serenity 看板已启动
   手机访问: https://resend-zone-cross.ngrok-free.dev/monitor

✅ Serenity 看板已启动
   手机访问: https://resend-zone-cross.ngrok-free.dev/monitor

✅ Serenity 看板已启动
   手机访问: https://resend-zone-cross.ngrok-free.dev/monitor

✅ Serenity 看板已启动
   手机访问: https://resend-zone-cross.ngrok-free.dev/monitor

✅ Serenity 看板已启动
   手机访问: https://resend-zone-cross.ngrok-free.dev/monitor

✅ Serenity 看板已启动
   手机访问: https://resend-zone-cross.ngrok-free.dev/monitor

✅ Serenity 看板已启动
   手机访问: https://resend-zone-cross.ngrok-free.dev/monitor

✅ Serenity 看板已启动
   手机访问: https://resend-zone-cross.ngrok-free.dev/monitor

✅ Serenity 看板已启动
   手机访问: https://resend-zone-cross.ngrok-free.dev/monitor

✅ Serenity 看板已启动
   手机访问: https://resend-zone-cross.ngrok-free.dev/monitor

✅ Serenity 看板已启动
   手机访问: https://resend-zone-cross.ngrok-free.dev/monitor

✅ Serenity 看板已启动
   手机访问: https://resend-zone-cross.ngrok-free.dev/monitor

✅ Serenity 看板已启动
   手机访问: https://resend-zone-cross.ngrok-free.dev/monitor

✅ Serenity 看板已启动
   手机访问: https://resend-zone-cross.ngrok-free.dev/monitor

✅ Serenity 看板已启动
   手机访问: https://resend-zone-cross.ngrok-free.dev/monitor

✅ Serenity 看板已启动
   手机访问: https://resend-zone-cross.ngrok-free.dev/monitor

✅ Serenity 看板已启动
   手机访问: https://resend-zone-cross.ngrok-free.dev/monitor

✅ Serenity 看板已启动
   手机访问: https://resend-zone-cross.ngrok-free.dev/monitor

✅ Serenity 看板已启动
   手机访问: https://resend-zone-cross.ngrok-free.dev/monitor

✅ Serenity 看板已启动
   手机访问: https://resend-zone-cross.ngrok-free.dev/monitor

✅ Serenity 看板已启动
   手机访问: https://resend-zone-cross.ngrok-free.dev/monitor

✅ Serenity 看板已启动
   手机访问: https://resend-zone-cross.ngrok-free.dev/monitor

✅ Serenity 看板已启动
   手机访问: https://resend-zone-cross.ngrok-free.dev/monitor

✅ Serenity 看板已启动
   手机访问: https://resend-zone-cross.ngrok-free.dev/monitor

✅ Serenity 看板已启动
   手机访问: https://resend-zone-cross.ngrok-free.dev/monitor

✅ Serenity 看板已启动
   手机访问: https://resend-zone-cross.ngrok-free.dev/monitor

✅ Serenity 看板已启动
   手机访问: https://resend-zone-cross.ngrok-free.dev/monitor

✅ Serenity 看板已启动
   手机访问: https://resend-zone-cross.ngrok-free.dev/monitor

✅ Serenity 看板已启动
   手机访问: https://resend-zone-cross.ngrok-free.dev/monitor

✅ Serenity 看板已启动
   手机访问: https://resend-zone-cross.ngrok-free.dev/monitor

✅ Serenity 看板已启动
   手机访问: https://resend-zone-cross.ngrok-free.dev/monitor

✅ Serenity 看板已启动
   手机访问: https://resend-zone-cross.ngrok-free.dev/monitor

✅ Serenity 看板已启动
   手机访问: https://resend-zone-cross.ngrok-free.dev/monitor

✅ Serenity 看板已启动
   手机访问: https://resend-zone-cross.ngrok-free.dev/monitor

✅ Serenity 看板已启动
   手机访问: https://resend-zone-cross.ngrok-free.dev/monitor

✅ Serenity 看板已启动
   手机访问: https://resend-zone-cross.ngrok-free.dev/monitor

✅ Serenity 看板已启动
   手机访问: https://resend-zone-cross.ngrok-free.dev/monitor

✅ Serenity 看板已启动
   手机访问: https://resend-zone-cross.ngrok-free.dev/monitor

✅ Serenity 看板已启动
   手机访问: https://resend-zone-cross.ngrok-free.dev/monitor

✅ Serenity 看板已启动
   手机访问: https://resend-zone-cross.ngrok-free.dev/monitor

✅ Serenity 看板已启动
   手机访问: https://resend-zone-cross.ngrok-free.dev/monitor

✅ Serenity 看板已启动
   手机访问: https://resend-zone-cross.ngrok-free.dev/monitor

✅ Serenity 看板已启动
   手机访问: https://resend-zone-cross.ngrok-free.dev/monitor

✅ Serenity 看板已启动
   手机访问: https://resend-zone-cross.ngrok-free.dev/monitor

✅ Serenity 看板已启动
   手机访问: https://resend-zone-cross.ngrok-free.dev/monitor

✅ Serenity 看板已启动
   手机访问: https://resend-zone-cross.ngrok-free.dev/monitor

✅ Serenity 看板已启动
   手机访问: https://resend-zone-cross.ngrok-free.dev/monitor

✅ Serenity 看板已启动
   手机访问: https://resend-zone-cross.ngrok-free.dev/monitor

✅ Serenity 看板已启动
   手机访问: https://resend-zone-cross.ngrok-free.dev/monitor

✅ Serenity 看板已启动
   手机访问: https://resend-zone-cross.ngrok-free.dev/monitor

✅ Serenity 看板已启动
   手机访问: https://resend-zone-cross.ngrok-free.dev/monitor

✅ Serenity 看板已启动
   手机访问: https://resend-zone-cross.ngrok-free.dev/monitor

✅ Serenity 看板已启动
   手机访问: https://resend-zone-cross.ngrok-free.dev/monitor

✅ Serenity 看板已启动
   手机访问: https://resend-zone-cross.ngrok-free.dev/monitor

✅ Serenity 看板已启动
   手机访问: https://resend-zone-cross.ngrok-free.dev/monitor

✅ Serenity 看板已启动
   手机访问: https://resend-zone-cross.ngrok-free.dev/monitor

✅ Serenity 看板已启动
   手机访问: https://resend-zone-cross.ngrok-free.dev/monitor

✅ Serenity 看板已启动
   手机访问: https://resend-zone-cross.ngrok-free.dev/monitor

✅ Serenity 看板已启动
   手机访问: https://resend-zone-cross.ngrok-free.dev/monitor

✅ Serenity 看板已启动
   手机访问: https://resend-zone-cross.ngrok-free.dev/monitor

✅ Serenity 看板已启动
   手机访问: https://resend-zone-cross.ngrok-free.dev/monitor

✅ Serenity 看板已启动
   手机访问: https://resend-zone-cross.ngrok-free.dev/monitor

✅ Serenity 看板已启动
   手机访问: https://resend-zone-cross.ngrok-free.dev/monitor

✅ Serenity 看板已启动
   手机访问: https://resend-zone-cross.ngrok-free.dev/monitor

✅ Serenity 看板已启动
   手机访问: https://resend-zone-cross.ngrok-free.dev/monitor

✅ Serenity 看板已启动
   手机访问: https://resend-zone-cross.ngrok-free.dev/monitor

✅ Serenity 看板已启动
   手机访问: https://resend-zone-cross.ngrok-free.dev/monitor

✅ Serenity 看板已启动
   手机访问: https://resend-zone-cross.ngrok-free.dev/monitor

✅ Serenity 看板已启动
   手机访问: https://resend-zone-cross.ngrok-free.dev/monitor

✅ Serenity 看板已启动
   手机访问: https://resend-zone-cross.ngrok-free.dev/monitor

✅ Serenity 看板已启动
   手机访问: https://resend-zone-cross.ngrok-free.dev/monitor

✅ Serenity 看板已启动
   手机访问: https://resend-zone-cross.ngrok-free.dev/monitor

✅ Serenity 看板已启动
   手机访问: https://resend-zone-cross.ngrok-free.dev/monitor

✅ Serenity 看板已启动
   手机访问: https://resend-zone-cross.ngrok-free.dev/monitor

✅ Serenity 看板已启动
   手机访问: https://resend-zone-cross.ngrok-free.dev/monitor

✅ Serenity 看板已启动
   手机访问: https://resend-zone-cross.ngrok-free.dev/monitor

✅ Serenity 看板已启动
   手机访问: https://resend-zone-cross.ngrok-free.dev/monitor

✅ Serenity 看板已启动
   手机访问: https://resend-zone-cross.ngrok-free.dev/monitor

✅ Serenity 看板已启动
   手机访问: https://resend-zone-cross.ngrok-free.dev/monitor

✅ Serenity 看板已启动
   手机访问: https://resend-zone-cross.ngrok-free.dev/monitor

✅ Serenity 看板已启动
   手机访问: https://resend-zone-cross.ngrok-free.dev/monitor

✅ Serenity 看板已启动
   手机访问: https://resend-zone-cross.ngrok-free.dev/monitor

✅ Serenity 看板已启动
   手机访问: https://resend-zone-cross.ngrok-free.dev/monitor

✅ Serenity 看板已启动
   手机访问: https://resend-zone-cross.ngrok-free.dev/monitor

✅ Serenity 看板已启动
   手机访问: https://resend-zone-cross.ngrok-free.dev/monitor

✅ Serenity 看板已启动
   手机访问: https://resend-zone-cross.ngrok-free.dev/monitor

✅ Serenity 看板已启动
   手机访问: https://resend-zone-cross.ngrok-free.dev/monitor

✅ Serenity 看板已启动
   手机访问: https://resend-zone-cross.ngrok-free.dev/monitor

✅ Serenity 看板已启动
   手机访问: https://resend-zone-cross.ngrok-free.dev/monitor

✅ Serenity 看板已启动
   手机访问: https://resend-zone-cross.ngrok-free.dev/monitor

✅ Serenity 看板已启动
   手机访问: https://resend-zone-cross.ngrok-free.dev/monitor

✅ Serenity 看板已启动
   手机访问: https://resend-zone-cross.ngrok-free.dev/monitor

✅ Serenity 看板已启动
   手机访问: https://resend-zone-cross.ngrok-free.dev/monitor

✅ Serenity 看板已启动
   手机访问: https://resend-zone-cross.ngrok-free.dev/monitor

✅ Serenity 看板已启动
   手机访问: https://resend-zone-cross.ngrok-free.dev/monitor

✅ Serenity 看板已启动
   手机访问: https://resend-zone-cross.ngrok-free.dev/monitor

✅ Serenity 看板已启动
   手机访问: https://resend-zone-cross.ngrok-free.dev/monitor

✅ Serenity 看板已启动
   手机访问: https://resend-zone-cross.ngrok-free.dev/monitor

✅ Serenity 看板已启动
   手机访问: https://resend-zone-cross.ngrok-free.dev/monitor

✅ Serenity 看板已启动
   手机访问: https://resend-zone-cross.ngrok-free.dev/monitor

✅ Serenity 看板已启动
   手机访问: https://resend-zone-cross.ngrok-free.dev/monitor

✅ Serenity 看板已启动
   手机访问: https://resend-zone-cross.ngrok-free.dev/monitor

✅ Serenity 看板已启动
   手机访问: https://resend-zone-cross.ngrok-free.dev/monitor

✅ Serenity 看板已启动
   手机访问: https://resend-zone-cross.ngrok-free.dev/monitor

✅ Serenity 看板已启动
   手机访问: https://resend-zone-cross.ngrok-free.dev/monitor

✅ Serenity 看板已启动
   手机访问: https://resend-zone-cross.ngrok-free.dev/monitor

✅ Serenity 看板已启动
   手机访问: https://resend-zone-cross.ngrok-free.dev/monitor

✅ Serenity 看板已启动
   手机访问: https://resend-zone-cross.ngrok-free.dev/monitor

✅ Serenity 看板已启动
   手机访问: https://resend-zone-cross.ngrok-free.dev/monitor

✅ Serenity 看板已启动
   手机访问: https://resend-zone-cross.ngrok-free.dev/monitor

✅ Serenity 看板已启动
   手机访问: https://resend-zone-cross.ngrok-free.dev/monitor

✅ Serenity 看板已启动
   手机访问: https://resend-zone-cross.ngrok-free.dev/monitor

✅ Serenity 看板已启动
   手机访问: https://resend-zone-cross.ngrok-free.dev/monitor

✅ Serenity 看板已启动
   手机访问: https://resend-zone-cross.ngrok-free.dev/monitor

✅ Serenity 看板已启动
   手机访问: https://resend-zone-cross.ngrok-free.dev/monitor

✅ Serenity 看板已启动
   手机访问: https://resend-zone-cross.ngrok-free.dev/monitor

✅ Serenity 看板已启动
   手机访问: https://resend-zone-cross.ngrok-free.dev/monitor

✅ Serenity 看板已启动
   手机访问: https://resend-zone-cross.ngrok-free.dev/monitor

✅ Serenity 看板已启动
   手机访问: https://resend-zone-cross.ngrok-free.dev/monitor

✅ Serenity 看板已启动
   手机访问: https://resend-zone-cross.ngrok-free.dev/monitor

✅ Serenity 看板已启动
   手机访问: https://resend-zone-cross.ngrok-free.dev/monitor

✅ Serenity 看板已启动
   手机访问: https://resend-zone-cross.ngrok-free.dev/monitor

✅ Serenity 看板已启动
   手机访问: https://resend-zone-cross.ngrok-free.dev/monitor

✅ Serenity 看板已启动
   手机访问: https://resend-zone-cross.ngrok-free.dev/monitor

✅ Serenity 看板已启动
   手机访问: https://resend-zone-cross.ngrok-free.dev/monitor

✅ Serenity 看板已启动
   手机访问: https://resend-zone-cross.ngrok-free.dev/monitor

✅ Serenity 看板已启动
   手机访问: https://resend-zone-cross.ngrok-free.dev/monitor

✅ Serenity 看板已启动
   手机访问: https://resend-zone-cross.ngrok-free.dev/monitor

✅ Serenity 看板已启动
   手机访问: https://resend-zone-cross.ngrok-free.dev/monitor

✅ Serenity 看板已启动
   手机访问: https://resend-zone-cross.ngrok-free.dev/monitor

✅ Serenity 看板已启动
   手机访问: https://resend-zone-cross.ngrok-free.dev/monitor

✅ Serenity 看板已启动
   手机访问: https://resend-zone-cross.ngrok-free.dev/monitor

✅ Serenity 看板已启动
   手机访问: https://resend-zone-cross.ngrok-free.dev/monitor

✅ Serenity 看板已启动
   手机访问: https://resend-zone-cross.ngrok-free.dev/monitor

✅ Serenity 看板已启动
   手机访问: https://resend-zone-cross.ngrok-free.dev/monitor

✅ Serenity 看板已启动
   手机访问: https://resend-zone-cross.ngrok-free.dev/monitor

✅ Serenity 看板已启动
   手机访问: https://resend-zone-cross.ngrok-free.dev/monitor

✅ Serenity 看板已启动
   手机访问: https://resend-zone-cross.ngrok-free.dev/monitor

✅ Serenity 看板已启动
   手机访问: https://resend-zone-cross.ngrok-free.dev/monitor

✅ Serenity 看板已启动
   手机访问: https://resend-zone-cross.ngrok-free.dev/monitor

✅ Serenity 看板已启动
   手机访问: https://resend-zone-cross.ngrok-free.dev/monitor

✅ Serenity 看板已启动
   手机访问: https://resend-zone-cross.ngrok-free.dev/monitor

✅ Serenity 看板已启动
   手机访问: https://resend-zone-cross.ngrok-free.dev/monitor

✅ Serenity 看板已启动
   手机访问: https://resend-zone-cross.ngrok-free.dev/monitor

✅ Serenity 看板已启动
   手机访问: https://resend-zone-cross.ngrok-free.dev/monitor

✅ Serenity 看板已启动
   手机访问: https://resend-zone-cross.ngrok-free.dev/monitor

✅ Serenity 看板已启动
   手机访问: https://resend-zone-cross.ngrok-free.dev/monitor

✅ Serenity 看板已启动
   手机访问: https://resend-zone-cross.ngrok-free.dev/monitor

✅ Serenity 看板已启动
   手机访问: https://resend-zone-cross.ngrok-free.dev/monitor

✅ Serenity 看板已启动
   手机访问: https://resend-zone-cross.ngrok-free.dev/monitor

✅ Serenity 看板已启动
   手机访问: https://resend-zone-cross.ngrok-free.dev/monitor

✅ Serenity 看板已启动
   手机访问: https://resend-zone-cross.ngrok-free.dev/monitor

✅ Serenity 看板已启动
   手机访问: https://resend-zone-cross.ngrok-free.dev/monitor

✅ Serenity 看板已启动
   手机访问: https://resend-zone-cross.ngrok-free.dev/monitor

✅ Serenity 看板已启动
   手机访问: https://resend-zone-cross.ngrok-free.dev/monitor

✅ Serenity 看板已启动
   手机访问: https://resend-zone-cross.ngrok-free.dev/monitor

✅ Serenity 看板已启动
   手机访问: https://resend-zone-cross.ngrok-free.dev/monitor

✅ Serenity 看板已启动
   手机访问: https://resend-zone-cross.ngrok-free.dev/monitor

✅ Serenity 看板已启动
   手机访问: https://resend-zone-cross.ngrok-free.dev/monitor

✅ Serenity 看板已启动
   手机访问: https://resend-zone-cross.ngrok-free.dev/monitor

✅ Serenity 看板已启动
   手机访问: https://resend-zone-cross.ngrok-free.dev/monitor

✅ Serenity 看板已启动
   手机访问: https://resend-zone-cross.ngrok-free.dev/monitor

✅ Serenity 看板已启动
   手机访问: https://resend-zone-cross.ngrok-free.dev/monitor

✅ Serenity 看板已启动
   手机访问: https://resend-zone-cross.ngrok-free.dev/monitor

✅ Serenity 看板已启动
   手机访问: https://resend-zone-cross.ngrok-free.dev/monitor

✅ Serenity 看板已启动
   手机访问: https://resend-zone-cross.ngrok-free.dev/monitor

✅ Serenity 看板已启动
   手机访问: https://resend-zone-cross.ngrok-free.dev/monitor

✅ Serenity 看板已启动
   手机访问: https://resend-zone-cross.ngrok-free.dev/monitor

✅ Serenity 看板已启动
   手机访问: https://resend-zone-cross.ngrok-free.dev/monitor

✅ Serenity 看板已启动
   手机访问: https://resend-zone-cross.ngrok-free.dev/monitor

✅ Serenity 看板已启动
   手机访问: https://resend-zone-cross.ngrok-free.dev/monitor

✅ Serenity 看板已启动
   手机访问: https://resend-zone-cross.ngrok-free.dev/monitor

✅ Serenity 看板已启动
   手机访问: https://resend-zone-cross.ngrok-free.dev/monitor

✅ Serenity 看板已启动
   手机访问: https://resend-zone-cross.ngrok-free.dev/monitor

✅ Serenity 看板已启动
   手机访问: https://resend-zone-cross.ngrok-free.dev/monitor

✅ Serenity 看板已启动
   手机访问: https://resend-zone-cross.ngrok-free.dev/monitor

✅ Serenity 看板已启动
   手机访问: https://resend-zone-cross.ngrok-free.dev/monitor

✅ Serenity 看板已启动
   手机访问: https://resend-zone-cross.ngrok-free.dev/monitor

✅ Serenity 看板已启动
   手机访问: https://resend-zone-cross.ngrok-free.dev/monitor

✅ Serenity 看板已启动
   手机访问: https://resend-zone-cross.ngrok-free.dev/monitor

✅ Serenity 看板已启动
   手机访问: https://resend-zone-cross.ngrok-free.dev/monitor

✅ Serenity 看板已启动
   手机访问: https://resend-zone-cross.ngrok-free.dev/monitor

✅ Serenity 看板已启动
   手机访问: https://resend-zone-cross.ngrok-free.dev/monitor

✅ Serenity 看板已启动
   手机访问: https://resend-zone-cross.ngrok-free.dev/monitor

✅ Serenity 看板已启动
   手机访问: https://resend-zone-cross.ngrok-free.dev/monitor

✅ Serenity 看板已启动
   手机访问: https://resend-zone-cross.ngrok-free.dev/monitor

✅ Serenity 看板已启动
   手机访问: https://resend-zone-cross.ngrok-free.dev/monitor

✅ Serenity 看板已启动
   手机访问: https://resend-zone-cross.ngrok-free.dev/monitor

✅ Serenity 看板已启动
   手机访问: https://resend-zone-cross.ngrok-free.dev/monitor

✅ Serenity 看板已启动
   手机访问: https://resend-zone-cross.ngrok-free.dev/monitor

✅ Serenity 看板已启动
   手机访问: https://resend-zone-cross.ngrok-free.dev/monitor

✅ Serenity 看板已启动
   手机访问: https://resend-zone-cross.ngrok-free.dev/monitor

✅ Serenity 看板已启动
   手机访问: https://resend-zone-cross.ngrok-free.dev/monitor

✅ Serenity 看板已启动
   手机访问: https://resend-zone-cross.ngrok-free.dev/monitor

✅ Serenity 看板已启动
   手机访问: https://resend-zone-cross.ngrok-free.dev/monitor

✅ Serenity 看板已启动
   手机访问: https://resend-zone-cross.ngrok-free.dev/monitor

✅ Serenity 看板已启动
   手机访问: https://resend-zone-cross.ngrok-free.dev/monitor

✅ Serenity 看板已启动
   手机访问: https://resend-zone-cross.ngrok-free.dev/monitor

✅ Serenity 看板已启动
   手机访问: https://resend-zone-cross.ngrok-free.dev/monitor

✅ Serenity 看板已启动
   手机访问: https://resend-zone-cross.ngrok-free.dev/monitor

✅ Serenity 看板已启动
   手机访问: https://resend-zone-cross.ngrok-free.dev/monitor

✅ Serenity 看板已启动
   手机访问: https://resend-zone-cross.ngrok-free.dev/monitor

✅ Serenity 看板已启动
   手机访问: https://resend-zone-cross.ngrok-free.dev/monitor

✅ Serenity 看板已启动
   手机访问: https://resend-zone-cross.ngrok-free.dev/monitor

✅ Serenity 看板已启动
   手机访问: https://resend-zone-cross.ngrok-free.dev/monitor

✅ Serenity 看板已启动
   手机访问: https://resend-zone-cross.ngrok-free.dev/monitor

✅ Serenity 看板已启动
   手机访问: https://resend-zone-cross.ngrok-free.dev/monitor

✅ Serenity 看板已启动
   手机访问: https://resend-zone-cross.ngrok-free.dev/monitor

✅ Serenity 看板已启动
   手机访问: https://resend-zone-cross.ngrok-free.dev/monitor

✅ Serenity 看板已启动
   手机访问: https://resend-zone-cross.ngrok-free.dev/monitor

✅ Serenity 看板已启动
   手机访问: https://resend-zone-cross.ngrok-free.dev/monitor

✅ Serenity 看板已启动
   手机访问: https://resend-zone-cross.ngrok-free.dev/monitor

✅ Serenity 看板已启动
   手机访问: https://resend-zone-cross.ngrok-free.dev/monitor

✅ Serenity 看板已启动
   手机访问: https://resend-zone-cross.ngrok-free.dev/monitor

✅ Serenity 看板已启动
   手机访问: https://resend-zone-cross.ngrok-free.dev/monitor

✅ Serenity 看板已启动
   手机访问: https://resend-zone-cross.ngrok-free.dev/monitor

✅ Serenity 看板已启动
   手机访问: https://resend-zone-cross.ngrok-free.dev/monitor

✅ Serenity 看板已启动
   手机访问: https://resend-zone-cross.ngrok-free.dev/monitor

✅ Serenity 看板已启动
   手机访问: https://resend-zone-cross.ngrok-free.dev/monitor

✅ Serenity 看板已启动
   手机访问: https://resend-zone-cross.ngrok-free.dev/monitor

✅ Serenity 看板已启动
   手机访问: https://resend-zone-cross.ngrok-free.dev/monitor

✅ Serenity 看板已启动
   手机访问: https://resend-zone-cross.ngrok-free.dev/monitor

✅ Serenity 看板已启动
   手机访问: https://resend-zone-cross.ngrok-free.dev/monitor

✅ Serenity 看板已启动
   手机访问: https://resend-zone-cross.ngrok-free.dev/monitor

✅ Serenity 看板已启动
   手机访问: https://resend-zone-cross.ngrok-free.dev/monitor

✅ Serenity 看板已启动
   手机访问: https://resend-zone-cross.ngrok-free.dev/monitor

✅ Serenity 看板已启动
   手机访问: https://resend-zone-cross.ngrok-free.dev/monitor

✅ Serenity 看板已启动
   手机访问: https://resend-zone-cross.ngrok-free.dev/monitor

✅ Serenity 看板已启动
   手机访问: https://resend-zone-cross.ngrok-free.dev/monitor

✅ Serenity 看板已启动
   手机访问: https://resend-zone-cross.ngrok-free.dev/monitor

✅ Serenity 看板已启动
   手机访问: https://resend-zone-cross.ngrok-free.dev/monitor

✅ Serenity 看板已启动
   手机访问: https://resend-zone-cross.ngrok-free.dev/monitor

✅ Serenity 看板已启动
   手机访问: https://resend-zone-cross.ngrok-free.dev/monitor

✅ Serenity 看板已启动
   手机访问: https://resend-zone-cross.ngrok-free.dev/monitor

✅ Serenity 看板已启动
   手机访问: https://resend-zone-cross.ngrok-free.dev/monitor

✅ Serenity 看板已启动
   手机访问: https://resend-zone-cross.ngrok-free.dev/monitor

✅ Serenity 看板已启动
   手机访问: https://resend-zone-cross.ngrok-free.dev/monitor

✅ Serenity 看板已启动
   手机访问: https://resend-zone-cross.ngrok-free.dev/monitor

✅ Serenity 看板已启动
   手机访问: https://resend-zone-cross.ngrok-free.dev/monitor

✅ Serenity 看板已启动
   手机访问: https://resend-zone-cross.ngrok-free.dev/monitor

✅ Serenity 看板已启动
   手机访问: https://resend-zone-cross.ngrok-free.dev/monitor

✅ Serenity 看板已启动
   手机访问: https://resend-zone-cross.ngrok-free.dev/monitor

✅ Serenity 看板已启动
   手机访问: https://resend-zone-cross.ngrok-free.dev/monitor

✅ Serenity 看板已启动
   手机访问: https://resend-zone-cross.ngrok-free.dev/monitor

✅ Serenity 看板已启动
   手机访问: https://resend-zone-cross.ngrok-free.dev/monitor

✅ Serenity 看板已启动
   手机访问: https://resend-zone-cross.ngrok-free.dev/monitor

✅ Serenity 看板已启动
   手机访问: https://resend-zone-cross.ngrok-free.dev/monitor

✅ Serenity 看板已启动
   手机访问: https://resend-zone-cross.ngrok-free.dev/monitor

✅ Serenity 看板已启动
   手机访问: https://resend-zone-cross.ngrok-free.dev/monitor

✅ Serenity 看板已启动
   手机访问: https://resend-zone-cross.ngrok-free.dev/monitor

✅ Serenity 看板已启动
   手机访问: https://resend-zone-cross.ngrok-free.dev/monitor

✅ Serenity 看板已启动
   手机访问: https://resend-zone-cross.ngrok-free.dev/monitor

✅ Serenity 看板已启动
   手机访问: https://resend-zone-cross.ngrok-free.dev/monitor

✅ Serenity 看板已启动
   手机访问: https://resend-zone-cross.ngrok-free.dev/monitor

✅ Serenity 看板已启动
   手机访问: https://resend-zone-cross.ngrok-free.dev/monitor

✅ Serenity 看板已启动
   手机访问: https://resend-zone-cross.ngrok-free.dev/monitor

✅ Serenity 看板已启动
   手机访问: https://resend-zone-cross.ngrok-free.dev/monitor

✅ Serenity 看板已启动
   手机访问: https://resend-zone-cross.ngrok-free.dev/monitor

✅ Serenity 看板已启动
   手机访问: https://resend-zone-cross.ngrok-free.dev/monitor

✅ Serenity 看板已启动
   手机访问: https://resend-zone-cross.ngrok-free.dev/monitor

✅ Serenity 看板已启动
   手机访问: https://resend-zone-cross.ngrok-free.dev/monitor

✅ Serenity 看板已启动
   手机访问: https://resend-zone-cross.ngrok-free.dev/monitor

✅ Serenity 看板已启动
   手机访问: https://resend-zone-cross.ngrok-free.dev/monitor

✅ Serenity 看板已启动
   手机访问: https://resend-zone-cross.ngrok-free.dev/monitor

✅ Serenity 看板已启动
   手机访问: https://resend-zone-cross.ngrok-free.dev/monitor

✅ Serenity 看板已启动
   手机访问: https://resend-zone-cross.ngrok-free.dev/monitor

✅ Serenity 看板已启动
   手机访问: https://resend-zone-cross.ngrok-free.dev/monitor

✅ Serenity 看板已启动
   手机访问: https://resend-zone-cross.ngrok-free.dev/monitor

✅ Serenity 看板已启动
   手机访问: https://resend-zone-cross.ngrok-free.dev/monitor

✅ Serenity 看板已启动
   手机访问: https://resend-zone-cross.ngrok-free.dev/monitor

✅ Serenity 看板已启动
   手机访问: https://resend-zone-cross.ngrok-free.dev/monitor

✅ Serenity 看板已启动
   手机访问: https://resend-zone-cross.ngrok-free.dev/monitor

✅ Serenity 看板已启动
   手机访问: https://resend-zone-cross.ngrok-free.dev/monitor

✅ Serenity 看板已启动
   手机访问: https://resend-zone-cross.ngrok-free.dev/monitor

✅ Serenity 看板已启动
   手机访问: https://resend-zone-cross.ngrok-free.dev/monitor

✅ Serenity 看板已启动
   手机访问: https://resend-zone-cross.ngrok-free.dev/monitor

✅ Serenity 看板已启动
   手机访问: https://resend-zone-cross.ngrok-free.dev/monitor

✅ Serenity 看板已启动
   手机访问: https://resend-zone-cross.ngrok-free.dev/monitor

✅ Serenity 看板已启动
   手机访问: https://resend-zone-cross.ngrok-free.dev/monitor

✅ Serenity 看板已启动
   手机访问: https://resend-zone-cross.ngrok-free.dev/monitor

✅ Serenity 看板已启动
   手机访问: https://resend-zone-cross.ngrok-free.dev/monitor

✅ Serenity 看板已启动
   手机访问: https://resend-zone-cross.ngrok-free.dev/monitor

✅ Serenity 看板已启动
   手机访问: https://resend-zone-cross.ngrok-free.dev/monitor

✅ Serenity 看板已启动
   手机访问: https://resend-zone-cross.ngrok-free.dev/monitor

✅ Serenity 看板已启动
   手机访问: https://resend-zone-cross.ngrok-free.dev/monitor

✅ Serenity 看板已启动
   手机访问: https://resend-zone-cross.ngrok-free.dev/monitor

✅ Serenity 看板已启动
   手机访问: https://resend-zone-cross.ngrok-free.dev/monitor

✅ Serenity 看板已启动
   手机访问: https://resend-zone-cross.ngrok-free.dev/monitor

✅ Serenity 看板已启动
   手机访问: https://resend-zone-cross.ngrok-free.dev/monitor

✅ Serenity 看板已启动
   手机访问: https://resend-zone-cross.ngrok-free.dev/monitor

✅ Serenity 看板已启动
   手机访问: https://resend-zone-cross.ngrok-free.dev/monitor

✅ Serenity 看板已启动
   手机访问: https://resend-zone-cross.ngrok-free.dev/monitor

✅ Serenity 看板已启动
   手机访问: https://resend-zone-cross.ngrok-free.dev/monitor

✅ Serenity 看板已启动
   手机访问: https://resend-zone-cross.ngrok-free.dev/monitor

✅ Serenity 看板已启动
   手机访问: https://resend-zone-cross.ngrok-free.dev/monitor

✅ Serenity 看板已启动
   手机访问: https://resend-zone-cross.ngrok-free.dev/monitor

✅ Serenity 看板已启动
   手机访问: https://resend-zone-cross.ngrok-free.dev/monitor

✅ Serenity 看板已启动
   手机访问: https://resend-zone-cross.ngrok-free.dev/monitor

✅ Serenity 看板已启动
   手机访问: https://resend-zone-cross.ngrok-free.dev/monitor

✅ Serenity 看板已启动
   手机访问: https://resend-zone-cross.ngrok-free.dev/monitor

✅ Serenity 看板已启动
   手机访问: https://resend-zone-cross.ngrok-free.dev/monitor

✅ Serenity 看板已启动
   手机访问: https://resend-zone-cross.ngrok-free.dev/monitor

✅ Serenity 看板已启动
   手机访问: https://resend-zone-cross.ngrok-free.dev/monitor

✅ Serenity 看板已启动
   手机访问: https://resend-zone-cross.ngrok-free.dev/monitor

✅ Serenity 看板已启动
   手机访问: https://resend-zone-cross.ngrok-free.dev/monitor

✅ Serenity 看板已启动
   手机访问: https://resend-zone-cross.ngrok-free.dev/monitor

✅ Serenity 看板已启动
   手机访问: https://resend-zone-cross.ngrok-free.dev/monitor

✅ Serenity 看板已启动
   手机访问: https://resend-zone-cross.ngrok-free.dev/monitor

✅ Serenity 看板已启动
   手机访问: https://resend-zone-cross.ngrok-free.dev/monitor

✅ Serenity 看板已启动
   手机访问: https://resend-zone-cross.ngrok-free.dev/monitor

✅ Serenity 看板已启动
   手机访问: https://resend-zone-cross.ngrok-free.dev/monitor

✅ Serenity 看板已启动
   手机访问: https://resend-zone-cross.ngrok-free.dev/monitor

✅ Serenity 看板已启动
   手机访问: https://resend-zone-cross.ngrok-free.dev/monitor

✅ Serenity 看板已启动
   手机访问: https://resend-zone-cross.ngrok-free.dev/monitor

✅ Serenity 看板已启动
   手机访问: https://resend-zone-cross.ngrok-free.dev/monitor

✅ Serenity 看板已启动
   手机访问: https://resend-zone-cross.ngrok-free.dev/monitor

✅ Serenity 看板已启动
   手机访问: https://resend-zone-cross.ngrok-free.dev/monitor

✅ Serenity 看板已启动
   手机访问: https://resend-zone-cross.ngrok-free.dev/monitor

✅ Serenity 看板已启动
   手机访问: https://resend-zone-cross.ngrok-free.dev/monitor

✅ Serenity 看板已启动
   手机访问: https://resend-zone-cross.ngrok-free.dev/monitor

✅ Serenity 看板已启动
   手机访问: https://resend-zone-cross.ngrok-free.dev/monitor

✅ Serenity 看板已启动
   手机访问: https://resend-zone-cross.ngrok-free.dev/monitor

✅ Serenity 看板已启动
   手机访问: https://resend-zone-cross.ngrok-free.dev/monitor

✅ Serenity 看板已启动
   手机访问: https://resend-zone-cross.ngrok-free.dev/monitor

✅ Serenity 看板已启动
   手机访问: https://resend-zone-cross.ngrok-free.dev/monitor

✅ Serenity 看板已启动
   手机访问: https://resend-zone-cross.ngrok-free.dev/monitor

✅ Serenity 看板已启动
   手机访问: https://resend-zone-cross.ngrok-free.dev/monitor

✅ Serenity 看板已启动
   手机访问: https://resend-zone-cross.ngrok-free.dev/monitor

✅ Serenity 看板已启动
   手机访问: https://resend-zone-cross.ngrok-free.dev/monitor

✅ Serenity 看板已启动
   手机访问: https://resend-zone-cross.ngrok-free.dev/monitor

✅ Serenity 看板已启动
   手机访问: https://resend-zone-cross.ngrok-free.dev/monitor

✅ Serenity 看板已启动
   手机访问: https://resend-zone-cross.ngrok-free.dev/monitor

✅ Serenity 看板已启动
   手机访问: https://resend-zone-cross.ngrok-free.dev/monitor

✅ Serenity 看板已启动
   手机访问: https://resend-zone-cross.ngrok-free.dev/monitor

✅ Serenity 看板已启动
   手机访问: https://resend-zone-cross.ngrok-free.dev/monitor

✅ Serenity 看板已启动
   手机访问: https://resend-zone-cross.ngrok-free.dev/monitor

✅ Serenity 看板已启动
   手机访问: https://resend-zone-cross.ngrok-free.dev/monitor

✅ Serenity 看板已启动
   手机访问: https://resend-zone-cross.ngrok-free.dev/monitor

✅ Serenity 看板已启动
   手机访问: https://resend-zone-cross.ngrok-free.dev/monitor

✅ Serenity 看板已启动
   手机访问: https://resend-zone-cross.ngrok-free.dev/monitor

✅ Serenity 看板已启动
   手机访问: https://resend-zone-cross.ngrok-free.dev/monitor

✅ Serenity 看板已启动
   手机访问: https://resend-zone-cross.ngrok-free.dev/monitor
